ledger_id,biz_id,source_id,record_id,match_basis,name_in_scout,name_in_source,address_in_scout,address_in_source,address_level,confidence,decision,evidence_text,evidence_url,source_as_of
m-00001,biz-001,SBA-PPP-150K,9481018408,business group: single loan,A PLUS GENERAL CONTRACTORS INC.,A PLUS GENERAL CONTRACTORS INC.,,"11330 Knott St, Garden Grove 92841-1400",,high,grouped,1 loan(s) kept separately by loan number and draw,https://data.sba.gov/dataset/ppp-foia,2024-09-30
m-00002,biz-001,CSLB-MASTER,763154,name E on BUS-NAME-2,A PLUS GENERAL CONTRACTORS INC.,A PLUS HEATING & AIR CONDITIONING CO | A PLUS GENERAL CONTRACTORS INC,"11330 Knott St, Garden Grove 92841-1400","11330 KNOTT ST, GARDEN GROVE CA 92841",street,high,accepted,look up license #763154 at the evidence URL; IssueDate 1999-05-18; status CLEAR; classes B C10 C20 C36,https://www2.cslb.ca.gov/OnlineServices/CheckLicenseII/CheckLicense.aspx,Updated as of 10/4/2026 (latest LastUpdate in the file; the portal date was not provided)
m-00003,biz-002,SBA-PPP-150K,6968457304,business group: single loan,"AA ATLAS, INC.","AA ATLAS, INC.",,"17120 MARDA AVE, YORBA LINDA 92886-1720",,high,grouped,1 loan(s) kept separately by loan number and draw,https://data.sba.gov/dataset/ppp-foia,2024-09-30
m-00004,biz-002,CSLB-MASTER,739971,name E on BUS-NAME-2,"AA ATLAS, INC.",AA ATLAS PLUMBING HEATING & AIR CONDITIONING | AA ATLAS INC,"17120 MARDA AVE, YORBA LINDA 92886-1720","17120 MARDA AVE, YORBA LINDA CA 92886",street,high,accepted,look up license #739971 at the evidence URL; IssueDate 1997-08-29; status CLEAR; classes C20 C36,https://www2.cslb.ca.gov/OnlineServices/CheckLicenseII/CheckLicense.aspx,Updated as of 10/4/2026 (latest LastUpdate in the file; the portal date was not provided)
m-00005,biz-003,SBA-PPP-150K,3549287107,business group: single loan,ABSOLUTE AIRFLOW INC,ABSOLUTE AIRFLOW INC,,"14081 Willow Lane, WESTMINSTER 92683-3684",,high,grouped,1 loan(s) kept separately by loan number and draw,https://data.sba.gov/dataset/ppp-foia,2024-09-30
m-00006,biz-004,SBA-PPP-150K,3484528003,business group: single loan,AC ALL STAR,AC ALL STAR,,"2294 N. Batavia St. Ste B, ORANGE 92865-3106",,high,grouped,1 loan(s) kept separately by loan number and draw,https://data.sba.gov/dataset/ppp-foia,2024-09-30
m-00007,biz-005,SBA-PPP-150K,4230937703,business group: single loan,ACCUTHERM REFRIGERATION INC,ACCUTHERM REFRIGERATION INC,,"11264 MONARCH STREET SUITE A, GARDEN GROVE 92841",,high,grouped,1 loan(s) kept separately by loan number and draw,https://data.sba.gov/dataset/ppp-foia,2024-09-30
m-00008,biz-005,CSLB-MASTER,790424,name E on BusinessName,ACCUTHERM REFRIGERATION INC,ACCUTHERM REFRIGERATION INC,"11264 MONARCH STREET SUITE A, GARDEN GROVE 92841","11264 MONARCH STREET A, GARDEN GROVE CA 92841",street_loose,high,accepted,look up license #790424 at the evidence URL; IssueDate 2001-01-25; status CLEAR; classes C10 C20 C38,https://www2.cslb.ca.gov/OnlineServices/CheckLicenseII/CheckLicense.aspx,Updated as of 10/4/2026 (latest LastUpdate in the file; the portal date was not provided)
m-00009,biz-005,DOL-5500SF-2024,20250507124139NAL0010596721001|330931475-001,name E,ACCUTHERM REFRIGERATION INC,"ACCUTHERM REFRIGERATION, INC.","11264 MONARCH STREET SUITE A, GARDEN GROVE 92841","11264 MONARCH STREET, GARDEN GROVE CA 92841",street,high,accepted,"plan 2024-01-01..2024-12-31, filed 2025-05-07, active participants 39, codes 2A2E2G2J2T3D",https://www.askebsa.dol.gov/FOIA%20Files/2024/Latest/F_5500_SF_2024_Latest.zip,
m-00010,biz-005,DOL-5500SF-2023,20240322105905NAL0009442786001|330931475-001,name E,ACCUTHERM REFRIGERATION INC,"ACCUTHERM REFRIGERATION, INC.","11264 MONARCH STREET SUITE A, GARDEN GROVE 92841","11264 MONARCH STREET, GARDEN GROVE CA 92841",street,high,accepted,"plan 2023-01-01..2023-12-31, filed 2024-03-22, active participants 47, codes 2A2E2G2J2T3D",https://www.askebsa.dol.gov/FOIA%20Files/2023/Latest/F_5500_SF_2023_Latest.zip,
m-00011,biz-006,SBA-PPP-150K,9060337906,business group: single loan,ADAMS & ROBINSON ENTERPRISES,ADAMS & ROBINSON ENTERPRISES,,"16511 Burke Lane, huntington beach 92647-4537",,high,grouped,1 loan(s) kept separately by loan number and draw,https://data.sba.gov/dataset/ppp-foia,2024-09-30
m-00012,biz-006,CSLB-MASTER,697983,name E on BusinessName,ADAMS & ROBINSON ENTERPRISES,ADAMS & ROBINSON ENTERPRISES,"16511 Burke Lane, huntington beach 92647-4537","16511 BURKE LANE, HUNTINGTON BEACH CA 92647",street,high,accepted,look up license #697983 at the evidence URL; IssueDate 1994-10-27; status CLEAR; classes C20 C38,https://www2.cslb.ca.gov/OnlineServices/CheckLicenseII/CheckLicense.aspx,Updated as of 10/4/2026 (latest LastUpdate in the file; the portal date was not provided)
m-00013,biz-006,DOL-5500SF-2025,20260424083119NAL0011880866001|330047686-001,name E,ADAMS & ROBINSON ENTERPRISES,ADAMS & ROBINSON ENTERPRISES,"16511 Burke Lane, huntington beach 92647-4537","16511 BURKE LN, HUNTINGTON BEACH CA 926474537",street,high,accepted,"plan 2025-01-01..2025-12-31, filed 2026-04-24, active participants 16, codes 2E2F2G2J2K2S2T3D",https://www.askebsa.dol.gov/FOIA%20Files/2025/Latest/F_5500_SF_2025_Latest.zip,
m-00014,biz-006,DOL-5500SF-2024,20250409015841NAL0037914050001|330047686-001,name E,ADAMS & ROBINSON ENTERPRISES,ADAMS & ROBINSON ENTERPRISES,"16511 Burke Lane, huntington beach 92647-4537","16511 BURKE LN, HUNTINGTON BEACH CA 926474537",street,high,accepted,"plan 2024-01-01..2024-12-31, filed 2025-04-09, active participants 15, codes 2E2F2G2J2K2S2T3D",https://www.askebsa.dol.gov/FOIA%20Files/2024/Latest/F_5500_SF_2024_Latest.zip,
m-00015,biz-006,DOL-5500SF-2023,20240508224924NAL0035267440001|330047686-001,name E,ADAMS & ROBINSON ENTERPRISES,ADAMS & ROBINSON ENTERPRISES,"16511 Burke Lane, huntington beach 92647-4537","16511 BURKE LANE, HUNTINGTON BEACH CA 92647",street,high,accepted,"plan 2023-01-01..2023-12-31, filed 2024-05-08, active participants 16, codes 2E2F2G2J2K2T3D",https://www.askebsa.dol.gov/FOIA%20Files/2023/Latest/F_5500_SF_2023_Latest.zip,
m-00016,biz-007,SBA-PPP-150K,1142727107;8445048306,business group: same_name_same_street,"ADELPHIA, INC. | ADELPHIA INC.","ADELPHIA, INC. | ADELPHIA INC.",,"1702 W 5TH ST, SANTA ANA 92703-2899 | 1702 W 5th St, Santa Ana 92703-2906",,high,grouped,2 loan(s) kept separately by loan number and draw,https://data.sba.gov/dataset/ppp-foia,2024-09-30
m-00017,biz-007,CSLB-MASTER,677263,name E on BUS-NAME-2,"ADELPHIA, INC.",CHANDLER'S AIR CONDITIONING & REFRIGERATION | ADELPHIA INC,"1702 W 5TH ST, SANTA ANA 92703-2899","1702 W 5TH STREET, SANTA ANA CA 92703",street,high,accepted,look up license #677263 at the evidence URL; IssueDate 1993-09-16; status Susp - No Qualifier; classes B C10 C20 C38,https://www2.cslb.ca.gov/OnlineServices/CheckLicenseII/CheckLicense.aspx,Updated as of 10/4/2026 (latest LastUpdate in the file; the portal date was not provided)
m-00018,biz-007,DOL-5500SF-2025,20260924083714NAL0011250641001|330483251-001,name E,"ADELPHIA, INC.",ADELPHIA INC. DBA CHANDLERS AIR CONDITIONING & REFRIGERATION,"1702 W 5TH ST, SANTA ANA 92703-2899","1702 W 5TH STREET, SANTA ANA CA 927032906",street,high,accepted,"plan 2025-01-01..2025-12-31, filed 2026-09-24, active participants 36, codes 2F2G2J2K2T3D",https://www.askebsa.dol.gov/FOIA%20Files/2025/Latest/F_5500_SF_2025_Latest.zip,
m-00019,biz-007,DOL-5500SF-2024,20250714150853NAL0001683456001|330483251-001,name E,"ADELPHIA, INC.",ADELPHIA INC. DBA CHANDLERS AIR CONDITIONING & REFRIGERATION,"1702 W 5TH ST, SANTA ANA 92703-2899","1702 W 5TH STREET, SANTA ANA CA 927032906",street,high,accepted,"plan 2024-01-01..2024-12-31, filed 2025-07-14, active participants 38, codes 2F2G2J2K2T3D",https://www.askebsa.dol.gov/FOIA%20Files/2024/Latest/F_5500_SF_2024_Latest.zip,
m-00020,biz-007,DOL-5500SF-2023,20240716115447NAL0001525027001|330483251-001,name E,"ADELPHIA, INC.",ADELPHIA INC. DBA CHANDLERS AIR CONDITIONING & REFRIGERATION,"1702 W 5TH ST, SANTA ANA 92703-2899","1702 W 5TH STREET, SANTA ANA CA 927032906",street,high,accepted,"plan 2023-01-01..2023-12-31, filed 2024-07-16, active participants 33, codes 2F2G2J2K2T3D",https://www.askebsa.dol.gov/FOIA%20Files/2023/Latest/F_5500_SF_2023_Latest.zip,
m-00021,biz-008,SBA-PPP-150K,7792038706,business group: single loan,ADVANCE FIRE PROTECTION CO. INC.,ADVANCE FIRE PROTECTION CO. INC.,,"1451 W Lambert Rd, La Habra 90631-6502",,high,grouped,1 loan(s) kept separately by loan number and draw,https://data.sba.gov/dataset/ppp-foia,2024-09-30
m-00022,biz-008,CSLB-MASTER,259936,name E on BusinessName,ADVANCE FIRE PROTECTION CO. INC.,ADVANCE FIRE PROTECTION CO INC,"1451 W Lambert Rd, La Habra 90631-6502","1451 W LAMBERT RD, LA HABRA CA 90631",street,high,accepted,look up license #259936 at the evidence URL; IssueDate 1969-10-20; status CLEAR; classes C16,https://www2.cslb.ca.gov/OnlineServices/CheckLicenseII/CheckLicense.aspx,Updated as of 10/4/2026 (latest LastUpdate in the file; the portal date was not provided)
m-00023,biz-008,DOL-5500SF-2024,20251216091844NAL0001267811001|952590996-001,name E,ADVANCE FIRE PROTECTION CO. INC.,"ADVANCE FIRE PROTECTION CO., INC.","1451 W Lambert Rd, La Habra 90631-6502","1451 WEST LAMBERT ROAD, LA HABRA CA 906316502",street,high,accepted,"plan 2024-06-01..2025-05-31, filed 2025-12-16, active participants 20, codes 2E2F2G2J2K2T3D",https://www.askebsa.dol.gov/FOIA%20Files/2024/Latest/F_5500_SF_2024_Latest.zip,
m-00024,biz-008,DOL-5500SF-2023,20241211125642NAL0007080131001|952590996-001,name E,ADVANCE FIRE PROTECTION CO. INC.,"ADVANCE FIRE PROTECTION CO., INC.","1451 W Lambert Rd, La Habra 90631-6502","1451 WEST LAMBERT ROAD, LA HABRA CA 906316502",street,high,accepted,"plan 2023-06-01..2024-05-31, filed 2024-12-11, active participants 19, codes 2E2F2G2J2K2T3D",https://www.askebsa.dol.gov/FOIA%20Files/2023/Latest/F_5500_SF_2023_Latest.zip,
m-00025,biz-009,SBA-PPP-150K,7072817209,business group: single loan,"ADVANCED BACKFLOW ROOTING AND PLUMBING, INC.","ADVANCED BACKFLOW ROOTING AND PLUMBING, INC.",,"1401 N KRAEMER BLVD, ANAHEIM 92806-1405",,high,grouped,1 loan(s) kept separately by loan number and draw,https://data.sba.gov/dataset/ppp-foia,2024-09-30
m-00026,biz-010,SBA-PPP-150K,4403627703;1615588600,business group: same_name_same_zip,AIR FLOW MECHANICAL INCORPORATED | AIR FLOW MECHANICAL INC,AIR FLOW MECHANICAL INCORPORATED | AIR FLOW MECHANICAL INC,,"5120 E La Palma Ave Ste 203, Anaheim 92807-2091 | 5120 EAST LA PALMA AVE 203, ANAHEIM 92807",,high,grouped,2 loan(s) kept separately by loan number and draw,https://data.sba.gov/dataset/ppp-foia,2024-09-30
m-00027,biz-010,CSLB-MASTER,341410,name E on BusinessName,AIR FLOW MECHANICAL INCORPORATED,AIR FLOW MECHANICAL INC,"5120 EAST LA PALMA AVE 203, ANAHEIM 92807","5120 E LA PALMA #203, ANAHEIM CA 92807",street_loose,high,accepted,look up license #341410 at the evidence URL; IssueDate 1977-08-09; status CLEAR; classes C20,https://www2.cslb.ca.gov/OnlineServices/CheckLicenseII/CheckLicense.aspx,Updated as of 10/4/2026 (latest LastUpdate in the file; the portal date was not provided)
m-00028,biz-011,SBA-PPP-150K,2922668409,business group: single loan,AIRE RITE A/C & REFRIGERATION,AIRE RITE A/C & REFRIGERATION,,"15122 Bolsa Chica St, Huntington Beach 92649-1025",,high,grouped,1 loan(s) kept separately by loan number and draw,https://data.sba.gov/dataset/ppp-foia,2024-09-30
m-00029,biz-012,SBA-PPP-150K,3449947107,business group: single loan,AIRE-RITE AIR CONDITIONING,AIRE-RITE AIR CONDITIONING,,"15122 BOLSA CHICA ST, HUNTINGTON BEACH 92649-1025",,high,grouped,1 loan(s) kept separately by loan number and draw,https://data.sba.gov/dataset/ppp-foia,2024-09-30
m-00030,biz-013,SBA-PPP-150K,4440157202;5486978502,business group: same_name_same_street,"AIRTRONIX, INC. | AIRTRONIX INC.","AIRTRONIX, INC. | AIRTRONIX INC.",,"6 Foxglove Way, IRVINE 92612-2712 | 6 Foxglove Way, Irvine 92612-2712",,high,grouped,2 loan(s) kept separately by loan number and draw,https://data.sba.gov/dataset/ppp-foia,2024-09-30
m-00031,biz-014,SBA-PPP-150K,3965467700,business group: single loan,ALDOC INC,ALDOC INC,,"910 E. ORANGEFAIR LANE, ANAHEIM 92801",,high,grouped,1 loan(s) kept separately by loan number and draw,https://data.sba.gov/dataset/ppp-foia,2024-09-30
m-00032,biz-014,DOL-5500SF-2024,20251219152911NAL0006507217001|330744492-001,name E,ALDOC INC,ALDOC INC. DBA AMERICAN LEAK DETECTION OF ORANGE COUNTY,"910 E. ORANGEFAIR LANE, ANAHEIM 92801","910 E. ORANGEFAIR LANE, ANAHEIM CA 92801",street,high,accepted,"plan 2024-10-01..2025-09-30, filed 2025-12-19, active participants 57, codes 2F2G2J2K2R2T3D2E3H",https://www.askebsa.dol.gov/FOIA%20Files/2024/Latest/F_5500_SF_2024_Latest.zip,
m-00033,biz-014,DOL-5500SF-2023,20250123102244NAL0006520033001|330744492-001,name E,ALDOC INC,ALDOC INC. DBA AMERICAN LEAK DETECTION OF ORANGE COUNTY,"910 E. ORANGEFAIR LANE, ANAHEIM 92801","910 E. ORANGEFAIR LANE, ANAHEIM CA 92801",street,high,accepted,"plan 2023-10-01..2024-09-30, filed 2025-01-23, active participants 61, codes 2F2G2J2K2R2T3D2E3H",https://www.askebsa.dol.gov/FOIA%20Files/2023/Latest/F_5500_SF_2023_Latest.zip,
m-00034,biz-015,SBA-PPP-150K,5035257710,business group: single loan,ALICIA AIR CONDITIONING &AMP; HEATING INC,ALICIA AIR CONDITIONING &AMP; HEATING INC,,"26824 VISTA TER, LAKE FOREST 92630-8116",,high,grouped,1 loan(s) kept separately by loan number and draw,https://data.sba.gov/dataset/ppp-foia,2024-09-30
m-00035,biz-016,SBA-PPP-150K,3535747102,business group: single loan,"ALISO AIR, INC.","ALISO AIR, INC.",,"29736 Avenida De Las Banderas, Rancho Sta Margarita CA 92688-2615",,high,grouped,1 loan(s) kept separately by loan number and draw,https://data.sba.gov/dataset/ppp-foia,2024-09-30
m-00036,biz-016,CSLB-MASTER,526420,name E on BusinessName,"ALISO AIR, INC.",ALISO AIR INC,"29736 Avenida De Las Banderas, Rancho Sta Margarita CA 92688-2615","29736 AVENIDA DE LAS BANDERAS, RANCHO SANTA MARGARITA CA 92688",street,high,accepted,look up license #526420 at the evidence URL; IssueDate 1988-03-14; status CLEAR; classes B C20,https://www2.cslb.ca.gov/OnlineServices/CheckLicenseII/CheckLicense.aspx,Updated as of 10/4/2026 (latest LastUpdate in the file; the portal date was not provided)
m-00037,biz-016,DOL-5500SF-2025,20260909160931NAL0004434595001|330265447-001,name E,"ALISO AIR, INC.","ALISO AIR, INC.","29736 Avenida De Las Banderas, Rancho Sta Margarita CA 92688-2615","29736 AVENIDA DE LAS BANDERAS, RANCHO SANTA MARGARITA CA 92688",street,high,accepted,"plan 2025-01-01..2025-12-31, filed 2026-09-09, active participants 88, codes 2A2E2J2K2F2G3D",https://www.askebsa.dol.gov/FOIA%20Files/2025/Latest/F_5500_SF_2025_Latest.zip,
m-00038,biz-016,DOL-5500SF-2024,20251008175028NAL0009862640001|330265447-001,name E,"ALISO AIR, INC.","ALISO AIR, INC.","29736 Avenida De Las Banderas, Rancho Sta Margarita CA 92688-2615","29736 AVENIDA DE LAS BANDERAS, RANCHO SANTA MARGARITA CA 92688",street,high,accepted,"plan 2024-01-01..2024-12-31, filed 2025-10-08, active participants 100, codes 2A2E2J2K2F2G3D",https://www.askebsa.dol.gov/FOIA%20Files/2024/Latest/F_5500_SF_2024_Latest.zip,
m-00039,biz-016,DOL-5500SF-2023,20240927200259NAL0002589489001|330265447-001,name E,"ALISO AIR, INC.","ALISO AIR, INC.","29736 Avenida De Las Banderas, Rancho Sta Margarita CA 92688-2615","29736 AVENIDA DE LAS BANDERAS, RANCHO SANTA MARGARITA CA 92688",street,high,accepted,"plan 2023-01-01..2023-12-31, filed 2024-09-27, active participants 105, codes 2A2E2J2K2F2G2R3D",https://www.askebsa.dol.gov/FOIA%20Files/2023/Latest/F_5500_SF_2023_Latest.zip,
m-00040,biz-017,SBA-PPP-150K,2828817207,business group: single loan,ALL PURPOSE FIRE EXTINGUISHER CORP,ALL PURPOSE FIRE EXTINGUISHER CORP,,"25132 Tasman, LAGUNA HILLS 92653",,high,grouped,1 loan(s) kept separately by loan number and draw,https://data.sba.gov/dataset/ppp-foia,2024-09-30
m-00041,biz-018,SBA-PPP-150K,8593258301,business group: single loan,ALLIANCE HEATING & AIR CONDITIONING INC.,ALLIANCE HEATING & AIR CONDITIONING INC.,,"324 E Dyer Rd, Santa Ana 92707-3757",,high,grouped,1 loan(s) kept separately by loan number and draw,https://data.sba.gov/dataset/ppp-foia,2024-09-30
m-00042,biz-018,CSLB-MASTER,840838,name E on BusinessName,ALLIANCE HEATING & AIR CONDITIONING INC.,ALLIANCE HEATING AND AIR CONDITIONING INC,"324 E Dyer Rd, Santa Ana 92707-3757","3944 W SEGERSTROM AVENUE, SANTA ANA CA 92704",city,low,review,look up license #840838 at the evidence URL; IssueDate 2004-06-14; status CLEAR; classes C20,https://www2.cslb.ca.gov/OnlineServices/CheckLicenseII/CheckLicense.aspx,Updated as of 10/4/2026 (latest LastUpdate in the file; the portal date was not provided)
m-00043,biz-019,SBA-PPP-150K,8148837707,business group: single loan,ALLIANCE HEATING &AMP; AIR CONDITIONING INC.,ALLIANCE HEATING &AMP; AIR CONDITIONING INC.,,"324 DYER RD E, SANTA ANA 92707",,high,grouped,1 loan(s) kept separately by loan number and draw,https://data.sba.gov/dataset/ppp-foia,2024-09-30
m-00044,biz-020,SBA-PPP-150K,7175467105,business group: single loan,"ALPS AIR CONDITIONING & HEATING, INC.","ALPS AIR CONDITIONING & HEATING, INC.",,"1895 S Santa Cruz St, Anaheim 92805",,high,grouped,1 loan(s) kept separately by loan number and draw,https://data.sba.gov/dataset/ppp-foia,2024-09-30
m-00045,biz-020,CSLB-MASTER,667953,name E on BusinessName,"ALPS AIR CONDITIONING & HEATING, INC.",ALPS AIR CONDITIONING & HEATING INC,"1895 S Santa Cruz St, Anaheim 92805","1895 S SANTA CRUZ ST, ANAHEIM CA 92805",street,high,accepted,look up license #667953 at the evidence URL; IssueDate 1993-03-24; status CLEAR; classes C20,https://www2.cslb.ca.gov/OnlineServices/CheckLicenseII/CheckLicense.aspx,Updated as of 10/4/2026 (latest LastUpdate in the file; the portal date was not provided)
m-00046,biz-021,SBA-PPP-150K,6238497706,business group: single loan,ALTAIR SOLAR INC.,ALTAIR SOLAR INC.,,"15375 BARRANCA PKWY STE I104, IRVINE 92618-2210",,high,grouped,1 loan(s) kept separately by loan number and draw,https://data.sba.gov/dataset/ppp-foia,2024-09-30
m-00047,biz-021,DOL-5500SF-2024,20250717125632NAL0000308433001|471954745-001,name E,ALTAIR SOLAR INC.,ALTAIR SOLAR INC.,"15375 BARRANCA PKWY STE I104, IRVINE 92618-2210","15375 BARRANCA PARKWAY, I-104, IRVINE CA 92618",street_loose,high,accepted,"plan 2025-01-01..2025-07-02, filed 2025-07-17, active participants 0, codes 2E2F2G2J2K2T3D",https://www.askebsa.dol.gov/FOIA%20Files/2024/Latest/F_5500_SF_2024_Latest.zip,
m-00048,biz-021,DOL-5500SF-2024,20250715171547NAL0002398625001|471954745-001,name E,ALTAIR SOLAR INC.,ALTAIR SOLAR INC.,"15375 BARRANCA PKWY STE I104, IRVINE 92618-2210","15375 BARRANCA PARKWAY, I-104, IRVINE CA 92618",street_loose,high,accepted,"plan 2024-01-01..2024-12-31, filed 2025-07-15, active participants 0, codes 2E2F2G2J2T3D2K",https://www.askebsa.dol.gov/FOIA%20Files/2024/Latest/F_5500_SF_2024_Latest.zip,
m-00049,biz-021,DOL-5500SF-2023,20250715170839NAL0002395201001|471954745-001,name E,ALTAIR SOLAR INC.,ALTAIR SOLAR INC.,"15375 BARRANCA PKWY STE I104, IRVINE 92618-2210","15375 BARRANCA PARKWAY, I-104, IRVINE CA 92618",street_loose,high,accepted,"plan 2023-01-01..2023-12-31, filed 2025-07-15, active participants 5, codes 2E2F2G2J2T3D2K",https://www.askebsa.dol.gov/FOIA%20Files/2023/Latest/F_5500_SF_2023_Latest.zip,
m-00050,biz-022,SBA-PPP-150K,3637518710,business group: single loan,AMBIANCE HEATING AND AIR,AMBIANCE HEATING AND AIR,,"3028 LA AVE E, ANAHEIM 92806",,high,grouped,1 loan(s) kept separately by loan number and draw,https://data.sba.gov/dataset/ppp-foia,2024-09-30
m-00051,biz-023,SBA-PPP-150K,7304827702,business group: single loan,"AMBIANCE HEATING &AMP; AIR, INC.","AMBIANCE HEATING &AMP; AIR, INC.",,"3028 LA AVE E, ANAHEIM 92806",,high,grouped,1 loan(s) kept separately by loan number and draw,https://data.sba.gov/dataset/ppp-foia,2024-09-30
m-00052,biz-024,SBA-PPP-150K,3976217701;3380818808,business group: same_name_same_street,AMERI-CAL REPIPE AND PLUMBING INC,AMERI-CAL REPIPE AND PLUMBING INC,,"6900 KNOTT AVE SUITE J, BUENA PARK 90621 | 6900 Knott Ave Ste J, Buena Park 90621-4648",,high,grouped,2 loan(s) kept separately by loan number and draw,https://data.sba.gov/dataset/ppp-foia,2024-09-30
m-00053,biz-024,CSLB-MASTER,928649,name E on BusinessName,AMERI-CAL REPIPE AND PLUMBING INC,AMERI - CAL REPIPE AND PLUMBING INC | AMERI-CAL REPIPE AND PLUMBING INC,"6900 KNOTT AVE SUITE J, BUENA PARK 90621","6900 KNOTT AVE STE J, BUENA PARK CA 90621",street,high,accepted,look up license #928649 at the evidence URL; IssueDate 2009-02-10; status CLEAR; classes C10 C36,https://www2.cslb.ca.gov/OnlineServices/CheckLicenseII/CheckLicense.aspx,Updated as of 10/4/2026 (latest LastUpdate in the file; the portal date was not provided)
m-00054,biz-024,DOL-5500SF-2024,20251001183931NAL0006062131001|264007072-001,name E,AMERI-CAL REPIPE AND PLUMBING INC,"AMERI-CAL REPIPE AND PLUMBING, INC.","6900 KNOTT AVE SUITE J, BUENA PARK 90621","6900 KNOTT AVE., BUENA PARK CA 90621",street,high,accepted,"plan 2024-01-01..2024-12-31, filed 2025-10-01, active participants 8, codes 2F2G2J2K2T3D",https://www.askebsa.dol.gov/FOIA%20Files/2024/Latest/F_5500_SF_2024_Latest.zip,
m-00055,biz-024,DOL-5500SF-2023,20241002184351NAL0015818512001|264007072-001,name E,AMERI-CAL REPIPE AND PLUMBING INC,"AMERI-CAL REPIPE AND PLUMBING, INC.","6900 KNOTT AVE SUITE J, BUENA PARK 90621","6900 KNOTT AVE., BUENA PARK CA 90621",street,high,accepted,"plan 2023-01-01..2023-12-31, filed 2024-10-02, active participants 13, codes 2F2G2J2K2T3D",https://www.askebsa.dol.gov/FOIA%20Files/2023/Latest/F_5500_SF_2023_Latest.zip,
m-00056,biz-025,SBA-PPP-150K,9250607001,business group: single loan,"AMERICAN CONTRACTORS, INC.","AMERICAN CONTRACTORS, INC.",,"404 BLUERIDGE AVE, ORANGE 92865-4204",,high,grouped,1 loan(s) kept separately by loan number and draw,https://data.sba.gov/dataset/ppp-foia,2024-09-30
m-00057,biz-025,CSLB-MASTER,309863,name E on BusinessName,"AMERICAN CONTRACTORS, INC.",AMERICAN CONTRACTORS INC,"404 BLUERIDGE AVE, ORANGE 92865-4204","404 W BLUERIDGE AVENUE, ORANGE CA 928654204",street_loose,high,accepted,look up license #309863 at the evidence URL; IssueDate 1975-09-11; status CLEAR; classes C34 C36 C42,https://www2.cslb.ca.gov/OnlineServices/CheckLicenseII/CheckLicense.aspx,Updated as of 10/4/2026 (latest LastUpdate in the file; the portal date was not provided)
m-00058,biz-025,DOL-5500SF-2025,20260717121548NAL0008306034001|952887478-001,name E,"AMERICAN CONTRACTORS, INC.","AMERICAN CONTRACTORS, INC.","404 BLUERIDGE AVE, ORANGE 92865-4204","404 W BLUERIDGE AVE, ORANGE CA 92865",street,high,accepted,"plan 2025-01-01..2025-12-31, filed 2026-07-17, active participants 13, codes 2A2E2F2J2K2T3D",https://www.askebsa.dol.gov/FOIA%20Files/2025/Latest/F_5500_SF_2025_Latest.zip,
m-00059,biz-025,DOL-5500SF-2024,20260105101441NAL0007242912001|952887478-003,name E,"AMERICAN CONTRACTORS, INC.","AMERICAN CONTRACTORS, INC.","404 BLUERIDGE AVE, ORANGE 92865-4204","404 W BLUERIDGE AVE., ORANGE CA 92865",street,high,accepted,"plan 2024-04-01..2025-03-31, filed 2026-01-05, active participants 10, codes 2A2E2J2K2F2G3D",https://www.askebsa.dol.gov/FOIA%20Files/2024/Latest/F_5500_SF_2024_Latest.zip,
m-00060,biz-025,DOL-5500SF-2024,20250221102934NAL0014492770001|952887478-001,name E,"AMERICAN CONTRACTORS, INC.","AMERICAN CONTRACTORS, INC.","404 BLUERIDGE AVE, ORANGE 92865-4204","404 W BLUERIDGE AVE, ORANGE CA 92865",street,high,accepted,"plan 2024-01-01..2024-12-31, filed 2025-02-21, active participants 11, codes 2A2E2F2J2K2T3D",https://www.askebsa.dol.gov/FOIA%20Files/2024/Latest/F_5500_SF_2024_Latest.zip,
m-00061,biz-025,DOL-5500SF-2023,20250114114128NAL0019778641001|952887478-002,name E,"AMERICAN CONTRACTORS, INC.","AMERICAN CONTRACTORS, INC.","404 BLUERIDGE AVE, ORANGE 92865-4204","404 W. BLUERIDGE AVENUE, ORANGE CA 928654204",street,high,accepted,"plan 2023-04-01..2024-03-31, filed 2025-01-14, active participants 7, codes 1B1C3D1I",https://www.askebsa.dol.gov/FOIA%20Files/2023/Latest/F_5500_SF_2023_Latest.zip,
m-00062,biz-025,DOL-5500SF-2023,20250113093332NAL0037087282001|952887478-003,name E,"AMERICAN CONTRACTORS, INC.","AMERICAN CONTRACTORS, INC.","404 BLUERIDGE AVE, ORANGE 92865-4204","404 W BLUERIDGE AVE., ORANGE CA 92865",street,high,accepted,"plan 2023-04-01..2024-03-31, filed 2025-01-13, active participants 10, codes 2A2E2J2K2F2G3D",https://www.askebsa.dol.gov/FOIA%20Files/2023/Latest/F_5500_SF_2023_Latest.zip,
m-00063,biz-025,DOL-5500SF-2023,20240829121254NAL0007602403001|952887478-001,name E,"AMERICAN CONTRACTORS, INC.","AMERICAN CONTRACTORS, INC.","404 BLUERIDGE AVE, ORANGE 92865-4204","404 W BLUERIDGE AVE, ORANGE CA 92865",street,high,accepted,"plan 2023-01-01..2023-12-31, filed 2024-08-29, active participants 11, codes 2A2E2F2J2K2T3D",https://www.askebsa.dol.gov/FOIA%20Files/2023/Latest/F_5500_SF_2023_Latest.zip,
m-00064,biz-026,SBA-PPP-150K,9504359002,business group: single loan,AMERICAN COOLING TOWER INC.,AMERICAN COOLING TOWER INC.,,"3130 W Harvard St, Santa Ana 92704-3937",,high,grouped,1 loan(s) kept separately by loan number and draw,https://data.sba.gov/dataset/ppp-foia,2024-09-30
m-00065,biz-026,CSLB-MASTER,647390,name E on BusinessName,AMERICAN COOLING TOWER INC.,AMERICAN COOLING TOWER INC,"3130 W Harvard St, Santa Ana 92704-3937","3130 W HARVARD ST, SANTA ANA CA 92704",street,high,accepted,look up license #647390 at the evidence URL; IssueDate 1992-06-11; status CLEAR; classes A ASB B C20 D53,https://www2.cslb.ca.gov/OnlineServices/CheckLicenseII/CheckLicense.aspx,Updated as of 10/4/2026 (latest LastUpdate in the file; the portal date was not provided)
m-00066,biz-027,SBA-PPP-150K,5528978305,business group: single loan,ANAHEIM REFRIGERATION INC,ANAHEIM REFRIGERATION INC,,"3309 E Miraloma Ave Ste 101, Anaheim 92806-1942",,high,grouped,1 loan(s) kept separately by loan number and draw,https://data.sba.gov/dataset/ppp-foia,2024-09-30
m-00067,biz-027,CSLB-MASTER,578942,name E on BusinessName,ANAHEIM REFRIGERATION INC,ANAHEIM REFRIGERATION INC,"3309 E Miraloma Ave Ste 101, Anaheim 92806-1942","3309 E MIRALOMA AVE #101, ANAHEIM CA 92806",street,high,accepted,look up license #578942 at the evidence URL; IssueDate 1989-10-04; status CLEAR; classes C20 C38,https://www2.cslb.ca.gov/OnlineServices/CheckLicenseII/CheckLicense.aspx,Updated as of 10/4/2026 (latest LastUpdate in the file; the portal date was not provided)
m-00068,biz-027,DOL-5500SF-2025,20260716164057NAL0004739745001|262434253-002,name E,ANAHEIM REFRIGERATION INC,"ANAHEIM REFRIGERATION, INC.","3309 E Miraloma Ave Ste 101, Anaheim 92806-1942","3309 EAST MIRALOMA AVENUE, SUITE 10, ANAHEIM CA 92806",street,high,accepted,"plan 2025-01-01..2025-12-31, filed 2026-07-16, active participants 17, codes 1A1D3D",https://www.askebsa.dol.gov/FOIA%20Files/2025/Latest/F_5500_SF_2025_Latest.zip,
m-00069,biz-027,DOL-5500SF-2025,20260716164449NAL0004692097001|262434253-001,name E,ANAHEIM REFRIGERATION INC,"ANAHEIM REFRIGERATION, INC.","3309 E Miraloma Ave Ste 101, Anaheim 92806-1942","3309 EAST MIRALOMA AVENUE, SUITE 10, ANAHEIM CA 92806",street,high,accepted,"plan 2025-01-01..2025-12-31, filed 2026-07-16, active participants 17, codes 2E2F2G2J2K2T3D",https://www.askebsa.dol.gov/FOIA%20Files/2025/Latest/F_5500_SF_2025_Latest.zip,
m-00070,biz-027,DOL-5500SF-2024,20251230124107NAL0019944481001|262434253-001,name E,ANAHEIM REFRIGERATION INC,"ANAHEIM REFRIGERATION, INC.","3309 E Miraloma Ave Ste 101, Anaheim 92806-1942","3309 E MIRALOMA AVE SUITE 101, ANAHEIM CA 92806",street,high,accepted,"plan 2024-01-01..2024-12-31, filed 2025-12-30, active participants 19, codes 2E2F2G2J2K2T3D",https://www.askebsa.dol.gov/FOIA%20Files/2024/Latest/F_5500_SF_2024_Latest.zip,
m-00071,biz-027,DOL-5500SF-2023,20240926193159NAL0002465810001|262434253-001,name E,ANAHEIM REFRIGERATION INC,"ANAHEIM REFRIGERATION, INC.","3309 E Miraloma Ave Ste 101, Anaheim 92806-1942","3309 E MIRALOMA AVE SUITE 101, ANAHEIM CA 92806",street,high,accepted,"plan 2023-01-01..2023-12-31, filed 2024-09-26, active participants 19, codes 2E2F2G2J2K2T3D",https://www.askebsa.dol.gov/FOIA%20Files/2023/Latest/F_5500_SF_2023_Latest.zip,
m-00072,biz-028,SBA-PPP-150K,3014487210,business group: single loan,"APEX FIRE SYSTEMS, INC","APEX FIRE SYSTEMS, INC",,"2961 W MACARTHUR BLVD, SUITE 118, SANTA ANA 92704",,high,grouped,1 loan(s) kept separately by loan number and draw,https://data.sba.gov/dataset/ppp-foia,2024-09-30
m-00073,biz-029,SBA-PPP-150K,3980147402,business group: single loan,APPLIED AIR CONDITIONING INC,APPLIED AIR CONDITIONING INC,,"4250 ARTESIA AVE, FULLERTON 92833",,high,grouped,1 loan(s) kept separately by loan number and draw,https://data.sba.gov/dataset/ppp-foia,2024-09-30
m-00074,biz-029,CSLB-MASTER,910358,name E on BusinessName,APPLIED AIR CONDITIONING INC,APPLIED AIR CONDITIONING INC,"4250 ARTESIA AVE, FULLERTON 92833","4250 ARTESIA AVE, FULLERTON CA 92833",street,high,review,look up license #910358 at the evidence URL; IssueDate 2008-02-07; status CLEAR; classes C20,https://www2.cslb.ca.gov/OnlineServices/CheckLicenseII/CheckLicense.aspx,Updated as of 10/4/2026 (latest LastUpdate in the file; the portal date was not provided)
m-00075,biz-029,CSLB-MASTER,923904,name E on BUS-NAME-2,APPLIED AIR CONDITIONING INC,APPLIED AIR | APPLIED AIR CONDITIONING INC | APPLIED AIR CONDITIONING INC DBA APPLIED AIR,"4250 ARTESIA AVE, FULLERTON 92833","4250 ARTESIA AVENUESUITE B, FULLERTON CA 92833",street_loose,high,review,look up license #923904 at the evidence URL; IssueDate 2008-10-21; status CLEAR; classes C38,https://www2.cslb.ca.gov/OnlineServices/CheckLicenseII/CheckLicense.aspx,Updated as of 10/4/2026 (latest LastUpdate in the file; the portal date was not provided)
m-00076,biz-029,DOL-5500SF-2025,20260616123923NAL0001060609001|352319127-001,name E,APPLIED AIR CONDITIONING INC,APPLIED AIR CONDITIONING INC.,"4250 ARTESIA AVE, FULLERTON 92833","4250 ARTESIA BLVD, FULLERTON CA 92833",street_loose,high,accepted,"plan 2025-01-01..2025-12-31, filed 2026-06-16, active participants 22, codes 2E2F2G2J2K2T3D",https://www.askebsa.dol.gov/FOIA%20Files/2025/Latest/F_5500_SF_2025_Latest.zip,
m-00077,biz-029,DOL-5500SF-2024,20250603134503NAL0028660898001|352319127-001,name E,APPLIED AIR CONDITIONING INC,APPLIED AIR CONDITIONING INC.,"4250 ARTESIA AVE, FULLERTON 92833","4250 ARTESIA BLVD, FULLERTON CA 92833",street_loose,high,accepted,"plan 2024-01-01..2024-12-31, filed 2025-06-03, active participants 23, codes 2E2F2G2J2K2T3D",https://www.askebsa.dol.gov/FOIA%20Files/2024/Latest/F_5500_SF_2024_Latest.zip,
m-00078,biz-029,DOL-5500SF-2023,20240724163454NAL0028192402001|352319127-001,name E,APPLIED AIR CONDITIONING INC,APPLIED AIR CONDITIONING INC.,"4250 ARTESIA AVE, FULLERTON 92833","4250 ARTESIA BLVD, FULLERTON CA 92833",street_loose,high,accepted,"plan 2023-01-01..2023-12-31, filed 2024-07-24, active participants 24, codes 2E2F2G2J2K2T3D",https://www.askebsa.dol.gov/FOIA%20Files/2023/Latest/F_5500_SF_2023_Latest.zip,
m-00079,biz-030,SBA-PPP-150K,6414658310,business group: single loan,"AQUAKLEEN PRODUCTS,INC","AQUAKLEEN PRODUCTS,INC",,"1590 Metro Dr Ste 116SR, Costa Mesa 92626-1458",,high,grouped,1 loan(s) kept separately by loan number and draw,https://data.sba.gov/dataset/ppp-foia,2024-09-30
m-00080,biz-031,SBA-PPP-150K,8533587308;7110868810,business group: same_name_same_zip,ASSOCIATED HEATING AND AIR INC.,ASSOCIATED HEATING AND AIR INC.,,"1320  N. Hancock St., Anaheim 92807 | 1320 North Hancock Streetnull 1320 North Hancock Streetnull, Anaheim 92807",,high,grouped,2 loan(s) kept separately by loan number and draw,https://data.sba.gov/dataset/ppp-foia,2024-09-30
m-00081,biz-031,CSLB-MASTER,608210,name E on BusinessName,ASSOCIATED HEATING AND AIR INC.,ASSOCIATED HEATING & AIR INC,"1320  N. Hancock St., Anaheim 92807","1121 N KRAMER PL, ANAHEIM CA 92806",city,low,review,look up license #608210 at the evidence URL; IssueDate 1990-12-19; status CLEAR; classes C20,https://www2.cslb.ca.gov/OnlineServices/CheckLicenseII/CheckLicense.aspx,Updated as of 10/4/2026 (latest LastUpdate in the file; the portal date was not provided)
m-00082,biz-032,SBA-PPP-150K,5533597100,business group: single loan,AUTOMATIC FIRE SPRINKLERS INC,AUTOMATIC FIRE SPRINKLERS INC,,"7272 Mars Dr, Huntington Beach 92647-4428",,high,grouped,1 loan(s) kept separately by loan number and draw,https://data.sba.gov/dataset/ppp-foia,2024-09-30
m-00083,biz-032,DOL-5500SF-2023,20240416165221NAL0001612112001|330229332-001,name E,AUTOMATIC FIRE SPRINKLERS INC,"AUTOMATIC FIRE SPRINKLERS, INC.","7272 Mars Dr, Huntington Beach 92647-4428","7272 MARS DRIVE, HUNTINGTON BEACH CA 92647",street,high,accepted,"plan 2023-01-01..2023-12-31, filed 2024-04-16, active participants 0, codes 2E2F2G2J2K2T",https://www.askebsa.dol.gov/FOIA%20Files/2023/Latest/F_5500_SF_2023_Latest.zip,
m-00084,biz-033,SBA-PPP-150K,5257397102,business group: single loan,BARKER AND SONS PLUMBING INC,BARKER AND SONS PLUMBING INC,,"1827 N Case st, ORANGE 92865-4234",,high,grouped,1 loan(s) kept separately by loan number and draw,https://data.sba.gov/dataset/ppp-foia,2024-09-30
m-00085,biz-033,CSLB-MASTER,501163,name E on BusinessName,BARKER AND SONS PLUMBING INC,BARKER AND SONS PLUMBING INC,"1827 N Case st, ORANGE 92865-4234","1827 N CASE ST, ORANGE CA 92865",street,high,accepted,look up license #501163 at the evidence URL; IssueDate 1986-11-10; status CLEAR; classes C36,https://www2.cslb.ca.gov/OnlineServices/CheckLicenseII/CheckLicense.aspx,Updated as of 10/4/2026 (latest LastUpdate in the file; the portal date was not provided)
m-00086,biz-033,DOL-5500SF-2025,20260901192033NAL0009891696001|371453647-001,name T,BARKER AND SONS PLUMBING INC,BARKER & SONS PLUMBING & ROOTER,"1827 N Case st, ORANGE 92865-4234","1827 N CASE STREET, ORANGE CA 92865",street,medium,review,"plan 2025-01-01..2025-12-31, filed 2026-09-01, active participants 32, codes 2E2F2G2J2K2T3D",https://www.askebsa.dol.gov/FOIA%20Files/2025/Latest/F_5500_SF_2025_Latest.zip,
m-00087,biz-033,DOL-5500SF-2024,20251013195027NAL0001897345001|371453647-001,name T,BARKER AND SONS PLUMBING INC,BARKER & SONS PLUMBING & ROOTER,"1827 N Case st, ORANGE 92865-4234","1827 N CASE STREET, ORANGE CA 92865",street,medium,review,"plan 2024-01-01..2024-12-31, filed 2025-10-13, active participants 26, codes 2E2F2G2J2K2T3D",https://www.askebsa.dol.gov/FOIA%20Files/2024/Latest/F_5500_SF_2024_Latest.zip,
m-00088,biz-033,DOL-5500SF-2023,20240802190119NAL0041342864001|371453647-001,name T,BARKER AND SONS PLUMBING INC,BARKER & SONS PLUMBING & ROOTER,"1827 N Case st, ORANGE 92865-4234","1827 N CASE STREET, ORANGE CA 92865",street,medium,review,"plan 2023-01-01..2023-12-31, filed 2024-08-02, active participants 23, codes 2E2F2G2J2K2T3D",https://www.askebsa.dol.gov/FOIA%20Files/2023/Latest/F_5500_SF_2023_Latest.zip,
m-00089,biz-034,SBA-PPP-150K,3888548506,business group: single loan,BARNES SOLAR INC,BARNES SOLAR INC,,"29422 Ana Maria Ln, Laguna Niguel 92677-1736",,high,grouped,1 loan(s) kept separately by loan number and draw,https://data.sba.gov/dataset/ppp-foia,2024-09-30
m-00090,biz-035,SBA-PPP-150K,8597977110,business group: single loan,BARNES SOLAR INC,BARNES SOLAR INC,,"23201 ORANGE AVE, LAKE FOREST 92630",,high,grouped,1 loan(s) kept separately by loan number and draw,https://data.sba.gov/dataset/ppp-foia,2024-09-30
m-00091,biz-036,SBA-PPP-150K,1740308302,business group: single loan,"BEC ELECTRIC, INC","BEC ELECTRIC, INC",,"245, BREA 92821",,high,grouped,1 loan(s) kept separately by loan number and draw,https://data.sba.gov/dataset/ppp-foia,2024-09-30
m-00092,biz-037,SBA-PPP-150K,7153827007,business group: single loan,"BEEBE ENTERPRISES, LLC","BEEBE ENTERPRISES, LLC",,"9891 Irvine Center Dr., Ste 200, IRVINE 92618-4307",,high,grouped,1 loan(s) kept separately by loan number and draw,https://data.sba.gov/dataset/ppp-foia,2024-09-30
m-00093,biz-038,SBA-PPP-150K,5304637106;4111048308,business group: same_name_same_zip,"BENNETT'S PLUMBING, INC. | BENNETT'S PLUMBING INC.","BENNETT'S PLUMBING, INC. | BENNETT'S PLUMBING INC.",,"3030 S Fairview St Ste B, Santa Ana 92704-6583 | 3030 South Fairview B, SANTA ANA 92704",,high,grouped,2 loan(s) kept separately by loan number and draw,https://data.sba.gov/dataset/ppp-foia,2024-09-30
m-00094,biz-038,CSLB-MASTER,824124,name E on BusinessName,"BENNETT'S PLUMBING, INC.",BENNETT'S PLUMBING INC,"3030 South Fairview B, SANTA ANA 92704","3030 S FAIRVIEW STREET B, SANTA ANA CA 92704",street_loose,high,accepted,look up license #824124 at the evidence URL; IssueDate 2003-09-12; status CLEAR; classes C36,https://www2.cslb.ca.gov/OnlineServices/CheckLicenseII/CheckLicense.aspx,Updated as of 10/4/2026 (latest LastUpdate in the file; the portal date was not provided)
m-00095,biz-038,CSLB-MASTER,406317,name C on BusinessName,"BENNETT'S PLUMBING, INC.",BENNETT'S PLUMBING,"3030 South Fairview B, SANTA ANA 92704","3030 S FAIRVIEW STREET STE B, SANTA ANA CA 92704",street,medium,review,look up license #406317 at the evidence URL; IssueDate 1981-06-08; status CLEAR; classes C36,https://www2.cslb.ca.gov/OnlineServices/CheckLicenseII/CheckLicense.aspx,Updated as of 10/4/2026 (latest LastUpdate in the file; the portal date was not provided)
m-00096,biz-038,DOL-5500SF-2024,20251001101755NAL0014076224001|043748382-003,name E,"BENNETT'S PLUMBING, INC.","BENNETTS PLUMBING, INC.","3030 South Fairview B, SANTA ANA 92704","3030 SOUTH FAIRVIEW ST UNIT B, SANTA ANA CA 92704",street,high,accepted,"plan 2024-01-01..2024-12-31, filed 2025-10-01, active participants 23, codes 1A1B1C3D",https://www.askebsa.dol.gov/FOIA%20Files/2024/Latest/F_5500_SF_2024_Latest.zip,
m-00097,biz-038,DOL-5500SF-2024,20251001142321NAL0031830946001|043748382-002,name E,"BENNETT'S PLUMBING, INC.","BENNETTS PLUMBING, INC.","3030 South Fairview B, SANTA ANA 92704","3030 SOUTH FAIRVIEW ST UNIT B, SANTA ANA CA 92704",street,high,accepted,"plan 2024-01-01..2024-12-31, filed 2025-10-01, active participants 25, codes 2E2G2T3D2F2J2K",https://www.askebsa.dol.gov/FOIA%20Files/2024/Latest/F_5500_SF_2024_Latest.zip,
m-00098,biz-038,DOL-5500SF-2023,20250723113938NAL0010188994001|043748382-001,name E,"BENNETT'S PLUMBING, INC.","BENNETTS PLUMBING, INC.","3030 South Fairview B, SANTA ANA 92704","3030 SOUTH FAIRVIEW ST UNIT B, SANTA ANA CA 92704",street,high,accepted,"plan 2023-01-01..2023-12-31, filed 2025-07-23, active participants 0, codes 2E2F2G2J2K2T3D",https://www.askebsa.dol.gov/FOIA%20Files/2023/Latest/F_5500_SF_2023_Latest.zip,
m-00099,biz-038,DOL-5500SF-2023,20241011164721NAL0023264817002|043748382-003,name E,"BENNETT'S PLUMBING, INC.","BENNETTS PLUMBING, INC.","3030 South Fairview B, SANTA ANA 92704","3030 SOUTH FAIRVIEW ST UNIT B, SANTA ANA CA 92704",street,high,accepted,"plan 2023-01-01..2023-12-31, filed 2024-10-11, active participants 23, codes 1A1B1C3D",https://www.askebsa.dol.gov/FOIA%20Files/2023/Latest/F_5500_SF_2023_Latest.zip,
m-00100,biz-038,DOL-5500SF-2023,20241011170936NAL0023307809002|043748382-002,name E,"BENNETT'S PLUMBING, INC.","BENNETTS PLUMBING, INC.","3030 South Fairview B, SANTA ANA 92704","3030 SOUTH FAIRVIEW ST UNIT B, SANTA ANA CA 92704",street,high,accepted,"plan 2023-01-01..2023-12-31, filed 2024-10-11, active participants 28, codes 2E2G2T3D",https://www.askebsa.dol.gov/FOIA%20Files/2023/Latest/F_5500_SF_2023_Latest.zip,
m-00101,biz-039,SBA-PPP-150K,4457517003,business group: single loan,BENRICH SERVICE COMPANY INC.,BENRICH SERVICE COMPANY INC.,,"3190 AIRPORT LOOP DR SUITE G, COSTA MESA 92626-3403",,high,grouped,1 loan(s) kept separately by loan number and draw,https://data.sba.gov/dataset/ppp-foia,2024-09-30
m-00102,biz-039,CSLB-MASTER,502927,name E on BusinessName,BENRICH SERVICE COMPANY INC.,BENRICH SERVICE COMPANY INC,"3190 AIRPORT LOOP DR SUITE G, COSTA MESA 92626-3403","3190 AIRPORT LOOP DRIVE STE G, COSTA MESA CA 92626",street,high,accepted,look up license #502927 at the evidence URL; IssueDate 1986-12-17; status CLEAR; classes C-4 C36 C55,https://www2.cslb.ca.gov/OnlineServices/CheckLicenseII/CheckLicense.aspx,Updated as of 10/4/2026 (latest LastUpdate in the file; the portal date was not provided)
m-00103,biz-039,CSLB-MASTER,1098042,name T on BusinessName,BENRICH SERVICE COMPANY INC.,BENRICH HVAC SERVICES INC,"3190 AIRPORT LOOP DR SUITE G, COSTA MESA 92626-3403","3190 AIRPORT LOOP DR STE G, COSTA MESA CA 92626",street,medium,review,look up license #1098042 at the evidence URL; IssueDate 2022-10-24; status CLEAR; classes C20,https://www2.cslb.ca.gov/OnlineServices/CheckLicenseII/CheckLicense.aspx,Updated as of 10/4/2026 (latest LastUpdate in the file; the portal date was not provided)
m-00104,biz-039,DOL-5500SF-2025,20260826103736NAL0000727905001|330047868-004,name C,BENRICH SERVICE COMPANY INC.,BENRICH SERVICE COMPANY,"3190 AIRPORT LOOP DR SUITE G, COSTA MESA 92626-3403","3190-G AIRPORT LOOP DR, COSTA MESA CA 92626",zip,low,review,"plan 2025-01-01..2025-12-31, filed 2026-08-26, active participants 79, codes 2E2F2G2J2K2T3D",https://www.askebsa.dol.gov/FOIA%20Files/2025/Latest/F_5500_SF_2025_Latest.zip,
m-00105,biz-040,SBA-PPP-150K,1823837405,business group: single loan,BIARD AND CROCKETT PLUMBING SERVICE INC,BIARD AND CROCKETT PLUMBING SERVICE INC,,"320 E KATELLA AVENUE UNIT P, ORANGE 92867",,high,grouped,1 loan(s) kept separately by loan number and draw,https://data.sba.gov/dataset/ppp-foia,2024-09-30
m-00106,biz-040,CSLB-MASTER,1077112,name T on BusinessName,BIARD AND CROCKETT PLUMBING SERVICE INC,"BIARD & CROCKETT PLUMBING,HEATING AND AIR CONDITIONING INC","320 E KATELLA AVENUE UNIT P, ORANGE 92867","320 E KATELLA AVE #P, ORANGE CA 92867",street,medium,review,look up license #1077112 at the evidence URL; IssueDate 2021-06-18; status CLEAR; classes C20 C36,https://www2.cslb.ca.gov/OnlineServices/CheckLicenseII/CheckLicense.aspx,Updated as of 10/4/2026 (latest LastUpdate in the file; the portal date was not provided)
m-00107,biz-040,DOL-5500SF-2025,20260515220606NAL0008037715059|862584988-001,name T,BIARD AND CROCKETT PLUMBING SERVICE INC,"BIARD & CROCKETT PLUMBING, HEATING AND AIR CONDITIONING","320 E KATELLA AVENUE UNIT P, ORANGE 92867","320 E KATELLA AVE # P, ORANGE CA 92867",street,medium,review,"plan 2025-01-01..2025-12-31, filed 2026-05-15, active participants 20, codes 2E2F2G2J2K2S2T3D",https://www.askebsa.dol.gov/FOIA%20Files/2025/Latest/F_5500_SF_2025_Latest.zip,
m-00108,biz-040,DOL-5500SF-2024,20250422221438NAL0002774051010|862584988-001,name T,BIARD AND CROCKETT PLUMBING SERVICE INC,"BIARD & CROCKETT PLUMBING, HEATING AND AIR CONDITIONING","320 E KATELLA AVENUE UNIT P, ORANGE 92867","320 E KATELLA AVE # P, ORANGE CA 92867",street,medium,review,"plan 2024-01-01..2024-12-31, filed 2025-04-22, active participants 20, codes 2E2F2G2J2K2S2T3D",https://www.askebsa.dol.gov/FOIA%20Files/2024/Latest/F_5500_SF_2024_Latest.zip,
m-00109,biz-040,DOL-5500SF-2023,20240520220135NAL0002159665064|862584988-001,name T,BIARD AND CROCKETT PLUMBING SERVICE INC,"BIARD & CROCKETT PLUMBING, HEATING AND AIR CONDITIONING","320 E KATELLA AVENUE UNIT P, ORANGE 92867","320 E KATELLA AVE # P, ORANGE CA 92867",street,medium,review,"plan 2023-01-01..2023-12-31, filed 2024-05-20, active participants 18, codes 2E2F2G2J2K2S2T3D",https://www.askebsa.dol.gov/FOIA%20Files/2023/Latest/F_5500_SF_2023_Latest.zip,
m-00110,biz-041,SBA-PPP-150K,5399617701,business group: single loan,BLAINE ENTERPRISES INC,BLAINE ENTERPRISES INC,,"1340 N HANCOCK ST, ANAHEIM 92807-1903",,high,grouped,1 loan(s) kept separately by loan number and draw,https://data.sba.gov/dataset/ppp-foia,2024-09-30
m-00111,biz-041,CSLB-MASTER,608025,name E on BUS-NAME-2,BLAINE ENTERPRISES INC,B & B PLUMBING INC | BLAINE ENTERPRISES INC,"1340 N HANCOCK ST, ANAHEIM 92807-1903","1340 N HANCOCK STREET, ANAHEIM CA 92807",street,high,accepted,look up license #608025 at the evidence URL; IssueDate 1990-12-14; status CLEAR; classes C36,https://www2.cslb.ca.gov/OnlineServices/CheckLicenseII/CheckLicense.aspx,Updated as of 10/4/2026 (latest LastUpdate in the file; the portal date was not provided)
m-00112,biz-041,DOL-5500SF-2024,20251014143311NAL0004241424001|330372391-001,name E,BLAINE ENTERPRISES INC,"BLAINE ENTERPRISES, INC. DBA B&B PLUMBING, INC.","1340 N HANCOCK ST, ANAHEIM 92807-1903","1340 N. HANCOCK, ANAHEIM CA 92807",street_loose,high,accepted,"plan 2024-01-01..2024-12-31, filed 2025-10-14, active participants 36, codes 2A2E2F2G2J2K2T3D",https://www.askebsa.dol.gov/FOIA%20Files/2024/Latest/F_5500_SF_2024_Latest.zip,
m-00113,biz-041,DOL-5500SF-2023,20241012151411NAL0013437411001|330372391-001,name E,BLAINE ENTERPRISES INC,"BLAINE ENTERPRISES, INC. DBA B&B PLUMBING, INC.","1340 N HANCOCK ST, ANAHEIM 92807-1903","1340 N. HANCOCK, ANAHEIM CA 92807",street_loose,high,accepted,"plan 2023-01-01..2023-12-31, filed 2024-10-12, active participants 34, codes 2A2E2F2G2J2K2T3D",https://www.askebsa.dol.gov/FOIA%20Files/2023/Latest/F_5500_SF_2023_Latest.zip,
m-00114,biz-042,SBA-PPP-150K,4990697303,business group: single loan,"BLAKE AIR CONDITIONING & SERVICE CO., INC.","BLAKE AIR CONDITIONING & SERVICE CO., INC.",,"1175 N. OSPREY CIR, ANAHEIM 92807-1709",,high,grouped,1 loan(s) kept separately by loan number and draw,https://data.sba.gov/dataset/ppp-foia,2024-09-30
m-00115,biz-042,CSLB-MASTER,396109,name E on BusinessName,"BLAKE AIR CONDITIONING & SERVICE CO., INC.",BLAKE AIR CONDITIONING & SERVICE CO INC,"1175 N. OSPREY CIR, ANAHEIM 92807-1709","1175 NORTH OSPREY CIRCLE, ANAHEIM CA 92807",street,high,accepted,look up license #396109 at the evidence URL; IssueDate 1980-11-20; status CLEAR; classes C20,https://www2.cslb.ca.gov/OnlineServices/CheckLicenseII/CheckLicense.aspx,Updated as of 10/4/2026 (latest LastUpdate in the file; the portal date was not provided)
m-00116,biz-042,DOL-5500SF-2025,20260623211205NAL0012339522001|952465851-001,name E,"BLAKE AIR CONDITIONING & SERVICE CO., INC.","BLAKE AIR CONDITIONING AND SERVICE COMPANY, INC.","1175 N. OSPREY CIR, ANAHEIM 92807-1709","1175 N. OSPREY CIRCLE, ANAHEIM CA 92807",street,high,accepted,"plan 2025-01-01..2025-12-31, filed 2026-06-23, active participants 33, codes 2E2F2G2J2K2T3D",https://www.askebsa.dol.gov/FOIA%20Files/2025/Latest/F_5500_SF_2025_Latest.zip,
m-00117,biz-042,DOL-5500SF-2024,20250325082455NAL0013937249001|952465851-001,name E,"BLAKE AIR CONDITIONING & SERVICE CO., INC.","BLAKE AIR CONDITIONING AND SERVICE COMPANY, INC.","1175 N. OSPREY CIR, ANAHEIM 92807-1709","1175 N. OSPREY CIRCLE, ANAHEIM CA 92807",street,high,accepted,"plan 2024-01-01..2024-12-31, filed 2025-03-25, active participants 33, codes 2E2F2G2J2K2T3D",https://www.askebsa.dol.gov/FOIA%20Files/2024/Latest/F_5500_SF_2024_Latest.zip,
m-00118,biz-042,DOL-5500SF-2023,20240415102134NAL0001297539001|952465851-001,name E,"BLAKE AIR CONDITIONING & SERVICE CO., INC.","BLAKE AIR CONDITIONING AND SERVICE COMPANY, INC.","1175 N. OSPREY CIR, ANAHEIM 92807-1709","1175 N. OSPREY CIRCLE, ANAHEIM CA 92807",street,high,accepted,"plan 2023-01-01..2023-12-31, filed 2024-04-15, active participants 34, codes 2E2F2G2J2K2T3D",https://www.askebsa.dol.gov/FOIA%20Files/2023/Latest/F_5500_SF_2023_Latest.zip,
m-00119,biz-043,SBA-PPP-150K,1588537310,business group: single loan,BLUON INC,BLUON INC,,"18 BUNSEN ST, IRVINE 92618",,high,grouped,1 loan(s) kept separately by loan number and draw,https://data.sba.gov/dataset/ppp-foia,2024-09-30
m-00120,biz-044,SBA-PPP-150K,9783847006;2103568301,business group: same_name_same_street,"BOTTOM LINE UTILITY SOLUTIONS, INC. | BOTTOM LINE UTILITY SOLUTIONS INC","BOTTOM LINE UTILITY SOLUTIONS, INC. | BOTTOM LINE UTILITY SOLUTIONS INC",,"23015 Del Lago Dr Ste D2, Laguna Hills 92653-1321 | 23015 Del Lago Drive Suite D2, Laguna Hills 92653-1303",,high,grouped,2 loan(s) kept separately by loan number and draw,https://data.sba.gov/dataset/ppp-foia,2024-09-30
m-00121,biz-044,DOL-5500SF-2024,20250909124119NAL0042762834001|912059332-001,name E,"BOTTOM LINE UTILITY SOLUTIONS, INC.","BOTTOM LINE UTILITY SOLUTIONS, INC.","23015 Del Lago Drive Suite D2, Laguna Hills 92653-1303","23015 DEL LAGO DR STE D2, LAGUNA HILLS CA 92653",street,high,accepted,"plan 2024-01-01..2024-12-31, filed 2025-09-09, active participants 39, codes 2E3D2G2J2K2F2T",https://www.askebsa.dol.gov/FOIA%20Files/2024/Latest/F_5500_SF_2024_Latest.zip,
m-00122,biz-044,DOL-5500SF-2023,20240815133601NAL0007517891001|912059332-001,name E,"BOTTOM LINE UTILITY SOLUTIONS, INC.","BOTTOM LINE UTILITY SOLUTIONS, INC.","23015 Del Lago Drive Suite D2, Laguna Hills 92653-1303","23015 DEL LAGO DR STE D2, LAGUNA HILLS CA 92653",street,high,accepted,"plan 2023-01-01..2023-12-31, filed 2024-08-15, active participants 43, codes 2E3D2G2J2K2F2T",https://www.askebsa.dol.gov/FOIA%20Files/2023/Latest/F_5500_SF_2023_Latest.zip,
m-00123,biz-045,SBA-PPP-150K,9615107106,business group: single loan,"BRADLEY MECHANICAL, INC.","BRADLEY MECHANICAL, INC.",,"10625 LAWSON RIVER AVE, FOUNTAIN VALLEY 92708",,high,grouped,1 loan(s) kept separately by loan number and draw,https://data.sba.gov/dataset/ppp-foia,2024-09-30
m-00124,biz-045,CSLB-MASTER,748290,name E on BusinessName,"BRADLEY MECHANICAL, INC.",BRADLEY MECHANICAL INC,"10625 LAWSON RIVER AVE, FOUNTAIN VALLEY 92708","10625 LAWSON RIVER AVE, FOUNTAIN VALLEY CA 92708",street,high,accepted,look up license #748290 at the evidence URL; IssueDate 1998-04-20; status CLEAR; classes C20,https://www2.cslb.ca.gov/OnlineServices/CheckLicenseII/CheckLicense.aspx,Updated as of 10/4/2026 (latest LastUpdate in the file; the portal date was not provided)
m-00125,biz-046,SBA-PPP-150K,1166217308,business group: single loan,"BREA/ORANGE COUNTY PLUMBING, HEATING & AIR CONDITIONING, INC","BREA/ORANGE COUNTY PLUMBING, HEATING & AIR CONDITIONING, INC",,"420 WEST LAMBERT ROAD, BREA 92821",,high,grouped,1 loan(s) kept separately by loan number and draw,https://data.sba.gov/dataset/ppp-foia,2024-09-30
m-00126,biz-046,CSLB-MASTER,765643,name E on BUS-NAME-2,"BREA/ORANGE COUNTY PLUMBING, HEATING & AIR CONDITIONING, INC",BREA PLUMBING | BREA / ORANGE COUNTY PLUMBING HEATING & AIR CONDITIONING INC,"420 WEST LAMBERT ROAD, BREA 92821","340 N ORANGE AVE, BREA CA 92821",zip,medium,review,look up license #765643 at the evidence URL; IssueDate 1999-07-13; status CLEAR; classes C20 C36,https://www2.cslb.ca.gov/OnlineServices/CheckLicenseII/CheckLicense.aspx,Updated as of 10/4/2026 (latest LastUpdate in the file; the portal date was not provided)
m-00127,biz-047,SBA-PPP-150K,4760257305,business group: single loan,"BRYMAX CONSTRUCTION SERVICES, INC.","BRYMAX CONSTRUCTION SERVICES, INC.",,"7436 LORGE CIR, HUNTINGTON BEACH 92647-3619",,high,grouped,1 loan(s) kept separately by loan number and draw,https://data.sba.gov/dataset/ppp-foia,2024-09-30
m-00128,biz-047,CSLB-MASTER,1030208,name E on BUS-NAME-2,"BRYMAX CONSTRUCTION SERVICES, INC.",BRYMAX MECHANICAL | BRYMAX CONSTRUCTION SERVICES INC,"7436 LORGE CIR, HUNTINGTON BEACH 92647-3619","7436 LORGE CIRCLE, HUNTINGTON BEACH CA 92647",street,high,accepted,look up license #1030208 at the evidence URL; IssueDate 2017-08-21; status CLEAR; classes C20 C36,https://www2.cslb.ca.gov/OnlineServices/CheckLicenseII/CheckLicense.aspx,Updated as of 10/4/2026 (latest LastUpdate in the file; the portal date was not provided)
m-00129,biz-047,DOL-5500SF-2025,20260514141404NAL0006986883001|812654539-001,name E,"BRYMAX CONSTRUCTION SERVICES, INC.","BRYMAX CONSTRUCTION SERVICES, INC.","7436 LORGE CIR, HUNTINGTON BEACH 92647-3619","7436 LORGE CIRCLE, HUNTINGTON BEACH CA 92647",street,high,accepted,"plan 2025-01-01..2025-12-31, filed 2026-05-14, active participants 25, codes 2E2J2K2F2G3D",https://www.askebsa.dol.gov/FOIA%20Files/2025/Latest/F_5500_SF_2025_Latest.zip,
m-00130,biz-047,DOL-5500SF-2024,20250408140726NAL0027969024001|812654539-001,name E,"BRYMAX CONSTRUCTION SERVICES, INC.","BRYMAX CONSTRUCTION SERVICES, INC.","7436 LORGE CIR, HUNTINGTON BEACH 92647-3619","7436 LORGE CIRCLE, HUNTINGTON BEACH CA 92647",street,high,accepted,"plan 2024-01-01..2024-12-31, filed 2025-04-08, active participants 19, codes 2E2J2K2F2G3D",https://www.askebsa.dol.gov/FOIA%20Files/2024/Latest/F_5500_SF_2024_Latest.zip,
m-00131,biz-047,DOL-5500SF-2023,20240423135046NAL0008097011001|812654539-001,name E,"BRYMAX CONSTRUCTION SERVICES, INC.","BRYMAX CONSTRUCTION SERVICES, INC.","7436 LORGE CIR, HUNTINGTON BEACH 92647-3619","7436 LORGE CIRCLE, HUNTINGTON BEACH CA 92647",street,high,accepted,"plan 2023-01-01..2023-12-31, filed 2024-04-23, active participants 17, codes 2E2J2K2F2G3D",https://www.askebsa.dol.gov/FOIA%20Files/2023/Latest/F_5500_SF_2023_Latest.zip,
m-00132,biz-048,SBA-PPP-150K,7950707706,business group: single loan,C &AMP; L REFRIGERATION CORPORATION,C &AMP; L REFRIGERATION CORPORATION,,"4111 N. Palm Street, Fullerton 92835",,high,grouped,1 loan(s) kept separately by loan number and draw,https://data.sba.gov/dataset/ppp-foia,2024-09-30
m-00133,biz-049,SBA-PPP-150K,7393987901,business group: single loan,"C & L REFRIGERATION NEVADA,  LLC","C & L REFRIGERATION NEVADA,  LLC",,"4111 N. Palm Street, Fullerton 92835-1025",,high,grouped,1 loan(s) kept separately by loan number and draw,https://data.sba.gov/dataset/ppp-foia,2024-09-30
m-00134,biz-050,SBA-PPP-150K,7389727705,business group: single loan,"CALIFORNIA COAST PLUMBERS,INC.","CALIFORNIA COAST PLUMBERS,INC.",,"4075 LA AVE E, ANAHEIM 92807",,high,grouped,1 loan(s) kept separately by loan number and draw,https://data.sba.gov/dataset/ppp-foia,2024-09-30
m-00135,biz-050,CSLB-MASTER,736992,name E on BusinessName,"CALIFORNIA COAST PLUMBERS,INC.",CALIFORNIA COAST PLUMBERS INC,"4075 LA AVE E, ANAHEIM 92807","4075 EAST LA PALMA #H, ANAHEIM CA 92807",street_loose,high,accepted,look up license #736992 at the evidence URL; IssueDate 1997-06-10; status CLEAR; classes C36,https://www2.cslb.ca.gov/OnlineServices/CheckLicenseII/CheckLicense.aspx,Updated as of 10/4/2026 (latest LastUpdate in the file; the portal date was not provided)
m-00136,biz-051,SBA-PPP-150K,7923427100,business group: single loan,"CALIFORNIA ROOTER & PLUMBING, INC.","CALIFORNIA ROOTER & PLUMBING, INC.",,"1905 E. Deere Ave., Santa Ana 92705-5722",,high,grouped,1 loan(s) kept separately by loan number and draw,https://data.sba.gov/dataset/ppp-foia,2024-09-30
m-00137,biz-051,CSLB-MASTER,703820,name E on BusinessName,"CALIFORNIA ROOTER & PLUMBING, INC.",CALIFORNIA ROOTER & PLUMBING INC,"1905 E. Deere Ave., Santa Ana 92705-5722","1905 E DEERE AVE, SANTA ANA CA 92705",street,high,accepted,look up license #703820 at the evidence URL; IssueDate 1995-03-14; status CLEAR; classes C36,https://www2.cslb.ca.gov/OnlineServices/CheckLicenseII/CheckLicense.aspx,Updated as of 10/4/2026 (latest LastUpdate in the file; the portal date was not provided)
m-00138,biz-052,SBA-PPP-150K,3882987109,business group: single loan,"COAST PLUMBING, HEATING & AIR, INC.","COAST PLUMBING, HEATING & AIR, INC.",,"17390 MOUNT CLIFFWOOD CIR, FOUNTAIN VALLEY 92708-4101",,high,grouped,1 loan(s) kept separately by loan number and draw,https://data.sba.gov/dataset/ppp-foia,2024-09-30
m-00139,biz-052,CSLB-MASTER,771970,name E on BUS-NAME-2,"COAST PLUMBING, HEATING & AIR, INC.",COAST HYDROJET & ROOTER | COAST PLUMBING HEATING & AIR INC,"17390 MOUNT CLIFFWOOD CIR, FOUNTAIN VALLEY 92708-4101","17390 MT CLIFFWOOD CIRCLE, FOUNTAIN VALLEY CA 92708",zip,medium,review,look up license #771970 at the evidence URL; IssueDate 1999-11-30; status CLEAR; classes C20 C36,https://www2.cslb.ca.gov/OnlineServices/CheckLicenseII/CheckLicense.aspx,Updated as of 10/4/2026 (latest LastUpdate in the file; the portal date was not provided)
m-00140,biz-053,SBA-PPP-150K,4536317708,business group: single loan,COMPETITIVE PIPELINE INC,COMPETITIVE PIPELINE INC,,"11 HAWTHORNE LANE, COTO DE CAZA 92679",,high,grouped,1 loan(s) kept separately by loan number and draw,https://data.sba.gov/dataset/ppp-foia,2024-09-30
m-00141,biz-053,CSLB-MASTER,784505,name E on BUS-NAME-2,COMPETITIVE PIPELINE INC,COMPETITIVE PLUMBING | COMPETITIVE PIPELINE INC,"11 HAWTHORNE LANE, COTO DE CAZA 92679","11 HAWTHORNE LANE, COTO DE CAZA CA 92679",street,high,accepted,look up license #784505 at the evidence URL; IssueDate 2000-09-15; status CLEAR; classes C34 C36,https://www2.cslb.ca.gov/OnlineServices/CheckLicenseII/CheckLicense.aspx,Updated as of 10/4/2026 (latest LastUpdate in the file; the portal date was not provided)
m-00142,biz-053,DOL-5500SF-2025,20260916074815NAL0007799698001|330904472-003,name E,COMPETITIVE PIPELINE INC,"COMPETITIVE PIPELINE, INC.","11 HAWTHORNE LANE, COTO DE CAZA 92679","11 HAWTHORNE LANE, COTO DE CAZA CA 92679",street,high,accepted,"plan 2025-01-01..2025-12-31, filed 2026-09-16, active participants 14, codes 2A2E3D",https://www.askebsa.dol.gov/FOIA%20Files/2025/Latest/F_5500_SF_2025_Latest.zip,
m-00143,biz-053,DOL-5500SF-2025,20260527114157NAL0007747587001|330904472-001,name E,COMPETITIVE PIPELINE INC,"COMPETITIVE PIPELINE INC.,","11 HAWTHORNE LANE, COTO DE CAZA 92679","11 HAWTHORNE LANE, COTO DE CAZA CA 92679",street,high,accepted,"plan 2025-01-01..2025-12-31, filed 2026-05-27, active participants 15, codes 2E2F2G2J2K2T3D",https://www.askebsa.dol.gov/FOIA%20Files/2025/Latest/F_5500_SF_2025_Latest.zip,
m-00144,biz-053,DOL-5500SF-2024,20251007175004NAL0008378432001|330904472-003,name E,COMPETITIVE PIPELINE INC,"COMPETITIVE PIPELINE, INC.","11 HAWTHORNE LANE, COTO DE CAZA 92679","11 HAWTHORNE LANE, COTO DE CAZA CA 92679",street,high,accepted,"plan 2024-01-01..2024-12-31, filed 2025-10-07, active participants 8, codes 2A2E3D",https://www.askebsa.dol.gov/FOIA%20Files/2024/Latest/F_5500_SF_2024_Latest.zip,
m-00145,biz-053,DOL-5500SF-2024,20251007174838NAL0004913473001|330904472-002,name E,COMPETITIVE PIPELINE INC,"COMPETITIVE PIPELINE, INC.","11 HAWTHORNE LANE, COTO DE CAZA 92679","11 HAWTHORNE LANE, COTO DE CAZA CA 92679",street,high,accepted,"plan 2024-01-01..2024-12-31, filed 2025-10-07, active participants 8, codes 1C3D",https://www.askebsa.dol.gov/FOIA%20Files/2024/Latest/F_5500_SF_2024_Latest.zip,
m-00146,biz-053,DOL-5500SF-2024,20250528120330NAL0004386659001|330904472-001,name E,COMPETITIVE PIPELINE INC,"COMPETITIVE PIPELINE INC.,","11 HAWTHORNE LANE, COTO DE CAZA 92679","11 HAWTHORNE LANE, COTO DE CAZA CA 92679",street,high,accepted,"plan 2024-01-01..2024-12-31, filed 2025-05-28, active participants 15, codes 2E2F2G2J2K2T3D",https://www.askebsa.dol.gov/FOIA%20Files/2024/Latest/F_5500_SF_2024_Latest.zip,
m-00147,biz-053,DOL-5500SF-2023,20241014122531NAL0014918019001|330904472-003,name E,COMPETITIVE PIPELINE INC,"COMPETITIVE PIPELINE, INC.","11 HAWTHORNE LANE, COTO DE CAZA 92679","11 HAWTHORNE LANE, COTO DE CAZA CA 92679",street,high,accepted,"plan 2023-01-01..2023-12-31, filed 2024-10-14, active participants 10, codes 2A2E3D",https://www.askebsa.dol.gov/FOIA%20Files/2023/Latest/F_5500_SF_2023_Latest.zip,
m-00148,biz-053,DOL-5500SF-2023,20241014122125NAL0027254177001|330904472-002,name E,COMPETITIVE PIPELINE INC,"COMPETITIVE PIPELINE, INC.","11 HAWTHORNE LANE, COTO DE CAZA 92679","11 HAWTHORNE LANE, COTO DE CAZA CA 92679",street,high,accepted,"plan 2023-01-01..2023-12-31, filed 2024-10-14, active participants 10, codes 1C3D",https://www.askebsa.dol.gov/FOIA%20Files/2023/Latest/F_5500_SF_2023_Latest.zip,
m-00149,biz-053,DOL-5500SF-2023,20240620161659NAL0001791729001|330904472-001,name E,COMPETITIVE PIPELINE INC,"COMPETITIVE PIPELINE INC.,","11 HAWTHORNE LANE, COTO DE CAZA 92679","11 HAWTHORNE LANE, COTO DE CAZA CA 92679",street,high,accepted,"plan 2023-01-01..2023-12-31, filed 2024-06-20, active participants 12, codes 2E2F2G2J2K2T3D",https://www.askebsa.dol.gov/FOIA%20Files/2023/Latest/F_5500_SF_2023_Latest.zip,
m-00150,biz-054,SBA-PPP-150K,5151058506,business group: single loan,COMPLETE THERMAL SERVICES,COMPLETE THERMAL SERVICES,,"11570 Seaboard Cir, Stanton 90680-3407",,high,grouped,1 loan(s) kept separately by loan number and draw,https://data.sba.gov/dataset/ppp-foia,2024-09-30
m-00151,biz-055,SBA-PPP-150K,4992207703,business group: single loan,"CONTEMPORARY HEATING &AMP; AIR CONDITIONING, INC.","CONTEMPORARY HEATING &AMP; AIR CONDITIONING, INC.",,"1750 E MIRALOMA AVE, PLACENTIA 92870-6789",,high,grouped,1 loan(s) kept separately by loan number and draw,https://data.sba.gov/dataset/ppp-foia,2024-09-30
m-00152,biz-056,SBA-PPP-150K,7022297700;5902988505,business group: same_name_same_street,"CONTROL KOMFORT SYSTEMS, INC. | CONTROL KOMFORT SYSTEMS INC.","CONTROL KOMFORT SYSTEMS, INC. | CONTROL KOMFORT SYSTEMS INC.",,"6840 Orangethorpe Ave Ste H, Buena Park 90620-1368 | 6840 Orangethorpe Ave. Suite H, Buena Park 90620",,high,grouped,2 loan(s) kept separately by loan number and draw,https://data.sba.gov/dataset/ppp-foia,2024-09-30
m-00153,biz-057,SBA-PPP-150K,6832057107,business group: single loan,COUNTY HEATING & AIR CONDITIONING INC,COUNTY HEATING & AIR CONDITIONING INC,,"1948 COLLINS AVE W, ORANGE 92867",,high,grouped,1 loan(s) kept separately by loan number and draw,https://data.sba.gov/dataset/ppp-foia,2024-09-30
m-00154,biz-057,CSLB-MASTER,396569,name E on BusinessName,COUNTY HEATING & AIR CONDITIONING INC,COUNTY HEATING AND AIR CONDITIONING INCORPORATED,"1948 COLLINS AVE W, ORANGE 92867","1948 W COLLINS AVE, ORANGE CA 92867",street_loose,high,accepted,look up license #396569 at the evidence URL; IssueDate 1980-12-18; status CLEAR; classes C20,https://www2.cslb.ca.gov/OnlineServices/CheckLicenseII/CheckLicense.aspx,Updated as of 10/4/2026 (latest LastUpdate in the file; the portal date was not provided)
m-00155,biz-057,DOL-5500SF-2025,20260904115721NAL0011896081001|953513835-001,name E,COUNTY HEATING & AIR CONDITIONING INC,"COUNTY HEATING AND AIR CONDITIONING, INC","1948 COLLINS AVE W, ORANGE 92867","1948 W. COLLINS, ORANGE CA 92867",street_loose,high,accepted,"plan 2025-05-01..2026-04-30, filed 2026-09-04, active participants 42, codes 2F2G2J2T3D",https://www.askebsa.dol.gov/FOIA%20Files/2025/Latest/F_5500_SF_2025_Latest.zip,
m-00156,biz-057,DOL-5500SF-2024,20250815173938NAL0005967843001|953513835-001,name E,COUNTY HEATING & AIR CONDITIONING INC,"COUNTY HEATING AND AIR CONDITIONING, INC","1948 COLLINS AVE W, ORANGE 92867","1948 W. COLLINS, ORANGE CA 92867",street_loose,high,accepted,"plan 2024-05-01..2025-04-30, filed 2025-08-15, active participants 42, codes 2F2G2J2T3D",https://www.askebsa.dol.gov/FOIA%20Files/2024/Latest/F_5500_SF_2024_Latest.zip,
m-00157,biz-057,DOL-5500SF-2023,20240829130243NAL0013114657002|953513835-001,name E,COUNTY HEATING & AIR CONDITIONING INC,"COUNTY HEATING AND AIR CONDITIONING, INC","1948 COLLINS AVE W, ORANGE 92867","1948 W. COLLINS, ORANGE CA 92867",street_loose,high,accepted,"plan 2023-05-01..2024-04-30, filed 2024-08-29, active participants 35, codes 2F2G2J2T3D",https://www.askebsa.dol.gov/FOIA%20Files/2023/Latest/F_5500_SF_2023_Latest.zip,
m-00158,biz-058,SBA-PPP-150K,9951847202;3158058303,business group: same_name_same_street,CRANDALL'S PLUMBING INC. | CRANDALLS PLUMBING INC.,CRANDALL'S PLUMBING INC. | CRANDALLS PLUMBING INC.,,"18291 GOTHARD ST, HUNTINGTON BEACH 92648-1202 | 18291 Gothard St Ste 102, Huntington Beach 92648-1202",,high,grouped,2 loan(s) kept separately by loan number and draw,https://data.sba.gov/dataset/ppp-foia,2024-09-30
m-00159,biz-058,CSLB-MASTER,927449,name E on BusinessName,CRANDALL'S PLUMBING INC.,CRANDALL'S PLUMBING INC,"18291 GOTHARD ST, HUNTINGTON BEACH 92648-1202","18291 GOTHARD STREET SUITE 102, HUNTINGTON BEACH CA 92648",street,high,accepted,look up license #927449 at the evidence URL; IssueDate 2009-01-14; status CLEAR; classes C36,https://www2.cslb.ca.gov/OnlineServices/CheckLicenseII/CheckLicense.aspx,Updated as of 10/4/2026 (latest LastUpdate in the file; the portal date was not provided)
m-00160,biz-058,DOL-5500SF-2025,20260505140522NAL0001144337001|454991554-001,name E,CRANDALL'S PLUMBING INC.,CRANDALLS PLUMBING INC,"18291 GOTHARD ST, HUNTINGTON BEACH 92648-1202","18291 GOTHARD ST STE 102, HUNTINGTON BEACH CA 926481202",street,high,accepted,"plan 2025-01-01..2025-12-31, filed 2026-05-05, active participants 24, codes 2A2E2F2G2J2T3D",https://www.askebsa.dol.gov/FOIA%20Files/2025/Latest/F_5500_SF_2025_Latest.zip,
m-00161,biz-058,DOL-5500SF-2024,20250917131144NAL0001163842001|454991554-001,name E,CRANDALL'S PLUMBING INC.,CRANDALLS PLUMBING INC,"18291 GOTHARD ST, HUNTINGTON BEACH 92648-1202","18291 GOTHARD ST STE 102, HUNTINGTON BEACH CA 926481202",street,high,accepted,"plan 2024-01-01..2024-12-31, filed 2025-09-17, active participants 29, codes 2A2E2F2G2J2T3D",https://www.askebsa.dol.gov/FOIA%20Files/2024/Latest/F_5500_SF_2024_Latest.zip,
m-00162,biz-058,DOL-5500SF-2023,20240509111352NAL0039856049001|454991554-001,name E,CRANDALL'S PLUMBING INC.,CRANDALLS PLUMBING INC,"18291 GOTHARD ST, HUNTINGTON BEACH 92648-1202","18291 GOTHARD ST, HUNTINGTON BEACH CA 92648",street,high,accepted,"plan 2023-01-01..2023-12-31, filed 2024-05-09, active participants 24, codes 2A2E2F2G2J2T3D",https://www.askebsa.dol.gov/FOIA%20Files/2023/Latest/F_5500_SF_2023_Latest.zip,
m-00163,biz-059,SBA-PPP-150K,9417347107,business group: single loan,"CREATIVE DESIGN PLUMBING, INC.","CREATIVE DESIGN PLUMBING, INC.",,"17271 ARGO CIR, HUNTINGTON BEACH 92647",,high,grouped,1 loan(s) kept separately by loan number and draw,https://data.sba.gov/dataset/ppp-foia,2024-09-30
m-00164,biz-059,CSLB-MASTER,688233,name E on BusinessName,"CREATIVE DESIGN PLUMBING, INC.",CREATIVE DESIGN PLUMBING INC,"17271 ARGO CIR, HUNTINGTON BEACH 92647","17271 ARGO CIRCLE, HUNTINGTON BEACH CA 92647",street,high,accepted,look up license #688233 at the evidence URL; IssueDate 1994-04-30; status CLEAR; classes C36,https://www2.cslb.ca.gov/OnlineServices/CheckLicenseII/CheckLicense.aspx,Updated as of 10/4/2026 (latest LastUpdate in the file; the portal date was not provided)
m-00165,biz-060,SBA-PPP-150K,8506167109;3513958406,business group: same_name_same_street,"CRITCHFIELD MECHANICAL, INC. OF SOUTHERN CALIFORNIA | CRITCHFIELD MECHANICAL INC. OF SOUTHERN CALIFORNIA","CRITCHFIELD MECHANICAL, INC. OF SOUTHERN CALIFORNIA | CRITCHFIELD MECHANICAL INC. OF SOUTHERN CALIFORNIA",,"15391 Springdale St, Huntington Beach 92649-1100 | 15391 Springdale Street, HUNTINGTON BEACH 92649",,high,grouped,2 loan(s) kept separately by loan number and draw,https://data.sba.gov/dataset/ppp-foia,2024-09-30
m-00166,biz-060,CSLB-MASTER,842973,name E on BusinessName,"CRITCHFIELD MECHANICAL, INC. OF SOUTHERN CALIFORNIA",CRITCHFIELD MECHANICAL INC OF SOUTHERN CALIFORNIA,"15391 Springdale Street, HUNTINGTON BEACH 92649","15391 SPRINGDALE ST, HUNTINGTON BEACH CA 92649",street,high,accepted,look up license #842973 at the evidence URL; IssueDate 2004-07-19; status CLEAR; classes C20,https://www2.cslb.ca.gov/OnlineServices/CheckLicenseII/CheckLicense.aspx,Updated as of 10/4/2026 (latest LastUpdate in the file; the portal date was not provided)
m-00167,biz-061,SBA-PPP-150K,4307998400,business group: single loan,DEPENDABLE GRAHAM AIR CONDITIONING INC,DEPENDABLE GRAHAM AIR CONDITIONING INC,,"2952 Century Pl, Costa Mesa 92626-4324",,high,grouped,1 loan(s) kept separately by loan number and draw,https://data.sba.gov/dataset/ppp-foia,2024-09-30
m-00168,biz-062,SBA-PPP-150K,9376128306,business group: single loan,DIMAR ENTERPRISES INC,DIMAR ENTERPRISES INC,,"26021 Pala Ste 150, San Juan Capistrano 92691-2718",,high,grouped,1 loan(s) kept separately by loan number and draw,https://data.sba.gov/dataset/ppp-foia,2024-09-30
m-00169,biz-063,SBA-PPP-150K,6385727300;2451048501,business group: same_name_same_street,"DOHENY PLUMBING, INC | DOHENY PLUMBING INC","DOHENY PLUMBING, INC | DOHENY PLUMBING INC",,"1210 Puerta Del Sol, San Clemente 92673 | 1210 Puerta del Sol, San Clemente 92673-6310",,high,grouped,2 loan(s) kept separately by loan number and draw,https://data.sba.gov/dataset/ppp-foia,2024-09-30
m-00170,biz-063,CSLB-MASTER,736531,name E on BusinessName,"DOHENY PLUMBING, INC",DOHENY PLUMBING INC,"1210 Puerta Del Sol, San Clemente 92673","1210 PUERTA DEL SOL, SAN CLEMENTE CA 92673",street,high,accepted,look up license #736531 at the evidence URL; IssueDate 1997-05-29; status CLEAR; classes C34 C36,https://www2.cslb.ca.gov/OnlineServices/CheckLicenseII/CheckLicense.aspx,Updated as of 10/4/2026 (latest LastUpdate in the file; the portal date was not provided)
m-00171,biz-063,DOL-5500SF-2025,20260219150336NAL0008312193001|753015780-001,name E,"DOHENY PLUMBING, INC","DOHENY PLUMBING, INC.","1210 Puerta Del Sol, San Clemente 92673","1210 PUERTA DEL SOL, SAN CLEMENTE CA 92673",street,high,accepted,"plan 2025-01-01..2025-12-31, filed 2026-02-19, active participants 13, codes 2E2F2G2J2T3D",https://www.askebsa.dol.gov/FOIA%20Files/2025/Latest/F_5500_SF_2025_Latest.zip,
m-00172,biz-063,DOL-5500SF-2024,20250218124009NAL0003220033001|753015780-001,name E,"DOHENY PLUMBING, INC","DOHENY PLUMBING, INC.","1210 Puerta Del Sol, San Clemente 92673","1210 PUERTA DEL SOL, SAN CLEMENTE CA 92673",street,high,accepted,"plan 2024-01-01..2024-12-31, filed 2025-02-18, active participants 11, codes 2E2F2G2J2T3D",https://www.askebsa.dol.gov/FOIA%20Files/2024/Latest/F_5500_SF_2024_Latest.zip,
m-00173,biz-063,DOL-5500SF-2023,20240916162925NAL0001767761001|753015780-001,name E,"DOHENY PLUMBING, INC","DOHENY PLUMBING, INC.","1210 Puerta Del Sol, San Clemente 92673","1210 PUERTA DEL SOL, SAN CLEMENTE CA 92673",street,high,accepted,"plan 2023-01-01..2023-12-31, filed 2024-09-16, active participants 12, codes 2E2F2G2J2T3B3D",https://www.askebsa.dol.gov/FOIA%20Files/2023/Latest/F_5500_SF_2023_Latest.zip,
m-00174,biz-064,SBA-PPP-150K,3694757102,business group: single loan,DONE-RITE PLUMBING AND ROOTER,DONE-RITE PLUMBING AND ROOTER,,"1140 N Kraemer Blvd Unit D, SANTA ANA 92706-1919",,high,grouped,1 loan(s) kept separately by loan number and draw,https://data.sba.gov/dataset/ppp-foia,2024-09-30
m-00175,biz-065,SBA-PPP-150K,6774917204,business group: single loan,DYMEK'S FREEDOM PLUMBING INC.,DYMEK'S FREEDOM PLUMBING INC.,,"2921 E MIRALOMA AVE #17, ANAHEIM 92806-1839",,high,grouped,1 loan(s) kept separately by loan number and draw,https://data.sba.gov/dataset/ppp-foia,2024-09-30
m-00176,biz-065,DOL-5500SF-2025,20260701131233NAL0017515312001|330923127-001,name E,DYMEK'S FREEDOM PLUMBING INC.,DYMEKS FREEDOM PLUMBING INC,"2921 E MIRALOMA AVE #17, ANAHEIM 92806-1839","2921 E MIRALOMA AVENUE, ANAHEIM CA 92806",street,high,accepted,"plan 2025-01-01..2025-12-31, filed 2026-07-01, active participants 19, codes 2E2F2G2J2K2T3D",https://www.askebsa.dol.gov/FOIA%20Files/2025/Latest/F_5500_SF_2025_Latest.zip,
m-00177,biz-065,DOL-5500SF-2024,20251013095515NAL0000444387001|330923127-001,name E,DYMEK'S FREEDOM PLUMBING INC.,DYMEKS FREEDOM PLUMBING INC,"2921 E MIRALOMA AVE #17, ANAHEIM 92806-1839","2901 E. MIRALOMA AVE#4, ANAHEIM CA 92806",zip,medium,review,"plan 2024-01-01..2024-12-31, filed 2025-10-13, active participants 19, codes 2E2F2G2J2K2T3D",https://www.askebsa.dol.gov/FOIA%20Files/2024/Latest/F_5500_SF_2024_Latest.zip,
m-00178,biz-065,DOL-5500SF-2023,20241014201016NAL0028213665001|330923127-001,name E,DYMEK'S FREEDOM PLUMBING INC.,DYMEKS FREEDOM PLUMBING INC,"2921 E MIRALOMA AVE #17, ANAHEIM 92806-1839","2901 E. MIRALOMA AVE#4, ANAHEIM CA 92806",zip,medium,review,"plan 2023-01-01..2023-12-31, filed 2024-10-14, active participants 15, codes 2E2F2G2J2K3D",https://www.askebsa.dol.gov/FOIA%20Files/2023/Latest/F_5500_SF_2023_Latest.zip,
m-00179,biz-066,SBA-PPP-150K,7722347104,business group: single loan,"DYNAMIC AIR SERVICES, INC.","DYNAMIC AIR SERVICES, INC.",,"25652 Commercentre Dr, Lake Forest 92630",,high,grouped,1 loan(s) kept separately by loan number and draw,https://data.sba.gov/dataset/ppp-foia,2024-09-30
m-00180,biz-067,SBA-PPP-150K,7923657709,business group: single loan,E &AMP; M MECHANICAL INC,E &AMP; M MECHANICAL INC,,"12 Hammond Ave., #200, Irvine 92618",,high,grouped,1 loan(s) kept separately by loan number and draw,https://data.sba.gov/dataset/ppp-foia,2024-09-30
m-00181,biz-068,SBA-PPP-150K,5921688406,business group: single loan,E & M MECHANICAL INC,E & M MECHANICAL INC,,"12 Hammond Ste 200, Irvine 92618-1641",,high,grouped,1 loan(s) kept separately by loan number and draw,https://data.sba.gov/dataset/ppp-foia,2024-09-30
m-00182,biz-069,SBA-PPP-150K,4774727708,business group: single loan,ELITE PLUMBING INC,ELITE PLUMBING INC,,"1329 EAST SAINT GERTRUDE PL, SANTA ANA 92705",,high,grouped,1 loan(s) kept separately by loan number and draw,https://data.sba.gov/dataset/ppp-foia,2024-09-30
m-00183,biz-069,CSLB-MASTER,702185,name E on BusinessName,ELITE PLUMBING INC,ELITE PLUMBING INC,"1329 EAST SAINT GERTRUDE PL, SANTA ANA 92705","1329 EAST SAINT GERTRUDE PLACE, SANTA ANA CA 92705",street,high,accepted,look up license #702185 at the evidence URL; IssueDate 1995-02-01; status CLEAR; classes C36,https://www2.cslb.ca.gov/OnlineServices/CheckLicenseII/CheckLicense.aspx,Updated as of 10/4/2026 (latest LastUpdate in the file; the portal date was not provided)
m-00184,biz-069,DOL-5500SF-2025,20260421112545NAL0002485457001|330595835-001,name E,ELITE PLUMBING INC,"ELITE PLUMBING, INC","1329 EAST SAINT GERTRUDE PL, SANTA ANA 92705","1329 EAST ST. GERTRUDE PLACE, SANTA ANA CA 92705",zip,medium,review,"plan 2025-01-01..2025-12-31, filed 2026-04-21, active participants 12, codes 2E2F2G2J2K2T3D",https://www.askebsa.dol.gov/FOIA%20Files/2025/Latest/F_5500_SF_2025_Latest.zip,
m-00185,biz-069,DOL-5500SF-2024,20250523141300NAL0003035587001|330595835-001,name E,ELITE PLUMBING INC,"ELITE PLUMBING, INC","1329 EAST SAINT GERTRUDE PL, SANTA ANA 92705","1329 EAST ST. GERTRUDE PLACE, SANTA ANA CA 92705",zip,medium,review,"plan 2024-01-01..2024-12-31, filed 2025-05-23, active participants 12, codes 2E2F2G2J2K2T3D",https://www.askebsa.dol.gov/FOIA%20Files/2024/Latest/F_5500_SF_2024_Latest.zip,
m-00186,biz-069,DOL-5500SF-2023,20240424172705NAL0004701520001|330595835-001,name E,ELITE PLUMBING INC,"ELITE PLUMBING, INC","1329 EAST SAINT GERTRUDE PL, SANTA ANA 92705","1329 EAST ST. GERTRUDE PLACE, SANTA ANA CA 92705",zip,medium,review,"plan 2023-01-01..2023-12-31, filed 2024-04-24, active participants 13, codes 2E2F2G2J2K2T3D",https://www.askebsa.dol.gov/FOIA%20Files/2023/Latest/F_5500_SF_2023_Latest.zip,
m-00187,biz-070,SBA-PPP-150K,5495187703,business group: single loan,ENVIRONMENT CONTROL PUENTE HILLS INC,ENVIRONMENT CONTROL PUENTE HILLS INC,,"570 W LAMBERT RD STE A, BREA 92821-3912",,high,grouped,1 loan(s) kept separately by loan number and draw,https://data.sba.gov/dataset/ppp-foia,2024-09-30
m-00188,biz-071,SBA-PPP-150K,5926067705,business group: single loan,"FAMILY PLUMBER, INC., THE","FAMILY PLUMBER, INC., THE",,"3613 BRIGGEMAN DR, LOS ALAMITOS 90720-2475",,high,grouped,1 loan(s) kept separately by loan number and draw,https://data.sba.gov/dataset/ppp-foia,2024-09-30
m-00189,biz-071,DOL-5500SF-2024,20251006162514NAL0003797313001|330848428-001,name T,"FAMILY PLUMBER, INC., THE",THE FAMILY PLUMBER,"3613 BRIGGEMAN DR, LOS ALAMITOS 90720-2475","3613 BRIGGEMAN DRIVE, LOS ALAMITOS CA 90720",street,medium,review,"plan 2024-01-01..2024-12-31, filed 2025-10-06, active participants 19, codes 2A2E2J2K2R3D",https://www.askebsa.dol.gov/FOIA%20Files/2024/Latest/F_5500_SF_2024_Latest.zip,
m-00190,biz-071,DOL-5500SF-2023,20240930182626NAL0010776720001|330848428-001,name T,"FAMILY PLUMBER, INC., THE",THE FAMILY PLUMBER,"3613 BRIGGEMAN DR, LOS ALAMITOS 90720-2475","3613 BRIGGEMAN DRIVE, LOS ALAMITOS CA 90720",street,medium,review,"plan 2023-01-01..2023-12-31, filed 2024-09-30, active participants 15, codes 2A2E2J2K2R3D",https://www.askebsa.dol.gov/FOIA%20Files/2023/Latest/F_5500_SF_2023_Latest.zip,
m-00191,biz-072,SBA-PPP-150K,2883177110;7247118504,business group: same_name_same_street,FIRE SERVICE CORP,FIRE SERVICE CORP,,"25132 Tasman Rd, LAGUNA HILLS 92653-5035 | 25132 Tasman Rd, Laguna Hills 92653-5035",,high,grouped,2 loan(s) kept separately by loan number and draw,https://data.sba.gov/dataset/ppp-foia,2024-09-30
m-00192,biz-073,SBA-PPP-150K,4007647108;2532038402,business group: same_name_same_street,FM THOMAS AIR CONDITIONING INC,FM THOMAS AIR CONDITIONING INC,,"231 GEMINI AVE, BREA 92821-3704 | 231 Gemini Ave, Brea 92821-3704",,high,grouped,2 loan(s) kept separately by loan number and draw,https://data.sba.gov/dataset/ppp-foia,2024-09-30
m-00193,biz-073,DOL-5500SF-2023,20251017115247NAL0015265906001|952972859-002,name E,FM THOMAS AIR CONDITIONING INC,"FM THOMAS AIR CONDITIONING, INC.","231 GEMINI AVE, BREA 92821-3704","231 GEMINI AVE, BREA CA 928213704",street,high,accepted,"plan 2023-01-01..2023-12-31, filed 2025-10-17, active participants 0, codes 2E2F2G2J2K3B3D",https://www.askebsa.dol.gov/FOIA%20Files/2023/Latest/F_5500_SF_2023_Latest.zip,
m-00194,biz-073,DOL-5500SF-2024,20251017115414NAL0003959171001|952972859-002,name E,FM THOMAS AIR CONDITIONING INC,"FM THOMAS AIR CONDITIONING, INC.","231 GEMINI AVE, BREA 92821-3704","PERSONAL AND CONFIDENTIAL 231 GEMIN, BREA CA 928213704",zip,medium,review,"plan 2024-01-01..2024-12-31, filed 2025-10-17, active participants 0, codes 2E2F2G2J2K3B3D",https://www.askebsa.dol.gov/FOIA%20Files/2024/Latest/F_5500_SF_2024_Latest.zip,
m-00195,biz-074,SBA-PPP-150K,6032017707,business group: single loan,"FOUR SEASONS AIR, INC.","FOUR SEASONS AIR, INC.",,"8585 KATELLA AVE, STANTON 90680-2725",,high,grouped,1 loan(s) kept separately by loan number and draw,https://data.sba.gov/dataset/ppp-foia,2024-09-30
m-00196,biz-074,CSLB-MASTER,777059,name E on BusinessName,"FOUR SEASONS AIR, INC.",FOUR SEASONS AIR INC,"8585 KATELLA AVE, STANTON 90680-2725","8585 KATELLA AVE, STANTON CA 90680",street,high,accepted,look up license #777059 at the evidence URL; IssueDate 2000-04-05; status CLEAR; classes C20 C38,https://www2.cslb.ca.gov/OnlineServices/CheckLicenseII/CheckLicense.aspx,Updated as of 10/4/2026 (latest LastUpdate in the file; the portal date was not provided)
m-00197,biz-074,DOL-5500SF-2025,20260501103540NAL0001331216001|330857060-001,name E,"FOUR SEASONS AIR, INC.","FOUR SEASONS AIR, INC.","8585 KATELLA AVE, STANTON 90680-2725","8585 KATELLA AVE, STANTON CA 90680",street,high,accepted,"plan 2025-01-01..2025-12-31, filed 2026-05-01, active participants 15, codes 2A2E2F2G2J2K2T3D",https://www.askebsa.dol.gov/FOIA%20Files/2025/Latest/F_5500_SF_2025_Latest.zip,
m-00198,biz-074,DOL-5500SF-2024,20250604173827NAL0008563747001|330857060-001,name E,"FOUR SEASONS AIR, INC.","FOUR SEASONS AIR, INC.","8585 KATELLA AVE, STANTON 90680-2725","8585 KATELLA AVE, STANTON CA 90680",street,high,accepted,"plan 2024-01-01..2024-12-31, filed 2025-06-04, active participants 15, codes 2A2E2F2G2J2K2T3D",https://www.askebsa.dol.gov/FOIA%20Files/2024/Latest/F_5500_SF_2024_Latest.zip,
m-00199,biz-074,DOL-5500SF-2023,20240716120831NAL0001535395003|330857060-001,name E,"FOUR SEASONS AIR, INC.","FOUR SEASONS AIR, INC.","8585 KATELLA AVE, STANTON 90680-2725","8585 KATELLA AVE, STANTON CA 90680",street,high,accepted,"plan 2023-01-01..2023-12-31, filed 2024-07-16, active participants 11, codes 2A2E2F2G2J2K2T3D",https://www.askebsa.dol.gov/FOIA%20Files/2023/Latest/F_5500_SF_2023_Latest.zip,
m-00200,biz-075,SBA-PPP-150K,4426107006,business group: single loan,GENERAL UNDERGROUND FIRE PROTE,GENERAL UNDERGROUND FIRE PROTE,,"701 W. GROVE AVE, ORANGE 92865-3213",,high,grouped,1 loan(s) kept separately by loan number and draw,https://data.sba.gov/dataset/ppp-foia,2024-09-30
m-00201,biz-076,SBA-PPP-150K,1872567708,business group: single loan,"GIGAWATT, INC.","GIGAWATT, INC.",,"1630 S SUNKIST ST STE E, ANAHEIM 92806",,high,grouped,1 loan(s) kept separately by loan number and draw,https://data.sba.gov/dataset/ppp-foia,2024-09-30
m-00202,biz-077,SBA-PPP-150K,7144657307,business group: single loan,GUARANTEED QUALITY RESTORATION INC,GUARANTEED QUALITY RESTORATION INC,,"15560 ROCKFIELD BLVD STE B100, IRVINE 92618",,high,grouped,1 loan(s) kept separately by loan number and draw,https://data.sba.gov/dataset/ppp-foia,2024-09-30
m-00203,biz-078,SBA-PPP-150K,4984847402,business group: single loan,"HARBOR POINTE AIR CONDITIONING & CONTROL SYSTEMS, INC.","HARBOR POINTE AIR CONDITIONING & CONTROL SYSTEMS, INC.",,"720 S. RICHFIELD RD., PLACENTIA 92870-6760",,high,grouped,1 loan(s) kept separately by loan number and draw,https://data.sba.gov/dataset/ppp-foia,2024-09-30
m-00204,biz-078,CSLB-MASTER,683516,name E on BusinessName,"HARBOR POINTE AIR CONDITIONING & CONTROL SYSTEMS, INC.",HARBOR POINTE AIR CONDITIONING & CONTROL SYSTEMS INC,"720 S. RICHFIELD RD., PLACENTIA 92870-6760","720 SOUTH RICHFIELD RD, PLACENTIA CA 92870",street,high,accepted,look up license #683516 at the evidence URL; IssueDate 1993-12-31; status CLEAR; classes C-4 C20 C38,https://www2.cslb.ca.gov/OnlineServices/CheckLicenseII/CheckLicense.aspx,Updated as of 10/4/2026 (latest LastUpdate in the file; the portal date was not provided)
m-00205,biz-078,DOL-5500SF-2025,20260723162827NAL0010952947001|330580849-002,name T,"HARBOR POINTE AIR CONDITIONING & CONTROL SYSTEMS, INC.","HARBOR POINTE A/C & CONTROL SYSTEMS, INC.","720 S. RICHFIELD RD., PLACENTIA 92870-6760","720 RICHFIELD RD, PLACENTIA CA 92870",street_loose,medium,review,"plan 2025-01-01..2025-12-31, filed 2026-07-23, active participants 4, codes 2E3D2G2J2K2F2T",https://www.askebsa.dol.gov/FOIA%20Files/2025/Latest/F_5500_SF_2025_Latest.zip,
m-00206,biz-078,DOL-5500SF-2024,20250924110140NAL0009123843001|330580849-002,name T,"HARBOR POINTE AIR CONDITIONING & CONTROL SYSTEMS, INC.","HARBOR POINTE A/C & CONTROL SYSTEMS, INC.","720 S. RICHFIELD RD., PLACENTIA 92870-6760","720 RICHFIELD RD, PLACENTIA CA 92870",street_loose,medium,review,"plan 2024-01-01..2024-12-31, filed 2025-09-24, active participants 4, codes 2E3D2G2J2K2F2T",https://www.askebsa.dol.gov/FOIA%20Files/2024/Latest/F_5500_SF_2024_Latest.zip,
m-00207,biz-078,DOL-5500SF-2023,20240925122708NAL0014706961001|330580849-002,name T,"HARBOR POINTE AIR CONDITIONING & CONTROL SYSTEMS, INC.","HARBOR POINTE A/C & CONTROL SYSTEMS, INC.","720 S. RICHFIELD RD., PLACENTIA 92870-6760","720 RICHFIELD RD, PLACENTIA CA 92870",street_loose,medium,review,"plan 2023-01-01..2023-12-31, filed 2024-09-25, active participants 4, codes 2E3D2G2J2K2F2T",https://www.askebsa.dol.gov/FOIA%20Files/2023/Latest/F_5500_SF_2023_Latest.zip,
m-00208,biz-079,SBA-PPP-150K,2601737202;7885868402,business group: same_name_same_street,"HOOD PACIFIC CONTRACTORS, INC. DBA PLUMBING MECHANICAL CONTR | HOOD PACIFIC CONTRACTORS INC.","HOOD PACIFIC CONTRACTORS, INC. DBA PLUMBING MECHANICAL CONTR | HOOD PACIFIC CONTRACTORS INC.",,"3002 DOW AVE STE 304, TUSTIN 92780 | 3002 Dow Ave Ste 304, Tustin 92780-7234",,high,grouped,2 loan(s) kept separately by loan number and draw,https://data.sba.gov/dataset/ppp-foia,2024-09-30
m-00209,biz-079,CSLB-MASTER,939862,name E on BusinessName,"HOOD PACIFIC CONTRACTORS, INC. DBA PLUMBING MECHANICAL CONTR",HOOD PACIFIC CONTRACTORS INC,"3002 DOW AVE STE 304, TUSTIN 92780","3002 DOW AVE STE 304, TUSTIN CA 92780",street,high,accepted,look up license #939862 at the evidence URL; IssueDate 2009-11-04; status CLEAR; classes B C12 C16 C20 C34 C36 C42 C43,https://www2.cslb.ca.gov/OnlineServices/CheckLicenseII/CheckLicense.aspx,Updated as of 10/4/2026 (latest LastUpdate in the file; the portal date was not provided)
m-00210,biz-079,DOL-5500SF-2025,20260610114348NAL0013390914001|271130494-001,name E,"HOOD PACIFIC CONTRACTORS, INC. DBA PLUMBING MECHANICAL CONTR","HOOD PACIFIC CONTRACTORS, INC.","3002 DOW AVE STE 304, TUSTIN 92780","3002 DOW AVE. STE. 304, TUSTIN CA 92780",street,high,accepted,"plan 2025-01-01..2025-12-31, filed 2026-06-10, active participants 39, codes 2E2J2K3D2G2T",https://www.askebsa.dol.gov/FOIA%20Files/2025/Latest/F_5500_SF_2025_Latest.zip,
m-00211,biz-079,DOL-5500SF-2024,20250508115857NAL0012193889001|271130494-001,name E,"HOOD PACIFIC CONTRACTORS, INC. DBA PLUMBING MECHANICAL CONTR","HOOD PACIFIC CONTRACTORS, INC.","3002 DOW AVE STE 304, TUSTIN 92780","3002 DOW AVE. STE. 304, TUSTIN CA 92780",street,high,accepted,"plan 2024-01-01..2024-12-31, filed 2025-05-08, active participants 67, codes 2E2J2K3D2G2T",https://www.askebsa.dol.gov/FOIA%20Files/2024/Latest/F_5500_SF_2024_Latest.zip,
m-00212,biz-079,DOL-5500SF-2023,20240530143600NAL0006662131001|271130494-001,name E,"HOOD PACIFIC CONTRACTORS, INC. DBA PLUMBING MECHANICAL CONTR","HOOD PACIFIC CONTRACTORS, INC.","3002 DOW AVE STE 304, TUSTIN 92780","3002 DOW AVE. STE. 304, TUSTIN CA 92780",street,high,accepted,"plan 2023-01-01..2023-12-31, filed 2024-05-30, active participants 36, codes 2E2J2K3D2G2T",https://www.askebsa.dol.gov/FOIA%20Files/2023/Latest/F_5500_SF_2023_Latest.zip,
m-00213,biz-080,SBA-PPP-150K,4761898100,business group: single loan,"IRVINE VALLEY AIR CONDITIONING, INC.","IRVINE VALLEY AIR CONDITIONING, INC.",,"2961 E. CORONADO ST, ANAHEIM 92806-2502",,high,grouped,1 loan(s) kept separately by loan number and draw,https://data.sba.gov/dataset/ppp-foia,2024-09-30
m-00214,biz-080,CSLB-MASTER,641001,name E on BusinessName,"IRVINE VALLEY AIR CONDITIONING, INC.",IRVINE VALLEY AIR CONDITIONING INC,"2961 E. CORONADO ST, ANAHEIM 92806-2502","2961 E CORONADO STREET, ANAHEIM CA 92806",street,high,accepted,look up license #641001 at the evidence URL; IssueDate 1992-03-27; status CLEAR; classes A C20 C36,https://www2.cslb.ca.gov/OnlineServices/CheckLicenseII/CheckLicense.aspx,Updated as of 10/4/2026 (latest LastUpdate in the file; the portal date was not provided)
m-00215,biz-081,SBA-PPP-150K,3697887210,business group: single loan,"J MARTIN INDOOR AIR QUALITY, LLC","J MARTIN INDOOR AIR QUALITY, LLC",,"22343 LA PALMA AVENUE SUITE 115, YORBA LINDA 92887",,high,grouped,1 loan(s) kept separately by loan number and draw,https://data.sba.gov/dataset/ppp-foia,2024-09-30
m-00216,biz-082,SBA-PPP-150K,5685007108,business group: single loan,"JACOT PLUMBING, INC.","JACOT PLUMBING, INC.",,"11661 SALINAZ AVE, GARDEN GROVE 92843-3704",,high,grouped,1 loan(s) kept separately by loan number and draw,https://data.sba.gov/dataset/ppp-foia,2024-09-30
m-00217,biz-082,CSLB-MASTER,630518,name E on BusinessName,"JACOT PLUMBING, INC.",JACOT PLUMBING INC,"11661 SALINAZ AVE, GARDEN GROVE 92843-3704","11661 SALINAZ AVENUE, GARDEN GROVE CA 92843",street,high,accepted,look up license #630518 at the evidence URL; IssueDate 1991-10-10; status CLEAR; classes C36,https://www2.cslb.ca.gov/OnlineServices/CheckLicenseII/CheckLicense.aspx,Updated as of 10/4/2026 (latest LastUpdate in the file; the portal date was not provided)
m-00218,biz-082,DOL-5500SF-2025,20260514153910NAL0016823010001|330197169-001,name E,"JACOT PLUMBING, INC.","JACOT PLUMBING, INC.","11661 SALINAZ AVE, GARDEN GROVE 92843-3704","11661 SALINAZ AVENUE, GARDEN GROVE CA 92843",street,high,accepted,"plan 2025-01-01..2025-12-31, filed 2026-05-14, active participants 15, codes 2A2E2F2G2J2K2T3D3H",https://www.askebsa.dol.gov/FOIA%20Files/2025/Latest/F_5500_SF_2025_Latest.zip,
m-00219,biz-082,DOL-5500SF-2024,20250523101133NAL0009860530001|330197169-001,name E,"JACOT PLUMBING, INC.","JACOT PLUMBING, INC","11661 SALINAZ AVE, GARDEN GROVE 92843-3704","11611 SALINAZ AVENUE, GARDEN GROVE CA 92843",zip,medium,review,"plan 2024-01-01..2024-12-31, filed 2025-05-23, active participants 13, codes 2A2E2F2G2J2K2T3D3H",https://www.askebsa.dol.gov/FOIA%20Files/2024/Latest/F_5500_SF_2024_Latest.zip,
m-00220,biz-082,DOL-5500SF-2023,20240920133320NAL0013202528001|330197169-001,name E,"JACOT PLUMBING, INC.","JACOT PLUMBING, INC","11661 SALINAZ AVE, GARDEN GROVE 92843-3704","11611 SALINAZ AVENUE, GARDEN GROVE CA 92843",zip,medium,review,"plan 2023-01-01..2023-12-31, filed 2024-09-20, active participants 13, codes 2E2F2G2J2K2T3D3H",https://www.askebsa.dol.gov/FOIA%20Files/2023/Latest/F_5500_SF_2023_Latest.zip,
m-00221,biz-083,SBA-PPP-150K,4142557206,business group: single loan,"JHL ENTERPRISES, INC.","JHL ENTERPRISES, INC.",,"27176 Burbank, Foothill Ranch 92610-2503",,high,grouped,1 loan(s) kept separately by loan number and draw,https://data.sba.gov/dataset/ppp-foia,2024-09-30
m-00222,biz-084,SBA-PPP-150K,1435658001,business group: single loan,JIMMY ROWELL,JIMMY ROWELL,,"216 N Randolph Ave, Brea 92821-5036",,high,grouped,1 loan(s) kept separately by loan number and draw,https://data.sba.gov/dataset/ppp-foia,2024-09-30
m-00223,biz-085,SBA-PPP-150K,6274037400,business group: single loan,"JOHN FLYNN ORANGE COAST PLUMBING, INC.","JOHN FLYNN ORANGE COAST PLUMBING, INC.",,"1506 North Clinton, SANTA ANA 92703-1409",,high,grouped,1 loan(s) kept separately by loan number and draw,https://data.sba.gov/dataset/ppp-foia,2024-09-30
m-00224,biz-085,CSLB-MASTER,596002,name E on BUS-NAME-2,"JOHN FLYNN ORANGE COAST PLUMBING, INC.",ORANGE COAST PLUMBING | JOHN FLYNN ORANGE COAST PLUMBING INC,"1506 North Clinton, SANTA ANA 92703-1409","P O BOX 3249, SANTA ANA CA 92703",zip,medium,review,look up license #596002 at the evidence URL; IssueDate 1990-06-12; status CLEAR; classes B C20 C36,https://www2.cslb.ca.gov/OnlineServices/CheckLicenseII/CheckLicense.aspx,Updated as of 10/4/2026 (latest LastUpdate in the file; the portal date was not provided)
m-00225,biz-086,SBA-PPP-150K,2499807104;2130218307,business group: same_name_same_zip,"JOHNSON DIVERSIFIED, INC. | JOHNSON DIVERSIFIED INC.","JOHNSON DIVERSIFIED, INC. | JOHNSON DIVERSIFIED INC.",,"29802 Avenida de las Bandera, Rancho Santa Margarita 92688-2648 | 29802 Avenida de las Banderas, Rancho Santa Margarita 92688-2648",,high,grouped,2 loan(s) kept separately by loan number and draw,https://data.sba.gov/dataset/ppp-foia,2024-09-30
m-00226,biz-087,SBA-PPP-150K,2520317301,business group: single loan,JUSTINTIME PLUMBING INC,JUSTINTIME PLUMBING INC,,"331 West Bay St, costa mesa 92627-2019",,high,grouped,1 loan(s) kept separately by loan number and draw,https://data.sba.gov/dataset/ppp-foia,2024-09-30
m-00227,biz-087,DOL-5500SF-2025,20260822050315NAL0026709762001|463026699-001,name E,JUSTINTIME PLUMBING INC,JUSTINTIME PLUMBING INC,"331 West Bay St, costa mesa 92627-2019","3331 W BA ST, COSTA MESA CA 92627",zip,medium,review,"plan 2025-01-01..2025-12-31, filed 2026-08-22, active participants 14, codes 2E2F2G2J2K2T3D",https://www.askebsa.dol.gov/FOIA%20Files/2025/Latest/F_5500_SF_2025_Latest.zip,
m-00228,biz-087,DOL-5500SF-2024,20250623122521NAL0005946849001|463026699-001,name E,JUSTINTIME PLUMBING INC,JUSTINTIME PLUMBING INC,"331 West Bay St, costa mesa 92627-2019","683 CONGRESS ST, COSTA MESA CA 92627",zip,medium,review,"plan 2024-01-01..2024-12-31, filed 2025-06-23, active participants 15, codes 2E2F2G2J2K2T3D",https://www.askebsa.dol.gov/FOIA%20Files/2024/Latest/F_5500_SF_2024_Latest.zip,
m-00229,biz-087,DOL-5500SF-2023,20240528162840NAL0005495987001|463026699-001,name E,JUSTINTIME PLUMBING INC,JUSTINTIME PLUMBING INC,"331 West Bay St, costa mesa 92627-2019","683 CONGRESS ST, COSTA MESA CA 92627",zip,medium,review,"plan 2023-01-01..2023-12-31, filed 2024-05-28, active participants 14, codes 2E2F2G2J2K2T3D",https://www.askebsa.dol.gov/FOIA%20Files/2023/Latest/F_5500_SF_2023_Latest.zip,
m-00230,biz-088,SBA-PPP-150K,9148397101,business group: single loan,"K. KALKA HEATING, PLUMBING & AIR, INC.","K. KALKA HEATING, PLUMBING & AIR, INC.",,"15550 Rockfield Blvd A-100, Irvine 92618",,high,grouped,1 loan(s) kept separately by loan number and draw,https://data.sba.gov/dataset/ppp-foia,2024-09-30
m-00231,biz-088,CSLB-MASTER,677889,name E on FullBusinessName,"K. KALKA HEATING, PLUMBING & AIR, INC.",KALKA PLUMBING HEATING & AIR | KALKA K HEATING PLUMBING & AIR INC | K KALKA HEATING PLUMBING & AIR INC DBA KALKA PLUMBING HEATING  &,"15550 Rockfield Blvd A-100, Irvine 92618","15550 ROCKFIELD BLVD B-100, IRVINE CA 92618",street_loose,high,accepted,look up license #677889 at the evidence URL; IssueDate 1993-09-27; status CLEAR; classes C20 C36,https://www2.cslb.ca.gov/OnlineServices/CheckLicenseII/CheckLicense.aspx,Updated as of 10/4/2026 (latest LastUpdate in the file; the portal date was not provided)
m-00232,biz-088,DOL-5500SF-2023,20241017011856NAL0032566081001|200864628-001,name E,"K. KALKA HEATING, PLUMBING & AIR, INC.","K KALKA HEATING, PLUMBING, AND AIR, INC","15550 Rockfield Blvd A-100, Irvine 92618","15550 ROCKFIELD BOULEVARD, IRVINE CA 92618",street_loose,high,accepted,"plan 2023-01-01..2023-12-31, filed 2024-10-17, active participants 6, codes 2A2E3B3D",https://www.askebsa.dol.gov/FOIA%20Files/2023/Latest/F_5500_SF_2023_Latest.zip,
m-00233,biz-089,SBA-PPP-150K,4644137100;4640488600,business group: same_name_same_street,KEN STARR INC.,KEN STARR INC.,,"1120 N Tustin Ave, Anaheim 92807-1712 | 1120 N. Tustin Avenue, Anaheim 92807-1712",,high,grouped,2 loan(s) kept separately by loan number and draw,https://data.sba.gov/dataset/ppp-foia,2024-09-30
m-00234,biz-089,DOL-5500SF-2025,20260817163345NAL0014189825001|953441196-001,name E,KEN STARR INC.,KEN STARR INC,"1120 N. Tustin Avenue, Anaheim 92807-1712","1120 N TUSTIN AVE, ANAHEIM CA 92807",street,high,accepted,"plan 2025-01-01..2025-12-31, filed 2026-08-17, active participants 5, codes 2E2F2G2J2K2T3D",https://www.askebsa.dol.gov/FOIA%20Files/2025/Latest/F_5500_SF_2025_Latest.zip,
m-00235,biz-089,DOL-5500SF-2024,20250814101708NAL0021872962001|953441196-001,name E,KEN STARR INC.,KEN STARR INC,"1120 N. Tustin Avenue, Anaheim 92807-1712","1120 N TUSTIN AVE, ANAHEIM CA 92807",street,high,accepted,"plan 2024-01-01..2024-12-31, filed 2025-08-14, active participants 4, codes 2E2F2G2J2K2T3D3H",https://www.askebsa.dol.gov/FOIA%20Files/2024/Latest/F_5500_SF_2024_Latest.zip,
m-00236,biz-089,DOL-5500SF-2023,20240913181108NAL0020445778001|953441196-001,name E,KEN STARR INC.,KEN STARR INC,"1120 N. Tustin Avenue, Anaheim 92807-1712","1120 N TUSTIN AVE, ANAHEIM CA 92807",street,high,accepted,"plan 2023-01-01..2023-12-31, filed 2024-09-13, active participants 4, codes 2E2F2G2J2K2T3D3H",https://www.askebsa.dol.gov/FOIA%20Files/2023/Latest/F_5500_SF_2023_Latest.zip,
m-00237,biz-090,SBA-PPP-150K,4912897309;6675358301,business group: same_name_same_zip,KIRK PLUMBING INC.,KIRK PLUMBING INC.,,"5442 Mountain View Ave, Yorba Linda 92886-4913 | 5442 Mountainview Ave, YORBA LINDA 92886",,high,grouped,2 loan(s) kept separately by loan number and draw,https://data.sba.gov/dataset/ppp-foia,2024-09-30
m-00238,biz-091,SBA-PPP-150K,7859337102,business group: single loan,KNIGHT MECHANICAL SERVICE INC,KNIGHT MECHANICAL SERVICE INC,,"22967 La Cadena Dr., Laguna Hills 92653",,high,grouped,1 loan(s) kept separately by loan number and draw,https://data.sba.gov/dataset/ppp-foia,2024-09-30
m-00239,biz-091,CSLB-MASTER,714423,name T on BusinessName,KNIGHT MECHANICAL SERVICE INC,KNIGHT MECHANICAL SERVICES INC,"22967 La Cadena Dr., Laguna Hills 92653","22969 LA CADENA DR, LAGUNA HILLS CA 92653",zip,low,review,look up license #714423 at the evidence URL; IssueDate 1995-10-26; status CLEAR; classes C20,https://www2.cslb.ca.gov/OnlineServices/CheckLicenseII/CheckLicense.aspx,Updated as of 10/4/2026 (latest LastUpdate in the file; the portal date was not provided)
m-00240,biz-091,DOL-5500SF-2023,20240613141226NAL0014613043001|273103395-002,name E,KNIGHT MECHANICAL SERVICE INC,KNIGHT MECHANICAL SERVICE INC,"22967 La Cadena Dr., Laguna Hills 92653","22967 LA CADENA DR, LAGUNA HILLS CA 926531314",street,high,accepted,"plan 2023-01-01..2023-12-31, filed 2024-06-13, active participants 17, codes 2E2F2G2J2T3D",https://www.askebsa.dol.gov/FOIA%20Files/2023/Latest/F_5500_SF_2023_Latest.zip,
m-00241,biz-091,DOL-5500SF-2025,20260623150504NAL0007201281001|273103395-002,name T,KNIGHT MECHANICAL SERVICE INC,KNIGHT MECHANICAL SERVICES INC,"22967 La Cadena Dr., Laguna Hills 92653","22969 LA CADENA DR, LAGUNA HILLS CA 926531314",zip,low,review,"plan 2025-01-01..2025-12-31, filed 2026-06-23, active participants 14, codes 2E2F2G2J2S2T3D",https://www.askebsa.dol.gov/FOIA%20Files/2025/Latest/F_5500_SF_2025_Latest.zip,
m-00242,biz-091,DOL-5500SF-2024,20250718151734NAL0000930243001|273103395-002,name E,KNIGHT MECHANICAL SERVICE INC,KNIGHT MECHANICAL SERVICE INC,"22967 La Cadena Dr., Laguna Hills 92653","22969 LA CADENA DR, LAGUNA HILLS CA 926531314",zip,medium,review,"plan 2024-01-01..2024-12-31, filed 2025-07-18, active participants 18, codes 2E2F2G2J2T3D",https://www.askebsa.dol.gov/FOIA%20Files/2024/Latest/F_5500_SF_2024_Latest.zip,
m-00243,biz-092,SBA-PPP-150K,7755797204,business group: single loan,KRAUSE A.C.T. INC.,KRAUSE A.C.T. INC.,,"411 Rowland Avenue, SANTA ANA 92707-3445",,high,grouped,1 loan(s) kept separately by loan number and draw,https://data.sba.gov/dataset/ppp-foia,2024-09-30
m-00244,biz-092,CSLB-MASTER,761220,name C on BUS-NAME-2,KRAUSE A.C.T. INC.,AIR CLEANING TECHNOLOGY | KRAUSE A C T,"411 Rowland Avenue, SANTA ANA 92707-3445","411 ROWLAND AVE, SANTA ANA CA 92707",street,medium,review,look up license #761220 at the evidence URL; IssueDate 1999-04-07; status CLEAR; classes C20,https://www2.cslb.ca.gov/OnlineServices/CheckLicenseII/CheckLicense.aspx,Updated as of 10/4/2026 (latest LastUpdate in the file; the portal date was not provided)
m-00245,biz-092,DOL-5500SF-2025,20260805182248NAL0005434482001|330652398-001,name E,KRAUSE A.C.T. INC.,"KRAUSE A.C.T., INC.","411 Rowland Avenue, SANTA ANA 92707-3445","411 ROWLAND AVENUE, SANTA ANA CA 92707",street,high,accepted,"plan 2025-01-01..2025-12-31, filed 2026-08-05, active participants 37, codes 2E2J2G2A2F3D",https://www.askebsa.dol.gov/FOIA%20Files/2025/Latest/F_5500_SF_2025_Latest.zip,
m-00246,biz-092,DOL-5500SF-2024,20251010153131NAL0007952433001|330652398-001,name E,KRAUSE A.C.T. INC.,"KRAUSE A.C.T., INC.","411 Rowland Avenue, SANTA ANA 92707-3445","411 ROWLAND AVENUE, SANTA ANA CA 92707",street,high,accepted,"plan 2024-01-01..2024-12-31, filed 2025-10-10, active participants 36, codes 2E2J2G2A2F3D",https://www.askebsa.dol.gov/FOIA%20Files/2024/Latest/F_5500_SF_2024_Latest.zip,
m-00247,biz-092,DOL-5500SF-2023,20241001181407NAL0007601665001|330652398-001,name E,KRAUSE A.C.T. INC.,"KRAUSE A.C.T., INC.","411 Rowland Avenue, SANTA ANA 92707-3445","411 ROWLAND AVENUE, SANTA ANA CA 92707",street,high,accepted,"plan 2023-01-01..2023-12-31, filed 2024-10-01, active participants 27, codes 2E2J2G2A2F3D",https://www.askebsa.dol.gov/FOIA%20Files/2023/Latest/F_5500_SF_2023_Latest.zip,
m-00248,biz-093,SBA-PPP-150K,6921987302;6372848407,business group: same_name_same_street,LAS COLINAS,LAS COLINAS,,"600 S JEFFERSON ST, PLACENTIA 92870-6634 | 600 S Jefferson St Ste M, Placentia 92870-6634",,high,grouped,2 loan(s) kept separately by loan number and draw,https://data.sba.gov/dataset/ppp-foia,2024-09-30
m-00249,biz-093,CSLB-MASTER,841904,name E on BusinessName,LAS COLINAS,LAS COLINAS,"600 S JEFFERSON ST, PLACENTIA 92870-6634","600 S JEFFERSON #M, PLACENTIA CA 92870",street_loose,high,accepted,look up license #841904 at the evidence URL; IssueDate 2004-06-30; status CLEAR; classes C36,https://www2.cslb.ca.gov/OnlineServices/CheckLicenseII/CheckLicense.aspx,Updated as of 10/4/2026 (latest LastUpdate in the file; the portal date was not provided)
m-00250,biz-093,DOL-5500SF-2025,20260618130253NAL0004640498001|330930902-001,name C,LAS COLINAS,LAS COLINAS COMPANY,"600 S JEFFERSON ST, PLACENTIA 92870-6634","600 S. JEFFERSON SUITE M, PLACENTIA CA 92870",street,medium,review,"plan 2025-01-01..2025-12-31, filed 2026-06-18, active participants 31, codes 2A2E2F2G2J2K2T3D3H",https://www.askebsa.dol.gov/FOIA%20Files/2025/Latest/F_5500_SF_2025_Latest.zip,
m-00251,biz-093,DOL-5500SF-2024,20250724140047NAL0002561043001|330930902-001,name C,LAS COLINAS,LAS COLINAS COMPANY,"600 S JEFFERSON ST, PLACENTIA 92870-6634","600 S. JEFFERSON STE M, PLACENTIA CA 90870",street,medium,review,"plan 2024-01-01..2024-12-31, filed 2025-07-24, active participants 32, codes 2A2E2F2G2J2K2R2T3D3H",https://www.askebsa.dol.gov/FOIA%20Files/2024/Latest/F_5500_SF_2024_Latest.zip,
m-00252,biz-093,DOL-5500SF-2023,20240722174843NAL0023696722001|330930902-001,name C,LAS COLINAS,LAS COLINAS COMPANY,"600 S JEFFERSON ST, PLACENTIA 92870-6634","600 S. JEFFERSON STE M, PLACENTIA CA 90870",street,medium,review,"plan 2023-01-01..2023-12-31, filed 2024-07-22, active participants 29, codes 2E2F2J2R3D",https://www.askebsa.dol.gov/FOIA%20Files/2023/Latest/F_5500_SF_2023_Latest.zip,
m-00253,biz-094,SBA-PPP-150K,7914558109;3710628400,business group: same_name_same_street,LEGACY PLUMBING,LEGACY PLUMBING,,"216 N RANDOLPH AVE, BREA 92821-5036 | 216 N Randolph Ave, Brea 92821-5036",,high,grouped,2 loan(s) kept separately by loan number and draw,https://data.sba.gov/dataset/ppp-foia,2024-09-30
m-00254,biz-095,SBA-PPP-150K,5384037102,business group: single loan,M3 HVAC,M3 HVAC,,"1019 E LACY AVE, ANAHEIM 92805-5651",,high,grouped,1 loan(s) kept separately by loan number and draw,https://data.sba.gov/dataset/ppp-foia,2024-09-30
m-00255,biz-095,CSLB-MASTER,786760,name C on BUS-NAME-2,M3 HVAC,M3 MECHANICAL | M3 HVAC INC,"1019 E LACY AVE, ANAHEIM 92805-5651","1019 E LACY AVE, ANAHEIM CA 92805",street,medium,review,look up license #786760 at the evidence URL; IssueDate 2000-10-31; status CLEAR; classes C20,https://www2.cslb.ca.gov/OnlineServices/CheckLicenseII/CheckLicense.aspx,Updated as of 10/4/2026 (latest LastUpdate in the file; the portal date was not provided)
m-00256,biz-095,DOL-5500SF-2024,20251015183719NAL0007062704001|330922911-001,name E,M3 HVAC,M3 HVAC,"1019 E LACY AVE, ANAHEIM 92805-5651","1019 E LACY AVE, ANAHEIM CA 92805",street,high,accepted,"plan 2024-01-01..2024-12-31, filed 2025-10-15, active participants 19, codes 2E3D2G2J2K2F2T",https://www.askebsa.dol.gov/FOIA%20Files/2024/Latest/F_5500_SF_2024_Latest.zip,
m-00257,biz-095,DOL-5500SF-2023,20241011080907NAL0038158864001|330922911-001,name E,M3 HVAC,M3 HVAC,"1019 E LACY AVE, ANAHEIM 92805-5651","1019 E LACY AVE, ANAHEIM CA 92805",street,high,accepted,"plan 2023-01-01..2023-12-31, filed 2024-10-11, active participants 16, codes 2E3D2G2J2K2F2T",https://www.askebsa.dol.gov/FOIA%20Files/2023/Latest/F_5500_SF_2023_Latest.zip,
m-00258,biz-095,DOL-5500SF-2025,20260619170050NAL0006172146001|330922911-001,name C,M3 HVAC,"M3 HVAC, INC. DBA M3 MECHANICAL","1019 E LACY AVE, ANAHEIM 92805-5651","1019 EAST LACY AVENUE, ANAHEIM CA 92805",street,medium,review,"plan 2025-01-01..2025-12-31, filed 2026-06-19, active participants 41, codes 2A2E2F2G2J2K2S2T3D",https://www.askebsa.dol.gov/FOIA%20Files/2025/Latest/F_5500_SF_2025_Latest.zip,
m-00259,biz-096,SBA-PPP-150K,4595847006;3449628406,business group: same_name_same_street,MCCLANAHAN INC DBA HARTMANAIRE,MCCLANAHAN INC DBA HARTMANAIRE,,"12 Gardenia, LAKE FOREST 92630-8367 | 12 Gardenia, Lake Forest 92630-8367",,high,grouped,2 loan(s) kept separately by loan number and draw,https://data.sba.gov/dataset/ppp-foia,2024-09-30
m-00260,biz-096,CSLB-MASTER,1017713,name D on BusinessName,MCCLANAHAN INC DBA HARTMANAIRE,HARTMANAIRE | MCCLANAHAN INC,"12 Gardenia, LAKE FOREST 92630-8367","26501 RANCHO PKWY S, SUITE 201, LAKE FOREST CA 92630",zip,high,accepted,look up license #1017713 at the evidence URL; IssueDate 2016-08-29; status CLEAR; classes D62,https://www2.cslb.ca.gov/OnlineServices/CheckLicenseII/CheckLicense.aspx,Updated as of 10/4/2026 (latest LastUpdate in the file; the portal date was not provided)
m-00261,biz-097,SBA-PPP-150K,3971167101,business group: single loan,"MDDR, INC.","MDDR, INC.",,"555 VANGUARD WAY, BREA 92821-3933",,high,grouped,1 loan(s) kept separately by loan number and draw,https://data.sba.gov/dataset/ppp-foia,2024-09-30
m-00262,biz-097,DOL-5500SF-2024,20251015114355NAL0005971952001|954169050-002,name E,"MDDR, INC.","MDDR, INC. DBA ECONO AIR","555 VANGUARD WAY, BREA 92821-3933","555 VANGUARD WAY, BREA CA 92821",street,high,accepted,"plan 2024-01-01..2024-12-31, filed 2025-10-15, active participants 46, codes 2E2F2G2J2K2S2T3D",https://www.askebsa.dol.gov/FOIA%20Files/2024/Latest/F_5500_SF_2024_Latest.zip,
m-00263,biz-097,DOL-5500SF-2023,20240726125120NAL0032991874001|954169050-002,name E,"MDDR, INC.","MDDR, INC. DBA ECONO AIR","555 VANGUARD WAY, BREA 92821-3933","555 VANGUARD WAY, BREA CA 92821",street,high,accepted,"plan 2023-01-01..2023-12-31, filed 2024-07-26, active participants 37, codes 2E2F2G2J2K2S2T3D",https://www.askebsa.dol.gov/FOIA%20Files/2023/Latest/F_5500_SF_2023_Latest.zip,
m-00264,biz-098,SBA-PPP-150K,9211517104,business group: single loan,"MECHANIC REFRIGERATION COMPANY, INC.","MECHANIC REFRIGERATION COMPANY, INC.",,"5616 Corporate Ave., CYPRESS 90630",,high,grouped,1 loan(s) kept separately by loan number and draw,https://data.sba.gov/dataset/ppp-foia,2024-09-30
m-00265,biz-099,SBA-PPP-150K,6959327407,business group: single loan,"MECHANICAL TECHNOLOGY SYSTEMS, INC.","MECHANICAL TECHNOLOGY SYSTEMS, INC.",,"1407 N. BATAVIA ST #117, ORANGE 92867-3525",,high,grouped,1 loan(s) kept separately by loan number and draw,https://data.sba.gov/dataset/ppp-foia,2024-09-30
m-00266,biz-099,CSLB-MASTER,828672,name E on BusinessName,"MECHANICAL TECHNOLOGY SYSTEMS, INC.",MECHANICAL TECHNOLOGY SYSTEMS INC,"1407 N. BATAVIA ST #117, ORANGE 92867-3525","1407 BATAVIA STREET#117, ORANGE CA 92867",street_loose,high,accepted,look up license #828672 at the evidence URL; IssueDate 2003-12-17; status CLEAR; classes C20,https://www2.cslb.ca.gov/OnlineServices/CheckLicenseII/CheckLicense.aspx,Updated as of 10/4/2026 (latest LastUpdate in the file; the portal date was not provided)
m-00267,biz-100,SBA-PPP-150K,3966737101;1119238405,business group: same_name_same_street,"MERTZ ENTERPRISES, INC. | MERTZ ENTERPRISES INC","MERTZ ENTERPRISES, INC. | MERTZ ENTERPRISES INC",,"11582 MARKON DR, GARDEN GROVE 92841-1809 | 11582 Markon Dr, Garden Grove 92841-1809",,high,grouped,2 loan(s) kept separately by loan number and draw,https://data.sba.gov/dataset/ppp-foia,2024-09-30
m-00268,biz-101,SBA-PPP-150K,7405917704;1621668705,business group: same_name_same_street,"MIKE COTTLE PLUMBING CO, INC. | MIKE COTTLE PLUMBING CO INC","MIKE COTTLE PLUMBING CO, INC. | MIKE COTTLE PLUMBING CO INC",,"10652 TRASK AVE, GARDEN GROVE 92843 | 10652 Trask Ave, Garden Grove 92843-2407",,high,grouped,2 loan(s) kept separately by loan number and draw,https://data.sba.gov/dataset/ppp-foia,2024-09-30
m-00269,biz-101,CSLB-MASTER,718978,name E on BUS-NAME-2,"MIKE COTTLE PLUMBING CO, INC.",COLE SERVICES PLUMBING HEATING AND AIR | MIKE COTTLE PLUMBING CO INC,"10652 TRASK AVE, GARDEN GROVE 92843","10652 TRASK AVENUE, GARDEN GROVE CA 92843",street,high,accepted,look up license #718978 at the evidence URL; IssueDate 1996-02-20; status CLEAR; classes C10 C20 C36,https://www2.cslb.ca.gov/OnlineServices/CheckLicenseII/CheckLicense.aspx,Updated as of 10/4/2026 (latest LastUpdate in the file; the portal date was not provided)
m-00270,biz-101,DOL-5500SF-2024,20251015134239NAL0009527202001|330691496-001,name E,"MIKE COTTLE PLUMBING CO, INC.","MIKE COTTLE PLUMBING CO., INC","10652 TRASK AVE, GARDEN GROVE 92843","10652 TRASK AVE, GARDEN GROVE CA 928432407",street,high,accepted,"plan 2024-01-01..2024-12-31, filed 2025-10-15, active participants 19, codes 2A2E2F2G2J2K2S2T3D",https://www.askebsa.dol.gov/FOIA%20Files/2024/Latest/F_5500_SF_2024_Latest.zip,
m-00271,biz-101,DOL-5500SF-2023,20240621135258NAL0002643473001|330691496-001,name E,"MIKE COTTLE PLUMBING CO, INC.","MIKE COTTLE PLUMBING CO., INC","10652 TRASK AVE, GARDEN GROVE 92843","10652 TRASK AVE, GARDEN GROVE CA 928432407",street,high,accepted,"plan 2023-01-01..2023-12-31, filed 2024-06-21, active participants 11, codes 2A2E2F2G2J2K2S2T3D",https://www.askebsa.dol.gov/FOIA%20Files/2023/Latest/F_5500_SF_2023_Latest.zip,
m-00272,biz-102,SBA-PPP-150K,4632597700;2045108609,business group: same_name_same_street,NEPTUNE FIRE PROTECTION INC,NEPTUNE FIRE PROTECTION INC,,"26072 MERIT CIRCLE SUITE 113, LAGUNA HILLS 92653 | 26072 Merit Cir, Laguna Hills 92653-7015",,high,grouped,2 loan(s) kept separately by loan number and draw,https://data.sba.gov/dataset/ppp-foia,2024-09-30
m-00273,biz-103,SBA-PPP-150K,3890257701,business group: single loan,NETWORK ROOTER &AMP; PLUMBING INC,NETWORK ROOTER &AMP; PLUMBING INC,,"17330 NEWHOPE ST SUITE G, FOUNTAIN VALLEY 92708",,high,grouped,1 loan(s) kept separately by loan number and draw,https://data.sba.gov/dataset/ppp-foia,2024-09-30
m-00274,biz-104,SBA-PPP-150K,5146617703,business group: single loan,"NEXGEN AIR CONDITIONING AND HEATING, INC","NEXGEN AIR CONDITIONING AND HEATING, INC",,"700 N VALLEY ST STE K, ANAHEIM 92801-3824",,high,grouped,1 loan(s) kept separately by loan number and draw,https://data.sba.gov/dataset/ppp-foia,2024-09-30
m-00275,biz-104,DOL-5500SF-2023,20241014110831NAL0014816963001|474788787-001,name E,"NEXGEN AIR CONDITIONING AND HEATING, INC","NEXGEN AIR CONDITIONING AND HEATING, INC.","700 N VALLEY ST STE K, ANAHEIM 92801-3824","5472 E LA PALMA AVE, ANAHEIM CA 92807",city,low,review,"plan 2023-01-01..2023-12-31, filed 2024-10-14, active participants 89, codes 2E3D2G2J2K2F2T",https://www.askebsa.dol.gov/FOIA%20Files/2023/Latest/F_5500_SF_2023_Latest.zip,
m-00276,biz-105,SBA-PPP-150K,5224057708,business group: single loan,NEXUS ENERGY SYSTEMS INC,NEXUS ENERGY SYSTEMS INC,,"2530 E CERRITOS AVE, ANAHEIM 92806-5627",,high,grouped,1 loan(s) kept separately by loan number and draw,https://data.sba.gov/dataset/ppp-foia,2024-09-30
m-00277,biz-106,SBA-PPP-150K,1867067205,business group: single loan,ORANGE COUNTY AIR CONDITIONING INC.,ORANGE COUNTY AIR CONDITIONING INC.,,"2952 CENTURY PL, COSTA MESA 92626-4324",,high,grouped,1 loan(s) kept separately by loan number and draw,https://data.sba.gov/dataset/ppp-foia,2024-09-30
m-00278,biz-106,DOL-5500SF-2024,20250603141546NAL0018468352001|952943007-001,name E,ORANGE COUNTY AIR CONDITIONING INC.,"ORANGE COUNTY AIR CONDITIONING, INC .","2952 CENTURY PL, COSTA MESA 92626-4324","2952 CENTURY PLACE, COSTA MESA CA 926264324",street,high,accepted,"plan 2024-06-01..2025-05-31, filed 2025-06-03, active participants 0, codes 2E2J2F2G3D2K",https://www.askebsa.dol.gov/FOIA%20Files/2024/Latest/F_5500_SF_2024_Latest.zip,
m-00279,biz-106,DOL-5500SF-2023,20241209141246NAL0006696579001|952943007-001,name E,ORANGE COUNTY AIR CONDITIONING INC.,"ORANGE COUNTY AIR CONDITIONING, INC .","2952 CENTURY PL, COSTA MESA 92626-4324","2952 CENTURY PLACE, COSTA MESA CA 926264324",street,high,accepted,"plan 2023-06-01..2024-05-31, filed 2024-12-09, active participants 31, codes 2E2J2F2G3D2K",https://www.askebsa.dol.gov/FOIA%20Files/2023/Latest/F_5500_SF_2023_Latest.zip,
m-00280,biz-107,SBA-PPP-150K,2244557208,business group: single loan,ORANGE COUNTY PUMPING INC.,ORANGE COUNTY PUMPING INC.,,"630 S Hathaway St, Santa Ana 92705",,high,grouped,1 loan(s) kept separately by loan number and draw,https://data.sba.gov/dataset/ppp-foia,2024-09-30
m-00281,biz-107,CSLB-MASTER,680703,name E on BusinessName,ORANGE COUNTY PUMPING INC.,ORANGE COUNTY PUMPING INC,"630 S Hathaway St, Santa Ana 92705","630 S HATHAWAY ST, SANTA ANA CA 92711",street,high,accepted,look up license #680703 at the evidence URL; IssueDate 1993-11-22; status CLEAR; classes A B C36 C42,https://www2.cslb.ca.gov/OnlineServices/CheckLicenseII/CheckLicense.aspx,Updated as of 10/4/2026 (latest LastUpdate in the file; the portal date was not provided)
m-00282,biz-108,SBA-PPP-150K,4559117209;4128768308,business group: same_name_same_street,PACIFIC PLUMBING COMPANY OF SANTA ANA,PACIFIC PLUMBING COMPANY OF SANTA ANA,,"615 E WASHINGTON AVE, SANTA ANA 92702 | 615 E Washington Ave, Santa Ana 92701-3842",,high,grouped,2 loan(s) kept separately by loan number and draw,https://data.sba.gov/dataset/ppp-foia,2024-09-30
m-00283,biz-108,CSLB-MASTER,266807,name E on BusinessName,PACIFIC PLUMBING COMPANY OF SANTA ANA,PACIFIC PLUMBING COMPANY OF SANTA ANA,"615 E WASHINGTON AVE, SANTA ANA 92702","P O BOX 1494, SANTA ANA CA 92702",zip,medium,review,look up license #266807 at the evidence URL; IssueDate 1971-01-04; status CLEAR; classes A B C-4 C16 C20 C36 C42 HAZ,https://www2.cslb.ca.gov/OnlineServices/CheckLicenseII/CheckLicense.aspx,Updated as of 10/4/2026 (latest LastUpdate in the file; the portal date was not provided)
m-00284,biz-109,SBA-PPP-150K,2459408409,business group: single loan,PACIFIC WEST INDUSTRIES INC,PACIFIC WEST INDUSTRIES INC,,"4051 E La Palma Ave Ste A, Anaheim 92807-1751",,high,grouped,1 loan(s) kept separately by loan number and draw,https://data.sba.gov/dataset/ppp-foia,2024-09-30
m-00285,biz-110,SBA-PPP-150K,1735957700,business group: single loan,PENNINE PLUMBING INC,PENNINE PLUMBING INC,,"1139 S PLACENTIA AVE, FULLERTON 92831",,high,grouped,1 loan(s) kept separately by loan number and draw,https://data.sba.gov/dataset/ppp-foia,2024-09-30
m-00286,biz-111,SBA-PPP-150K,5441497206;4784468310,business group: same_name_same_street,PIPE RESTORATION INC.,PIPE RESTORATION INC.,,"3122 W ALPINE STREET, Santa Ana 92704 | 3122 W Alpine St, Santa Ana 92704-6912",,high,grouped,2 loan(s) kept separately by loan number and draw,https://data.sba.gov/dataset/ppp-foia,2024-09-30
m-00287,biz-111,CSLB-MASTER,821595,name E on BusinessName,PIPE RESTORATION INC.,PIPE RESTORATION INC,"3122 W ALPINE STREET, Santa Ana 92704","2926 W PENDLETON AVE, SANTA ANA CA 92704",zip,medium,review,look up license #821595 at the evidence URL; IssueDate 2003-07-09; status CLEAR; classes C36,https://www2.cslb.ca.gov/OnlineServices/CheckLicenseII/CheckLicense.aspx,Updated as of 10/4/2026 (latest LastUpdate in the file; the portal date was not provided)
m-00288,biz-112,SBA-PPP-150K,4173118300,business group: single loan,PIPELINE RESTORATION PLUMBING INC,PIPELINE RESTORATION PLUMBING INC,,"2700 S Main St Ste E, Santa Ana 92707-3431",,high,grouped,1 loan(s) kept separately by loan number and draw,https://data.sba.gov/dataset/ppp-foia,2024-09-30
m-00289,biz-113,SBA-PPP-150K,2417027103,business group: single loan,"PLUMBING, PIPING & CONSTRUCTION INC","PLUMBING, PIPING & CONSTRUCTION INC",,"5950 Lakeshore Drive, CYPRESS 90630-3371",,high,grouped,1 loan(s) kept separately by loan number and draw,https://data.sba.gov/dataset/ppp-foia,2024-09-30
m-00290,biz-113,CSLB-MASTER,291740,name E on BusinessName,"PLUMBING, PIPING & CONSTRUCTION INC",PLUMBING PIPING & CONSTRUCTION INC,"5950 Lakeshore Drive, CYPRESS 90630-3371","5950 LAKESHORE DRIVE, CYPRESS CA 90630",street,high,accepted,look up license #291740 at the evidence URL; IssueDate 1974-03-04; status CLEAR; classes A B C-4 C16 C20 C36,https://www2.cslb.ca.gov/OnlineServices/CheckLicenseII/CheckLicense.aspx,Updated as of 10/4/2026 (latest LastUpdate in the file; the portal date was not provided)
m-00291,biz-113,DOL-5500-2025,20260625171337NAL0008870129001|952836137-003,name E,"PLUMBING, PIPING & CONSTRUCTION INC","PLUMBING, PIPING & CONSTRUCTION, INC.","5950 Lakeshore Drive, CYPRESS 90630-3371","5950 LAKESHORE DRIVE, CYPRESS CA 90630",street,high,accepted,"plan 2025-01-01..2025-12-31, filed 2026-06-25, active participants 25, codes 2E2F2G3H3D2T",https://www.askebsa.dol.gov/FOIA%20Files/2025/Latest/F_5500_2025_Latest.zip,
m-00292,biz-113,DOL-5500-2024,20250523113808NAL0009974018001|952836137-003,name E,"PLUMBING, PIPING & CONSTRUCTION INC","PLUMBING, PIPING & CONSTRUCTION, INC.","5950 Lakeshore Drive, CYPRESS 90630-3371","5950 LAKESHORE DRIVE, CYPRESS CA 90630",street,high,accepted,"plan 2024-01-01..2024-12-31, filed 2025-05-23, active participants 30, codes 2E2F2G3H3D2T",https://www.askebsa.dol.gov/FOIA%20Files/2024/Latest/F_5500_2024_Latest.zip,
m-00293,biz-113,DOL-5500-2023,20240426143656NAL0011660739001|952836137-003,name E,"PLUMBING, PIPING & CONSTRUCTION INC","PLUMBING, PIPING & CONSTRUCTION, INC.","5950 Lakeshore Drive, CYPRESS 90630-3371","5950 LAKESHORE DRIVE, CYPRESS CA 90630",street,high,accepted,"plan 2023-01-01..2023-12-31, filed 2024-04-26, active participants 34, codes 2E2F2G3H3D2T",https://www.askebsa.dol.gov/FOIA%20Files/2023/Latest/F_5500_2023_Latest.zip,
m-00294,biz-114,SBA-PPP-150K,8730137301,business group: single loan,"POWER EDGE SOLUTIONS, INC.","POWER EDGE SOLUTIONS, INC.",,"1910 VIA  E, ANAHEIM 92806",,high,grouped,1 loan(s) kept separately by loan number and draw,https://data.sba.gov/dataset/ppp-foia,2024-09-30
m-00295,biz-115,SBA-PPP-150K,2566287300,business group: single loan,POWERHOUSE COMBUSTION & MECHANICAL CORPORATION,POWERHOUSE COMBUSTION & MECHANICAL CORPORATION,,"3410 W Maywood Ave, Santa Ana 92704",,high,grouped,1 loan(s) kept separately by loan number and draw,https://data.sba.gov/dataset/ppp-foia,2024-09-30
m-00296,biz-115,CSLB-MASTER,786109,name C on BusinessName,POWERHOUSE COMBUSTION & MECHANICAL CORPORATION,POWERHOUSE COMBUSTION & MECHANICAL,"3410 W Maywood Ave, Santa Ana 92704","3410 W MAYWOOD, SANTA ANA CA 92704",street_loose,medium,review,look up license #786109 at the evidence URL; IssueDate 2000-10-19; status CLEAR; classes B C-4,https://www2.cslb.ca.gov/OnlineServices/CheckLicenseII/CheckLicense.aspx,Updated as of 10/4/2026 (latest LastUpdate in the file; the portal date was not provided)
m-00297,biz-115,DOL-5500SF-2024,20251013173237NAL0001782113001|452408035-001,name E,POWERHOUSE COMBUSTION & MECHANICAL CORPORATION,POWERHOUSE COMBUSTION & MECHANICAL CORPORATION,"3410 W Maywood Ave, Santa Ana 92704","3410 WEST MAYWOOD AVENUE, SANTA ANA CA 92704",street,high,accepted,"plan 2024-01-01..2024-12-31, filed 2025-10-13, active participants 18, codes 2A2E2J2F2G3D2K",https://www.askebsa.dol.gov/FOIA%20Files/2024/Latest/F_5500_SF_2024_Latest.zip,
m-00298,biz-115,DOL-5500SF-2023,20241015153436NAL0014977955001|452408035-001,name E,POWERHOUSE COMBUSTION & MECHANICAL CORPORATION,POWERHOUSE COMBUSTION & MECHANICAL CORPORATION,"3410 W Maywood Ave, Santa Ana 92704","3410 WEST MAYWOOD AVENUE, SANTA ANA CA 92704",street,high,accepted,"plan 2023-01-01..2023-12-31, filed 2024-10-15, active participants 17, codes 2A2E2J2F2G3D2K",https://www.askebsa.dol.gov/FOIA%20Files/2023/Latest/F_5500_SF_2023_Latest.zip,
m-00299,biz-116,SBA-PPP-150K,2410287108,business group: single loan,PPC AIR CONDITIONING INC.,PPC AIR CONDITIONING INC.,,"5950 Lakeshore Drive, CYPRESS 90630-3371",,high,grouped,1 loan(s) kept separately by loan number and draw,https://data.sba.gov/dataset/ppp-foia,2024-09-30
m-00300,biz-117,SBA-PPP-150K,2425307104,business group: single loan,PPC SERVICE INC,PPC SERVICE INC,,"5950 Lakeshore Drive, CYPRESS 90630-3371",,high,grouped,1 loan(s) kept separately by loan number and draw,https://data.sba.gov/dataset/ppp-foia,2024-09-30
m-00301,biz-117,CSLB-MASTER,1129774,name E on BusinessName,PPC SERVICE INC,PPC SERVICE INC,"5950 Lakeshore Drive, CYPRESS 90630-3371","5950 LAKESHORE DRIVE, CYPRESS CA 90630",street,high,accepted,look up license #1129774 at the evidence URL; IssueDate 2024-12-02; status CLEAR; classes A B C-4 C16 C20 C36,https://www2.cslb.ca.gov/OnlineServices/CheckLicenseII/CheckLicense.aspx,Updated as of 10/4/2026 (latest LastUpdate in the file; the portal date was not provided)
m-00302,biz-118,SBA-PPP-150K,8105497309;9085108409,business group: same_name_same_street,PRISTINE PLUMBING INC,PRISTINE PLUMBING INC,,"16 Technology Dr Ste 141, Irvine 92618 | 16 Technology Dr Ste 141, Irvine 92618-2324",,high,grouped,2 loan(s) kept separately by loan number and draw,https://data.sba.gov/dataset/ppp-foia,2024-09-30
m-00303,biz-119,SBA-PPP-150K,4773777710,business group: single loan,PRO MECHANICAL CORP,PRO MECHANICAL CORP,,"507 W BLUERIDGE AVE, ORANGE 92865",,high,grouped,1 loan(s) kept separately by loan number and draw,https://data.sba.gov/dataset/ppp-foia,2024-09-30
m-00304,biz-120,SBA-PPP-150K,5458847004,business group: single loan,PROCESS CELLULAR INC.,PROCESS CELLULAR INC.,,"3020 W HARVARD ST, SANTA ANA 92704-3914",,high,grouped,1 loan(s) kept separately by loan number and draw,https://data.sba.gov/dataset/ppp-foia,2024-09-30
m-00305,biz-121,SBA-PPP-150K,3054518403,business group: single loan,PROFESSIONAL PLUMBING & DRAIN CLEANING INC.,PROFESSIONAL PLUMBING & DRAIN CLEANING INC.,,"2292 N Batavia St Ste B, Orange 92865-3100",,high,grouped,1 loan(s) kept separately by loan number and draw,https://data.sba.gov/dataset/ppp-foia,2024-09-30
m-00306,biz-122,SBA-PPP-150K,8897238305,business group: single loan,PROSPEC INC,PROSPEC INC,,"1164 E Valencia Dr, Fullerton 92831-4627",,high,grouped,1 loan(s) kept separately by loan number and draw,https://data.sba.gov/dataset/ppp-foia,2024-09-30
m-00307,biz-123,SBA-PPP-150K,6231587205;1499128506,business group: same_name_same_street,"R.T. SHELTON, INC. | R.T. SHELTON INC.","R.T. SHELTON, INC. | R.T. SHELTON INC.",,"4065 E LA PALMA AVE #A, ANAHEIM 92807-1740 | 4065 E La Palma Ave, Anaheim 92807-1740",,high,grouped,2 loan(s) kept separately by loan number and draw,https://data.sba.gov/dataset/ppp-foia,2024-09-30
m-00308,biz-123,CSLB-MASTER,869383,name E on BUS-NAME-2,"R.T. SHELTON, INC.",ORTIZ FIRE PROTECTION | R T SHELTON INC | R T SHELTON INC DBA ORTIZ FIRE PROTECTION,"4065 E LA PALMA AVE #A, ANAHEIM 92807-1740","4065 E LA PALMA AVE STE A, ANAHEIM CA 92807",street,high,accepted,look up license #869383 at the evidence URL; IssueDate 2005-12-13; status CLEAR; classes C16,https://www2.cslb.ca.gov/OnlineServices/CheckLicenseII/CheckLicense.aspx,Updated as of 10/4/2026 (latest LastUpdate in the file; the portal date was not provided)
m-00309,biz-124,SBA-PPP-150K,4125627103,business group: single loan,"RAM AIR ENGINEERING, INC.","RAM AIR ENGINEERING, INC.",,"25172 ARCTIC OCEAN DR, LAKE FOREST 92630-8850",,high,grouped,1 loan(s) kept separately by loan number and draw,https://data.sba.gov/dataset/ppp-foia,2024-09-30
m-00310,biz-125,SBA-PPP-150K,6893538305,business group: single loan,RAM AIR ENGINEERING INC.,RAM AIR ENGINEERING INC.,,"25775 Las Vegas Ave, Dana Point 92624-1117",,high,grouped,1 loan(s) kept separately by loan number and draw,https://data.sba.gov/dataset/ppp-foia,2024-09-30
m-00311,biz-125,CSLB-MASTER,470556,name E on BusinessName,RAM AIR ENGINEERING INC.,RAM AIR ENGINEERING INC,"25775 Las Vegas Ave, Dana Point 92624-1117","25775 LAS VEGAS, DANA POINT CA 92624",street_loose,high,accepted,look up license #470556 at the evidence URL; IssueDate 1985-03-06; status CLEAR; classes C20,https://www2.cslb.ca.gov/OnlineServices/CheckLicenseII/CheckLicense.aspx,Updated as of 10/4/2026 (latest LastUpdate in the file; the portal date was not provided)
m-00312,biz-126,SBA-PPP-150K,4167477104;8115568306,business group: legal_suffix_variant_same_street,"RAMCO REFRIGERATION AND AIR CONDITIONING, INC. | RAMCO REFRIGERATION AND AIR CONDITIONING","RAMCO REFRIGERATION AND AIR CONDITIONING, INC. | RAMCO REFRIGERATION AND AIR CONDITIONING",,"3921 E MIRALOMA AVE, ANAHEIM 92806-6201 | 3921 E Miraloma Ave, Anaheim 92806-6201",,high,grouped,2 loan(s) kept separately by loan number and draw,https://data.sba.gov/dataset/ppp-foia,2024-09-30
m-00313,biz-126,DOL-5500SF-2023,20240919165834NAL0010979920001|330443957-001,name T,"RAMCO REFRIGERATION AND AIR CONDITIONING, INC.","RAMCO REFRIGERATION AIR CONDITIONING, INC.","3921 E MIRALOMA AVE, ANAHEIM 92806-6201","3921 E. MIRALOMA AVE., ANAHEIM CA 92806",street,medium,review,"plan 2023-01-01..2023-12-31, filed 2024-09-19, active participants 3, codes 2E2F2G2J2A2T3D",https://www.askebsa.dol.gov/FOIA%20Files/2023/Latest/F_5500_SF_2023_Latest.zip,
m-00314,biz-127,SBA-PPP-150K,3928617110,business group: single loan,"REFRIGERATION CONTROL COMPANY, INC.","REFRIGERATION CONTROL COMPANY, INC.",,"33548 Valle Rd, SAN JUAN CAPISTRANO 92675",,high,grouped,1 loan(s) kept separately by loan number and draw,https://data.sba.gov/dataset/ppp-foia,2024-09-30
m-00315,biz-128,SBA-PPP-150K,6286067308,business group: single loan,REGENCY PLUMBING & PIPING INC,REGENCY PLUMBING & PIPING INC,,"1039 W Barkley Ave, Orange 92868",,high,grouped,1 loan(s) kept separately by loan number and draw,https://data.sba.gov/dataset/ppp-foia,2024-09-30
m-00316,biz-128,CSLB-MASTER,1013374,name E on BusinessName,REGENCY PLUMBING & PIPING INC,REGENCY PLUMBING & PIPING INC,"1039 W Barkley Ave, Orange 92868","1039 W BARKLEY AVE, ORANGE CA 92868",street,high,accepted,look up license #1013374 at the evidence URL; IssueDate 2016-04-28; status CLEAR; classes C36,https://www2.cslb.ca.gov/OnlineServices/CheckLicenseII/CheckLicense.aspx,Updated as of 10/4/2026 (latest LastUpdate in the file; the portal date was not provided)
m-00317,biz-128,DOL-5500SF-2024,20250915220106NAL0000948995001|811309443-001,name E,REGENCY PLUMBING & PIPING INC,"REGENCY PLUMBING & PIPING, INC","1039 W Barkley Ave, Orange 92868","1039 W BARKLEY AVE, ORANGE CA 92868",street,high,accepted,"plan 2024-01-01..2024-12-31, filed 2025-09-15, active participants 48, codes 2E2F2G2J2K2S2T3D",https://www.askebsa.dol.gov/FOIA%20Files/2024/Latest/F_5500_SF_2024_Latest.zip,
m-00318,biz-128,DOL-5500SF-2023,20241011174505NAL0045346722001|811309443-001,name E,REGENCY PLUMBING & PIPING INC,"REGENCY PLUMBING & PIPING, INC","1039 W Barkley Ave, Orange 92868","1039 W. BARKLEY AVE, ORANGE CA 92868",street,high,accepted,"plan 2023-01-01..2023-12-31, filed 2024-10-11, active participants 1, codes 2E2F2G2J2K2S2T3D",https://www.askebsa.dol.gov/FOIA%20Files/2023/Latest/F_5500_SF_2023_Latest.zip,
m-00319,biz-129,SBA-PPP-150K,5718647109;3939648709,business group: same_name_same_street,"RESIDENTIAL FIRE SYSTEMS, INC. | RESIDENTIAL FIRE SYSTEMS INC.","RESIDENTIAL FIRE SYSTEMS, INC. | RESIDENTIAL FIRE SYSTEMS INC.",,"8085 E CRYSTAL DR, ANAHEIM 92807-2523 | 8085 E Crystal Dr, Anaheim 92807-2523",,high,grouped,2 loan(s) kept separately by loan number and draw,https://data.sba.gov/dataset/ppp-foia,2024-09-30
m-00320,biz-129,CSLB-MASTER,786965,name E on BusinessName,"RESIDENTIAL FIRE SYSTEMS, INC.",RESIDENTIAL FIRE SYSTEMS INC,"8085 E CRYSTAL DR, ANAHEIM 92807-2523","8085 E CRYSTAL DRIVE, ANAHEIM CA 92807",street,high,accepted,look up license #786965 at the evidence URL; IssueDate 2000-11-03; status CLEAR; classes C10 C16,https://www2.cslb.ca.gov/OnlineServices/CheckLicenseII/CheckLicense.aspx,Updated as of 10/4/2026 (latest LastUpdate in the file; the portal date was not provided)
m-00321,biz-129,DOL-5500SF-2025,20260525134114NAL0005403745001|330922234-001,name E,"RESIDENTIAL FIRE SYSTEMS, INC.",RESIDENTIAL FIRE SYSTEMS INC,"8085 E CRYSTAL DR, ANAHEIM 92807-2523","8085 E CRYSTAL DRIVE, ANAHEIM CA 92807",street,high,accepted,"plan 2025-01-01..2025-12-31, filed 2026-05-25, active participants 78, codes 2E2F2G2J2K2T3D",https://www.askebsa.dol.gov/FOIA%20Files/2025/Latest/F_5500_SF_2025_Latest.zip,
m-00322,biz-129,DOL-5500SF-2024,20250527074459NAL0005461921001|330922234-001,name E,"RESIDENTIAL FIRE SYSTEMS, INC.",RESIDENTIAL FIRE SYSTEMS INC,"8085 E CRYSTAL DR, ANAHEIM 92807-2523","8085 E CRYSTAL DRIVE, ANAHEIM CA 92807",street,high,accepted,"plan 2024-01-01..2024-12-31, filed 2025-05-27, active participants 60, codes 2E2F2G2J2K2T3D",https://www.askebsa.dol.gov/FOIA%20Files/2024/Latest/F_5500_SF_2024_Latest.zip,
m-00323,biz-129,DOL-5500SF-2023,20240530075533NAL0022204784001|330922234-001,name E,"RESIDENTIAL FIRE SYSTEMS, INC.",RESIDENTIAL FIRE SYSTEMS INC,"8085 E CRYSTAL DR, ANAHEIM 92807-2523","8085 E CRYSTAL DRIVE, ANAHEIM CA 92807",street,high,accepted,"plan 2023-01-01..2023-12-31, filed 2024-05-30, active participants 67, codes 2E2F2G2J2K2T3D",https://www.askebsa.dol.gov/FOIA%20Files/2023/Latest/F_5500_SF_2023_Latest.zip,
m-00324,biz-130,SBA-PPP-150K,2816347701,business group: single loan,RGA ROOTER &AMP; PLUMBING INC,RGA ROOTER &AMP; PLUMBING INC,,"18011 THEODORA DR, TUSTIN 92780",,high,grouped,1 loan(s) kept separately by loan number and draw,https://data.sba.gov/dataset/ppp-foia,2024-09-30
m-00325,biz-130,DOL-5500SF-2024,20250528154705NAL0019040786001|270554721-001,name E,RGA ROOTER &AMP; PLUMBING INC,RGA ROOTER &AMP PLUMBING INC,"18011 THEODORA DR, TUSTIN 92780","18011 THEODORA DR, TUSTIN CA 92780",street,high,accepted,"plan 2024-01-01..2024-12-31, filed 2025-05-28, active participants 13, codes 2E2F2G2J2K2T3D",https://www.askebsa.dol.gov/FOIA%20Files/2024/Latest/F_5500_SF_2024_Latest.zip,
m-00326,biz-130,DOL-5500SF-2023,20241004051716NAL0010974721001|270554721-001,name E,RGA ROOTER &AMP; PLUMBING INC,RGA ROOTER &AMP PLUMBING INC,"18011 THEODORA DR, TUSTIN 92780","18011 THEODORA DR., TUSTIN CA 92780",street,high,accepted,"plan 2023-01-01..2023-12-31, filed 2024-10-04, active participants 11, codes 2E2F2G2J2K2T3D",https://www.askebsa.dol.gov/FOIA%20Files/2023/Latest/F_5500_SF_2023_Latest.zip,
m-00327,biz-131,SBA-PPP-150K,9855267009;2717438705,business group: same_name_same_street,"RH ORANGE, INC. | RH ORANGE INC.","RH ORANGE, INC. | RH ORANGE INC.",,"1328 S Allec St, Anaheim 92805-6303 | 1328 South ALLEC ST, ANAHEIM 92805-6303",,high,grouped,2 loan(s) kept separately by loan number and draw,https://data.sba.gov/dataset/ppp-foia,2024-09-30
m-00328,biz-132,SBA-PPP-150K,1036067705,business group: single loan,"SADDLEBACK PLUMBING, INC.","SADDLEBACK PLUMBING, INC.",,"23901 REMME RDG, LAKE FOREST 92630",,high,grouped,1 loan(s) kept separately by loan number and draw,https://data.sba.gov/dataset/ppp-foia,2024-09-30
m-00329,biz-132,CSLB-MASTER,414946,name E on BusinessName,"SADDLEBACK PLUMBING, INC.",SADDLEBACK PLUMBING INC,"23901 REMME RDG, LAKE FOREST 92630","23901 REMME RIDGE, LAKE FOREST CA 92630",street_loose,high,accepted,look up license #414946 at the evidence URL; IssueDate 1981-12-02; status CLEAR; classes C20 C36,https://www2.cslb.ca.gov/OnlineServices/CheckLicenseII/CheckLicense.aspx,Updated as of 10/4/2026 (latest LastUpdate in the file; the portal date was not provided)
m-00330,biz-133,SBA-PPP-150K,8014268507,business group: single loan,SCOTT ENGLISH PLUMBING INC,SCOTT ENGLISH PLUMBING INC,,"1230 N Jefferson St H, Anaheim 92807-1631",,high,grouped,1 loan(s) kept separately by loan number and draw,https://data.sba.gov/dataset/ppp-foia,2024-09-30
m-00331,biz-133,DOL-5500SF-2023,20241008112341NAL0016521009001|205029210-001,name E,SCOTT ENGLISH PLUMBING INC,"SCOTT ENGLISH PLUMBING, INC.","1230 N Jefferson St H, Anaheim 92807-1631","1230 N. JEFFERSON STREET, SUITE H, ANAHEIM CA 92807",street_loose,high,accepted,"plan 2023-01-01..2023-12-31, filed 2024-10-08, active participants 28, codes 2A2E2F2G2J2T3D",https://www.askebsa.dol.gov/FOIA%20Files/2023/Latest/F_5500_SF_2023_Latest.zip,
m-00332,biz-134,SBA-PPP-150K,3973397703,business group: single loan,SEASIDE AIR ENTERPRISES INC,SEASIDE AIR ENTERPRISES INC,,"32959 CALLE PERFECTO UNIT C, SAN JUAN CAPISTRANO 92675",,high,grouped,1 loan(s) kept separately by loan number and draw,https://data.sba.gov/dataset/ppp-foia,2024-09-30
m-00333,biz-134,CSLB-MASTER,736214,name E on BUS-NAME-2,SEASIDE AIR ENTERPRISES INC,SEASIDE AIR CONDITIONING AND HEATING | SEASIDE AIR ENTERPRISES INC | SEASIDE AIR ENTERPRISES INC DBA SEASIDE AIR CONDITIONING AND HEAT,"32959 CALLE PERFECTO UNIT C, SAN JUAN CAPISTRANO 92675","32959 CALLE PERFECTO UNIT C, SAN JUAN CAPISTRANO CA 92675",street,high,accepted,look up license #736214 at the evidence URL; IssueDate 1997-05-16; status CLEAR; classes C20,https://www2.cslb.ca.gov/OnlineServices/CheckLicenseII/CheckLicense.aspx,Updated as of 10/4/2026 (latest LastUpdate in the file; the portal date was not provided)
m-00334,biz-134,DOL-5500SF-2024,20251010191208NAL0004871891001|651268100-001,name E,SEASIDE AIR ENTERPRISES INC,"SEASIDE AIR ENTERPRISES, INC.","32959 CALLE PERFECTO UNIT C, SAN JUAN CAPISTRANO 92675","32959 CALLE PERFECTO - SUITE C, SAN JUAN CAPISTRANO CA 92675",street,high,accepted,"plan 2024-01-01..2024-12-31, filed 2025-10-10, active participants 15, codes 2F2J2K2G",https://www.askebsa.dol.gov/FOIA%20Files/2024/Latest/F_5500_SF_2024_Latest.zip,
m-00335,biz-134,DOL-5500SF-2023,20240610193846NAL0043243056001|651268100-001,name E,SEASIDE AIR ENTERPRISES INC,"SEASIDE AIR ENTERPRISES, INC.","32959 CALLE PERFECTO UNIT C, SAN JUAN CAPISTRANO 92675","32959 CALLE PERFECTO - SUITE C, SAN JUAN CAPISTRANO CA 92675",street,high,accepted,"plan 2023-01-01..2023-12-31, filed 2024-06-10, active participants 15, codes 2F2J2K2G",https://www.askebsa.dol.gov/FOIA%20Files/2023/Latest/F_5500_SF_2023_Latest.zip,
m-00336,biz-135,SBA-PPP-150K,7134917701,business group: single loan,"SHELTON FIRE PROTECTION CO., INC.","SHELTON FIRE PROTECTION CO., INC.",,"22745 La Palma Avenue, Yorba Linda 92887",,high,grouped,1 loan(s) kept separately by loan number and draw,https://data.sba.gov/dataset/ppp-foia,2024-09-30
m-00337,biz-135,CSLB-MASTER,677631,name E on BusinessName,"SHELTON FIRE PROTECTION CO., INC.",SHELTON FIRE PROTECTION CO INC,"22745 La Palma Avenue, Yorba Linda 92887","22745 LA PALMA AVENUE, YORBA LINDA CA 92887",street,high,accepted,look up license #677631 at the evidence URL; IssueDate 1993-09-22; status CLEAR; classes C16 C34,https://www2.cslb.ca.gov/OnlineServices/CheckLicenseII/CheckLicense.aspx,Updated as of 10/4/2026 (latest LastUpdate in the file; the portal date was not provided)
m-00338,biz-135,DOL-5500SF-2025,20260810125750NAL0010174819001|010699291-003,name E,"SHELTON FIRE PROTECTION CO., INC.","SHELTON FIRE PROTECTION CO., INC.","22745 La Palma Avenue, Yorba Linda 92887","22745 LA PALMA AVENUE, YORBA LINDA CA 92887",street,high,accepted,"plan 2025-01-01..2025-12-31, filed 2026-08-10, active participants 5, codes 1C3D",https://www.askebsa.dol.gov/FOIA%20Files/2025/Latest/F_5500_SF_2025_Latest.zip,
m-00339,biz-135,DOL-5500SF-2025,20260810130308NAL0008198400002|010699291-002,name E,"SHELTON FIRE PROTECTION CO., INC.","SHELTON FIRE PROTECTION CO., INC.","22745 La Palma Avenue, Yorba Linda 92887","22745 LA PALMA AVENUE, YORBA LINDA CA 92887",street,high,accepted,"plan 2025-01-01..2025-12-31, filed 2026-08-10, active participants 5, codes 2A2E2G2J3D",https://www.askebsa.dol.gov/FOIA%20Files/2025/Latest/F_5500_SF_2025_Latest.zip,
m-00340,biz-135,DOL-5500SF-2024,20250602154216NAL0017794112001|010699291-003,name E,"SHELTON FIRE PROTECTION CO., INC.","SHELTON FIRE PROTECTION CO., INC.","22745 La Palma Avenue, Yorba Linda 92887","22745 LA PALMA AVENUE, YORBA LINDA CA 92887",street,high,accepted,"plan 2024-01-01..2024-12-31, filed 2025-06-02, active participants 4, codes 1C3D",https://www.askebsa.dol.gov/FOIA%20Files/2024/Latest/F_5500_SF_2024_Latest.zip,
m-00341,biz-135,DOL-5500SF-2024,20250602153350NAL0010176129001|010699291-002,name E,"SHELTON FIRE PROTECTION CO., INC.","SHELTON FIRE PROTECTION CO., INC.","22745 La Palma Avenue, Yorba Linda 92887","22745 LA PALMA AVENUE, YORBA LINDA CA 92887",street,high,accepted,"plan 2024-01-01..2024-12-31, filed 2025-06-02, active participants 4, codes 2A2E2G2J3D",https://www.askebsa.dol.gov/FOIA%20Files/2024/Latest/F_5500_SF_2024_Latest.zip,
m-00342,biz-135,DOL-5500SF-2023,20240320120815NAL0001533923001|010699291-002,name E,"SHELTON FIRE PROTECTION CO., INC.","SHELTON FIRE PROTECTION CO., INC.","22745 La Palma Avenue, Yorba Linda 92887","22745 LA PALMA AVENUE, YORBA LINDA CA 92887",street,high,accepted,"plan 2023-01-01..2023-12-31, filed 2024-03-20, active participants 4, codes 2A2E2G2J3D",https://www.askebsa.dol.gov/FOIA%20Files/2023/Latest/F_5500_SF_2023_Latest.zip,
m-00343,biz-136,SBA-PPP-150K,2639817110;9026358403,business group: same_name_same_street,SMART CHOICE HEATING AND AIR,SMART CHOICE HEATING AND AIR,,"2525 W Woodland Dr, Anaheim 92801 | 2525 W Woodland Dr, Anaheim 92801-2637",,high,grouped,2 loan(s) kept separately by loan number and draw,https://data.sba.gov/dataset/ppp-foia,2024-09-30
m-00344,biz-137,SBA-PPP-150K,7728197304,business group: single loan,SONSHINE PLUMBING INC,SONSHINE PLUMBING INC,,"10537 DALE AVE, STANTON 90680-2641",,high,grouped,1 loan(s) kept separately by loan number and draw,https://data.sba.gov/dataset/ppp-foia,2024-09-30
m-00345,biz-138,SBA-PPP-150K,6056097006,business group: single loan,SOUTH COAST MECHANICAL INC,SOUTH COAST MECHANICAL INC,,"800 E. ORANGETHORPE AVE, ANAHEIM 92801-1123",,high,grouped,1 loan(s) kept separately by loan number and draw,https://data.sba.gov/dataset/ppp-foia,2024-09-30
m-00346,biz-138,CSLB-MASTER,857144,name C on BUS-NAME-2,SOUTH COAST MECHANICAL INC,SOUTH COAST FACILITY SERVICES | SOUTH COAST MECHANICAL LLC,"800 E. ORANGETHORPE AVE, ANAHEIM 92801-1123","800 E ORANGETHORPE AVE, ANAHEIM CA 92801",street,medium,review,look up license #857144 at the evidence URL; IssueDate 2005-04-08; status CLEAR; classes B C-4 C10 C20 C36,https://www2.cslb.ca.gov/OnlineServices/CheckLicenseII/CheckLicense.aspx,Updated as of 10/4/2026 (latest LastUpdate in the file; the portal date was not provided)
m-00347,biz-138,DOL-5500SF-2025,20260622212615NAL0004949027001|050613326-001,name E,SOUTH COAST MECHANICAL INC,"SOUTH COAST MECHANICAL, INC.","800 E. ORANGETHORPE AVE, ANAHEIM 92801-1123","800 E. ORANGETHORPE AVE., ANAHEIM CA 92801",street,high,accepted,"plan 2025-01-01..2025-12-31, filed 2026-06-22, active participants 83, codes 2A2E2F2G2J2K2T3D3H",https://www.askebsa.dol.gov/FOIA%20Files/2025/Latest/F_5500_SF_2025_Latest.zip,
m-00348,biz-138,DOL-5500SF-2024,20250623120329NAL0003526035001|050613326-001,name E,SOUTH COAST MECHANICAL INC,"SOUTH COAST MECHANICAL, INC.","800 E. ORANGETHORPE AVE, ANAHEIM 92801-1123","800 E. ORANGETHORPE AVE., ANAHEIM CA 92801",street,high,accepted,"plan 2024-01-01..2024-12-31, filed 2025-06-23, active participants 86, codes 2A2E2F2G2J2K2T3D3H",https://www.askebsa.dol.gov/FOIA%20Files/2024/Latest/F_5500_SF_2024_Latest.zip,
m-00349,biz-138,DOL-5500SF-2023,20240724115135NAL0012910289001|050613326-001,name E,SOUTH COAST MECHANICAL INC,"SOUTH COAST MECHANICAL, INC.","800 E. ORANGETHORPE AVE, ANAHEIM 92801-1123","800 E. ORANGETHORPE AVE., ANAHEIM CA 92801",street,high,accepted,"plan 2023-01-01..2023-12-31, filed 2024-07-24, active participants 61, codes 2A2E2F2G2J2K2T3D3H",https://www.askebsa.dol.gov/FOIA%20Files/2023/Latest/F_5500_SF_2023_Latest.zip,
m-00350,biz-139,SBA-PPP-150K,2370597210;4262068703,business group: same_name_same_street,SPECTRUM MECHANICAL INC,SPECTRUM MECHANICAL INC,,"9760 RESEARCH DR Unit DD, IRVINE 92618-4327 | 9760 Research Dr Unit Dd, Irvine 92618-4327",,high,grouped,2 loan(s) kept separately by loan number and draw,https://data.sba.gov/dataset/ppp-foia,2024-09-30
m-00351,biz-139,CSLB-MASTER,764636,name E on BusinessName,SPECTRUM MECHANICAL INC,SPECTRUM MECHANICAL INC,"9760 RESEARCH DR Unit DD, IRVINE 92618-4327","9760 RESEARCH DRIVE UNIT DD, IRVINE CA 92618",street,high,accepted,look up license #764636 at the evidence URL; IssueDate 1999-06-18; status CLEAR; classes C20,https://www2.cslb.ca.gov/OnlineServices/CheckLicenseII/CheckLicense.aspx,Updated as of 10/4/2026 (latest LastUpdate in the file; the portal date was not provided)
m-00352,biz-140,SBA-PPP-150K,3997027201,business group: single loan,STERLING PLUMBING INC.,STERLING PLUMBING INC.,,"3111 W CENTRAL AVE, SANTA ANA 92704-5302",,high,grouped,1 loan(s) kept separately by loan number and draw,https://data.sba.gov/dataset/ppp-foia,2024-09-30
m-00353,biz-140,CSLB-MASTER,825163,name E on BusinessName,STERLING PLUMBING INC.,STERLING PLUMBING INC,"3111 W CENTRAL AVE, SANTA ANA 92704-5302","3111 WEST CENTRAL AVENUE, SANTA ANA CA 92704",street,high,accepted,look up license #825163 at the evidence URL; IssueDate 2003-09-29; status CLEAR; classes C16 C36,https://www2.cslb.ca.gov/OnlineServices/CheckLicenseII/CheckLicense.aspx,Updated as of 10/4/2026 (latest LastUpdate in the file; the portal date was not provided)
m-00354,biz-140,DOL-5500SF-2025,20260908195957NAL0003252961001|680545538-001,name E,STERLING PLUMBING INC.,"STERLING PLUMBING, INC.","3111 W CENTRAL AVE, SANTA ANA 92704-5302","3111 W. CENTRAL AVE., SANTA ANA CA 92704",street,high,accepted,"plan 2025-01-01..2025-12-31, filed 2026-09-08, active participants 74, codes 2E2F2G2J2K2T3D",https://www.askebsa.dol.gov/FOIA%20Files/2025/Latest/F_5500_SF_2025_Latest.zip,
m-00355,biz-140,DOL-5500-2024,20251121111508NAL0003630995001|680545538-002,name E,STERLING PLUMBING INC.,"STERLING PLUMBING, INC.","3111 W CENTRAL AVE, SANTA ANA 92704-5302","3111 W. CENTRAL AVENUE, SANTA ANA CA 92704",street,high,accepted,"plan 2024-01-01..2024-12-31, filed 2025-11-21, active participants 104, codes 2P2I3I",https://www.askebsa.dol.gov/FOIA%20Files/2024/Latest/F_5500_2024_Latest.zip,
m-00356,biz-140,DOL-5500SF-2024,20251006114008NAL0006357728001|680545538-001,name E,STERLING PLUMBING INC.,"STERLING PLUMBING, INC.","3111 W CENTRAL AVE, SANTA ANA 92704-5302","3111 W. CENTRAL AVE., SANTA ANA CA 92704",street,high,accepted,"plan 2024-01-01..2024-12-31, filed 2025-10-06, active participants 74, codes 2E2F2G2J2K2T3D",https://www.askebsa.dol.gov/FOIA%20Files/2024/Latest/F_5500_SF_2024_Latest.zip,
m-00357,biz-140,DOL-5500SF-2023,20241028152129NAL0003912737001|680545538-001,name E,STERLING PLUMBING INC.,"STERLING PLUMBING, INC.","3111 W CENTRAL AVE, SANTA ANA 92704-5302","3111 W. CENTRAL AVE., SANTA ANA CA 92704",street,high,accepted,"plan 2023-01-01..2023-12-31, filed 2024-10-28, active participants 77, codes 2E2F2G2J2K2T3D",https://www.askebsa.dol.gov/FOIA%20Files/2023/Latest/F_5500_SF_2023_Latest.zip,
m-00358,biz-141,SBA-PPP-150K,9309067207,business group: single loan,STEVEN D SHAFER,STEVEN D SHAFER,,"1787 N GREENGROVE STREET, ORANGE 92865",,high,grouped,1 loan(s) kept separately by loan number and draw,https://data.sba.gov/dataset/ppp-foia,2024-09-30
m-00359,biz-142,SBA-PPP-150K,3262728510,business group: single loan,STEVEN SHAFER,STEVEN SHAFER,,"1307 W Trenton Ave, Orange 92867-3539",,high,grouped,1 loan(s) kept separately by loan number and draw,https://data.sba.gov/dataset/ppp-foia,2024-09-30
m-00360,biz-143,SBA-PPP-150K,2931747709,business group: single loan,"SUNPIN SOLAR DEVELOPMENT LLC DBA SUNPIN SOLAR, LLC","SUNPIN SOLAR DEVELOPMENT LLC DBA SUNPIN SOLAR, LLC",,"2020 MAIN ST, IRVINE 92614",,high,grouped,1 loan(s) kept separately by loan number and draw,https://data.sba.gov/dataset/ppp-foia,2024-09-30
m-00361,biz-144,SBA-PPP-150K,2988267708,business group: single loan,SUNRISE PLUMBING &AMP; MECHANICAL INC,SUNRISE PLUMBING &AMP; MECHANICAL INC,,"7581 HAZARD AVE STE C, WESTMINSTER 92683",,high,grouped,1 loan(s) kept separately by loan number and draw,https://data.sba.gov/dataset/ppp-foia,2024-09-30
m-00362,biz-145,SBA-PPP-150K,7387717306,business group: single loan,SUNTREK INDUSTRIES INC,SUNTREK INDUSTRIES INC,,"5 Holland, Irvine 92618",,high,grouped,1 loan(s) kept separately by loan number and draw,https://data.sba.gov/dataset/ppp-foia,2024-09-30
m-00363,biz-145,CSLB-MASTER,859460,name E on BusinessName,SUNTREK INDUSTRIES INC,SUNTREK INDUSTRIES INC,"5 Holland, Irvine 92618","5 HOLLAND BLDG 215, IRVINE CA 92618",street,high,accepted,look up license #859460 at the evidence URL; IssueDate 2005-05-25; status CLEAR; classes C10 C46,https://www2.cslb.ca.gov/OnlineServices/CheckLicenseII/CheckLicense.aspx,Updated as of 10/4/2026 (latest LastUpdate in the file; the portal date was not provided)
m-00364,biz-145,DOL-5500SF-2025,20260813142236NAL0013932531001|202775723-001,name E,SUNTREK INDUSTRIES INC,"SUNTREK INDUSTRIES, INC.","5 Holland, Irvine 92618","5 HOLLAND STE 215, IRVINE CA 926182577",street,high,accepted,"plan 2025-01-01..2025-12-31, filed 2026-08-13, active participants 19, codes 2E2F2G2J2K2T3D",https://www.askebsa.dol.gov/FOIA%20Files/2025/Latest/F_5500_SF_2025_Latest.zip,
m-00365,biz-145,DOL-5500SF-2024,20250820134304NAL0006262610001|202775723-001,name E,SUNTREK INDUSTRIES INC,"SUNTREK INDUSTRIES, INC.","5 Holland, Irvine 92618","5 HOLLAND STE 215, IRVINE CA 926182577",street,high,accepted,"plan 2024-01-01..2024-12-31, filed 2025-08-20, active participants 19, codes 2E2F2G2J2K2T3D",https://www.askebsa.dol.gov/FOIA%20Files/2024/Latest/F_5500_SF_2024_Latest.zip,
m-00366,biz-146,SBA-PPP-150K,9801737002,business group: single loan,"SUNWEST AIR CONDITIONING, INC.","SUNWEST AIR CONDITIONING, INC.",,"1660 BABCOCK ST, COSTA MESA 92627-4330",,high,grouped,1 loan(s) kept separately by loan number and draw,https://data.sba.gov/dataset/ppp-foia,2024-09-30
m-00367,biz-146,CSLB-MASTER,431394,name E on BusinessName,"SUNWEST AIR CONDITIONING, INC.",SUNWEST AIR CONDITIONING INC,"1660 BABCOCK ST, COSTA MESA 92627-4330","1660 BABCOCK ST, COSTA MESA CA 92627",street,high,accepted,look up license #431394 at the evidence URL; IssueDate 1982-11-10; status CLEAR; classes C20,https://www2.cslb.ca.gov/OnlineServices/CheckLicenseII/CheckLicense.aspx,Updated as of 10/4/2026 (latest LastUpdate in the file; the portal date was not provided)
m-00368,biz-147,SBA-PPP-150K,4756398708,business group: single loan,SUPERIOR PLUMBING CONTRACTORS INC,SUPERIOR PLUMBING CONTRACTORS INC,,"24881 Alicia Pkwy # E-106, Laguna Hills 92653-4617",,high,grouped,1 loan(s) kept separately by loan number and draw,https://data.sba.gov/dataset/ppp-foia,2024-09-30
m-00369,biz-148,SBA-PPP-150K,9648587302,business group: single loan,"SYSTEMS X T, INC.","SYSTEMS X T, INC.",,"1910 VIA  E, ANAHEIM 92806",,high,grouped,1 loan(s) kept separately by loan number and draw,https://data.sba.gov/dataset/ppp-foia,2024-09-30
m-00370,biz-148,CSLB-MASTER,841424,name E on BusinessName,"SYSTEMS X T, INC.",SYSTEMS X T INC,"1910 VIA  E, ANAHEIM 92806","1910 E VIA BURTON ST #A, ANAHEIM CA 92806",street_loose,high,accepted,look up license #841424 at the evidence URL; IssueDate 2004-06-23; status CLEAR; classes B C10 C20 C38,https://www2.cslb.ca.gov/OnlineServices/CheckLicenseII/CheckLicense.aspx,Updated as of 10/4/2026 (latest LastUpdate in the file; the portal date was not provided)
m-00371,biz-149,SBA-PPP-150K,5071457305;9657298503,business group: same_name_same_zip,"TACTICAL AIR, INC. DBA SOCAL AIRFLOW PRO | TACTICAL AIR INC.","TACTICAL AIR, INC. DBA SOCAL AIRFLOW PRO | TACTICAL AIR INC.",,"29816 AVENIDA DE LAS BANDERAS, RANCHO SANTA MARGARI 92688 | 29816 Avenida de las Bandera, Rancho Santa Margarita 92688-2648",,high,grouped,2 loan(s) kept separately by loan number and draw,https://data.sba.gov/dataset/ppp-foia,2024-09-30
m-00372,biz-149,DOL-5500SF-2023,20240617144645NAL0003418066001|475093730-001,name E,"TACTICAL AIR, INC. DBA SOCAL AIRFLOW PRO",TACTICAL AIR INC. DBA SOCAL AIRFLOW PROS,"29816 AVENIDA DE LAS BANDERAS, RANCHO SANTA MARGARI 92688","29816 AVENIDA DE LAS BANDERAS, RANCHO SANTA MARGARITA CA 92688",street,high,accepted,"plan 2024-01-01..2024-06-04, filed 2024-06-17, active participants 0, codes 2E2F2G2J2K2S2T3D",https://www.askebsa.dol.gov/FOIA%20Files/2023/Latest/F_5500_SF_2023_Latest.zip,
m-00373,biz-149,DOL-5500SF-2023,20240521101918NAL0002373521001|475093730-001,name E,"TACTICAL AIR, INC. DBA SOCAL AIRFLOW PRO",TACTICAL AIR INC. DBA SOCAL AIRFLOW PROS,"29816 AVENIDA DE LAS BANDERAS, RANCHO SANTA MARGARI 92688","29816 AVENIDA DE LAS BANDERAS, RANCHO SANTA MARGARITA CA 92688",street,high,accepted,"plan 2023-01-01..2023-12-31, filed 2024-05-21, active participants 0, codes 2E2F2G2J2K2S2T3D",https://www.askebsa.dol.gov/FOIA%20Files/2023/Latest/F_5500_SF_2023_Latest.zip,
m-00374,biz-150,SBA-PPP-150K,2438547105;2404558302,business group: same_name_same_street,TALENT AIR,TALENT AIR,,"10880 WALKER ST, CYPRESS 90630-5011 | 10880 Walker St, Cypress 90630-5011",,high,grouped,2 loan(s) kept separately by loan number and draw,https://data.sba.gov/dataset/ppp-foia,2024-09-30
m-00375,biz-150,CSLB-MASTER,702568,name E on BusinessName,TALENT AIR,TALENT AIR,"10880 WALKER ST, CYPRESS 90630-5011","10880 WALKER STREET, CYPRESS CA 90630",street,high,accepted,look up license #702568 at the evidence URL; IssueDate 1995-02-10; status CLEAR; classes C10 C20,https://www2.cslb.ca.gov/OnlineServices/CheckLicenseII/CheckLicense.aspx,Updated as of 10/4/2026 (latest LastUpdate in the file; the portal date was not provided)
m-00376,biz-150,DOL-5500SF-2025,20260427100700NAL0004779187001|330631667-001,name E,TALENT AIR,TALENT AIR,"10880 WALKER ST, CYPRESS 90630-5011","10880 WALKER STREET, CYPRESS CA 90630",street,high,accepted,"plan 2025-01-01..2025-12-31, filed 2026-04-27, active participants 49, codes 2A2E2F2G2J2K2T3D",https://www.askebsa.dol.gov/FOIA%20Files/2025/Latest/F_5500_SF_2025_Latest.zip,
m-00377,biz-150,DOL-5500SF-2024,20250617123455NAL0004214690001|330631667-001,name E,TALENT AIR,TALENT AIR,"10880 WALKER ST, CYPRESS 90630-5011","10880 WALKER STREET, CYPRESS CA 90630",street,high,accepted,"plan 2024-01-01..2024-12-31, filed 2025-06-17, active participants 40, codes 2A2E2F2G2J2K2T3D",https://www.askebsa.dol.gov/FOIA%20Files/2024/Latest/F_5500_SF_2024_Latest.zip,
m-00378,biz-150,DOL-5500SF-2023,20241216175508NAL0001396257001|330631667-001,name E,TALENT AIR,TALENT AIR,"10880 WALKER ST, CYPRESS 90630-5011","10880 WALKER STREET, CYPRESS CA 90630",street,high,accepted,"plan 2023-01-01..2023-12-31, filed 2024-12-16, active participants 32, codes 2A2E2F2G2J2K2T3D",https://www.askebsa.dol.gov/FOIA%20Files/2023/Latest/F_5500_SF_2023_Latest.zip,
m-00379,biz-151,SBA-PPP-150K,8183587002,business group: single loan,"THERMALAIR, INC.","THERMALAIR, INC.",,"1140 RED GUM ST, ANAHEIM 92806-2516",,high,grouped,1 loan(s) kept separately by loan number and draw,https://data.sba.gov/dataset/ppp-foia,2024-09-30
m-00380,biz-151,CSLB-MASTER,102216,name E on BusinessName,"THERMALAIR, INC.",THERMALAIR INC,"1140 RED GUM ST, ANAHEIM 92806-2516","1140 N RED GUM STREET, ANAHEIM CA 92806",street_loose,high,accepted,look up license #102216 at the evidence URL; IssueDate 1948-04-12; status CLEAR; classes C-4 C20 C38,https://www2.cslb.ca.gov/OnlineServices/CheckLicenseII/CheckLicense.aspx,Updated as of 10/4/2026 (latest LastUpdate in the file; the portal date was not provided)
m-00381,biz-151,DOL-5500SF-2025,20260716113659NAL0004285729001|951551622-001,name E,"THERMALAIR, INC.","THERMALAIR, INC.","1140 RED GUM ST, ANAHEIM 92806-2516","1140 N RED GUM ST, ANAHEIM CA 928062516",street,high,accepted,"plan 2025-01-01..2025-12-31, filed 2026-07-16, active participants 21, codes 2E2F2G2J2K2T3D3H",https://www.askebsa.dol.gov/FOIA%20Files/2025/Latest/F_5500_SF_2025_Latest.zip,
m-00382,biz-151,DOL-5500SF-2024,20250716104601NAL0001883235001|951551622-001,name E,"THERMALAIR, INC.","THERMALAIR, INC.","1140 RED GUM ST, ANAHEIM 92806-2516","1140 N RED GUM ST, ANAHEIM CA 928062516",street,high,accepted,"plan 2024-01-01..2024-12-31, filed 2025-07-16, active participants 21, codes 2E2F2G2J2K2T3D3H",https://www.askebsa.dol.gov/FOIA%20Files/2024/Latest/F_5500_SF_2024_Latest.zip,
m-00383,biz-151,DOL-5500SF-2023,20240923145026NAL0015630208001|951551622-001,name E,"THERMALAIR, INC.","THERMALAIR, INC.","1140 RED GUM ST, ANAHEIM 92806-2516","1140 N RED GUM STREET, ANAHEIM CA 928062516",street,high,accepted,"plan 2023-10-01..2023-12-31, filed 2024-09-23, active participants 20, codes 2E2F2G2J2K2T3D3H",https://www.askebsa.dol.gov/FOIA%20Files/2023/Latest/F_5500_SF_2023_Latest.zip,
m-00384,biz-152,SBA-PPP-150K,4047977804,business group: single loan,TOM BRENNAN PLUMBING INC,TOM BRENNAN PLUMBING INC,,"6771 WARNER AVE #3657, HUNTINGTON BEACH 92647-9000",,high,grouped,1 loan(s) kept separately by loan number and draw,https://data.sba.gov/dataset/ppp-foia,2024-09-30
m-00385,biz-152,CSLB-MASTER,465099,name E on FullBusinessName,TOM BRENNAN PLUMBING INC,BRENNAN TOM PLUMBING INC | TOM BRENNAN PLUMBING INC,"6771 WARNER AVE #3657, HUNTINGTON BEACH 92647-9000","6771 WARNER AVE #3657, HUNTINGTON BEACH CA 92647",street,high,accepted,look up license #465099 at the evidence URL; IssueDate 1984-11-01; status CLEAR; classes C36,https://www2.cslb.ca.gov/OnlineServices/CheckLicenseII/CheckLicense.aspx,Updated as of 10/4/2026 (latest LastUpdate in the file; the portal date was not provided)
m-00386,biz-153,SBA-PPP-150K,5806887307,business group: single loan,"TRILOGY PLUMBING, INC.","TRILOGY PLUMBING, INC.",,"1525 S. Sinclair Street, Anaheim 92806",,high,grouped,1 loan(s) kept separately by loan number and draw,https://data.sba.gov/dataset/ppp-foia,2024-09-30
m-00387,biz-154,SBA-PPP-150K,9160597105,business group: single loan,"TRITON AIR, INC.","TRITON AIR, INC.",,"1221 PUERTA DEL SOL STE 300, SAN CLEMENTE 92673-6318",,high,grouped,1 loan(s) kept separately by loan number and draw,https://data.sba.gov/dataset/ppp-foia,2024-09-30
m-00388,biz-154,CSLB-MASTER,774877,name E on BusinessName,"TRITON AIR, INC.",TRITON AIR INC,"1221 PUERTA DEL SOL STE 300, SAN CLEMENTE 92673-6318","1221 PUERTA DEL SOL STE 300, SAN CLEMENTE CA 92673",street,high,accepted,look up license #774877 at the evidence URL; IssueDate 2000-02-11; status CLEAR; classes C20 C36,https://www2.cslb.ca.gov/OnlineServices/CheckLicenseII/CheckLicense.aspx,Updated as of 10/4/2026 (latest LastUpdate in the file; the portal date was not provided)
m-00389,biz-155,SBA-PPP-150K,8458667002,business group: single loan,"TRUE AIR MECHANICAL, INC.","TRUE AIR MECHANICAL, INC.",,"4 FARADAY, IRVINE 92618-2714",,high,grouped,1 loan(s) kept separately by loan number and draw,https://data.sba.gov/dataset/ppp-foia,2024-09-30
m-00390,biz-155,DOL-5500-2023,20241002083908NAL0008531153001|273944870-001,name E,"TRUE AIR MECHANICAL, INC.","TRUE AIR MECHANICAL, INC.","4 FARADAY, IRVINE 92618-2714","4 FARADAY, IRVINE CA 92618",street,high,accepted,"plan 2023-01-01..2023-12-31, filed 2024-10-02, active participants 258, codes 2E2J2K2F2G3D2T",https://www.askebsa.dol.gov/FOIA%20Files/2023/Latest/F_5500_2023_Latest.zip,
m-00391,biz-156,SBA-PPP-150K,7133007207;5776218506,business group: same_name_same_street,UPPER V INC.,UPPER V INC.,,"1830 E MIRALOMA AVE STE A, PLACENTIA 92870-6744 | 1830 E Miraloma Ave, Placentia 92870-6744",,high,grouped,2 loan(s) kept separately by loan number and draw,https://data.sba.gov/dataset/ppp-foia,2024-09-30
m-00392,biz-156,CSLB-MASTER,777524,name E on BUS-NAME-2,UPPER V INC.,SUNDANCE PLUMBING CO | UPPER V INC,"1830 E MIRALOMA AVE STE A, PLACENTIA 92870-6744","1830 E MIRALOMA AVENUE STE A, PLACENTIA CA 92870",street,high,accepted,look up license #777524 at the evidence URL; IssueDate 2000-04-17; status CLEAR; classes C36,https://www2.cslb.ca.gov/OnlineServices/CheckLicenseII/CheckLicense.aspx,Updated as of 10/4/2026 (latest LastUpdate in the file; the portal date was not provided)
m-00393,biz-156,DOL-5500SF-2025,20260908152056NAL0005154722001|330859168-001,name E,UPPER V INC.,"UPPER V, INC.","1830 E MIRALOMA AVE STE A, PLACENTIA 92870-6744","1830 E MIRALOMA AVE, PLACENTIA CA 92870",street,high,accepted,"plan 2025-01-01..2025-12-31, filed 2026-09-08, active participants 7, codes 2E2F2G2J2K2T3D",https://www.askebsa.dol.gov/FOIA%20Files/2025/Latest/F_5500_SF_2025_Latest.zip,
m-00394,biz-156,DOL-5500SF-2023,20240808153237NAL0002910083001|330859168-001,name E,UPPER V INC.,"UPPER V, INC.","1830 E MIRALOMA AVE STE A, PLACENTIA 92870-6744","1830 E MIRALOMA AVE, PLACENTIA CA 92870",street,high,accepted,"plan 2023-01-01..2023-12-31, filed 2024-08-08, active participants 7, codes 2E2F2G2J2K2T3D",https://www.askebsa.dol.gov/FOIA%20Files/2023/Latest/F_5500_SF_2023_Latest.zip,
m-00395,biz-157,SBA-PPP-150K,2676537206,business group: single loan,"VERNE'S PLUMBING, INC.","VERNE'S PLUMBING, INC.",,"8561 Whitaker Street, BUENA PARK 90621",,high,grouped,1 loan(s) kept separately by loan number and draw,https://data.sba.gov/dataset/ppp-foia,2024-09-30
m-00396,biz-157,CSLB-MASTER,674077,name E on BusinessName,"VERNE'S PLUMBING, INC.",VERNE'S PLUMBING INC,"8561 Whitaker Street, BUENA PARK 90621","8561 WHITAKER STREET, BUENA PARK CA 90621",street,high,accepted,look up license #674077 at the evidence URL; IssueDate 1993-07-08; status CLEAR; classes B C34 C36,https://www2.cslb.ca.gov/OnlineServices/CheckLicenseII/CheckLicense.aspx,Updated as of 10/4/2026 (latest LastUpdate in the file; the portal date was not provided)
m-00397,biz-158,SBA-PPP-150K,9014107209,business group: single loan,WALLACE P. JOHNSON PLUMBING & HEATING INC,WALLACE P. JOHNSON PLUMBING & HEATING INC,,"1230 N. Jefferson Unit G., ANAHEIM 92807-1631",,high,grouped,1 loan(s) kept separately by loan number and draw,https://data.sba.gov/dataset/ppp-foia,2024-09-30
m-00398,biz-158,DOL-5500SF-2024,20250630133200NAL0006323683001|952394043-002,name T,WALLACE P. JOHNSON PLUMBING & HEATING INC,WALLACE P. JOHNSON PLUMBING,"1230 N. Jefferson Unit G., ANAHEIM 92807-1631","1227 N. TUSTIN AVE., ANAHEIM CA 92807",zip,low,review,"plan 2024-01-01..2024-12-31, filed 2025-06-30, active participants 69, codes 2E2F2J2K2T3D",https://www.askebsa.dol.gov/FOIA%20Files/2024/Latest/F_5500_SF_2024_Latest.zip,
m-00399,biz-158,DOL-5500SF-2023,20240716202341NAL0002173059001|952394043-002,name T,WALLACE P. JOHNSON PLUMBING & HEATING INC,WALLACE P. JOHNSON PLUMBING,"1230 N. Jefferson Unit G., ANAHEIM 92807-1631","1227 N. TUSTIN AVE., ANAHEIM CA 92807",zip,low,review,"plan 2023-01-01..2023-12-31, filed 2024-07-16, active participants 71, codes 2E2F2J2K2T3D",https://www.askebsa.dol.gov/FOIA%20Files/2023/Latest/F_5500_SF_2023_Latest.zip,
m-00400,biz-159,SBA-PPP-150K,7281168305,business group: single loan,WATER HEATER MAN INC.,WATER HEATER MAN INC.,,"1361 N Hundley St, Anaheim 92806-1301",,high,grouped,1 loan(s) kept separately by loan number and draw,https://data.sba.gov/dataset/ppp-foia,2024-09-30
m-00401,biz-159,DOL-5500SF-2024,20251010090548NAL0004086979001|953306646-001,name E,WATER HEATER MAN INC.,"WATER HEATER MAN, INC.","1361 N Hundley St, Anaheim 92806-1301","1361 N. HUNDLEY ST., ANAHEIM CA 92806",street,high,accepted,"plan 2024-01-01..2024-12-31, filed 2025-10-10, active participants 27, codes 2E2F2G2J2K3D2A",https://www.askebsa.dol.gov/FOIA%20Files/2024/Latest/F_5500_SF_2024_Latest.zip,
m-00402,biz-159,DOL-5500SF-2023,20251009122529NAL0015494850001|953306646-001,name E,WATER HEATER MAN INC.,"WATER HEATER MAN, INC.","1361 N Hundley St, Anaheim 92806-1301","1361 N. HUNDLEY ST., ANAHEIM CA 92806",street,high,accepted,"plan 2023-01-01..2023-12-31, filed 2025-10-09, active participants 25, codes 2E2F2G2J2K3D2A",https://www.askebsa.dol.gov/FOIA%20Files/2023/Latest/F_5500_SF_2023_Latest.zip,
m-00403,biz-160,SBA-PPP-150K,9165047005,business group: single loan,"WATER HEATER MAN, INC.","WATER HEATER MAN, INC.",,"570 W Freedom Avenue, Orange 92865",,high,grouped,1 loan(s) kept separately by loan number and draw,https://data.sba.gov/dataset/ppp-foia,2024-09-30
m-00404,biz-161,SBA-PPP-150K,5533927005,business group: single loan,WATER TECHNIQUES,WATER TECHNIQUES,,"2915 DAIMLER ST, SANTA ANA 92705-5810",,high,grouped,1 loan(s) kept separately by loan number and draw,https://data.sba.gov/dataset/ppp-foia,2024-09-30
m-00405,biz-161,CSLB-MASTER,777759,name E on BusinessName,WATER TECHNIQUES,WATER TECHNIQUES,"2915 DAIMLER ST, SANTA ANA 92705-5810","2915 DAIMLER ST, SANTA ANA CA 92705",street,high,accepted,look up license #777759 at the evidence URL; IssueDate 2000-04-21; status CLEAR; classes C55,https://www2.cslb.ca.gov/OnlineServices/CheckLicenseII/CheckLicense.aspx,Updated as of 10/4/2026 (latest LastUpdate in the file; the portal date was not provided)
m-00406,biz-161,DOL-5500SF-2023,20251003085208NAL0001173553001|954787285-001,name E,WATER TECHNIQUES,WATER TECHNIQUES,"2915 DAIMLER ST, SANTA ANA 92705-5810","2915 DAIMLER STREET, SANTA ANA CA 92705",street,high,accepted,"plan 2023-01-01..2023-10-31, filed 2025-10-03, active participants 0, codes 2E2F2G2J2S2T3D",https://www.askebsa.dol.gov/FOIA%20Files/2023/Latest/F_5500_SF_2023_Latest.zip,
m-00407,biz-162,SBA-PPP-150K,6798507106,business group: single loan,"WESTAR PLUMBING COMPANY, INC.","WESTAR PLUMBING COMPANY, INC.",,"17065 Palmdale Ln, HUNTINGTON BEACH 92647",,high,grouped,1 loan(s) kept separately by loan number and draw,https://data.sba.gov/dataset/ppp-foia,2024-09-30
m-00408,biz-162,CSLB-MASTER,732089,name E on BusinessName,"WESTAR PLUMBING COMPANY, INC.",WESTAR PLUMBING COMPANY INC,"17065 Palmdale Ln, HUNTINGTON BEACH 92647","17065 PALMDALE ST, HUNTINGTON BEACH CA 92649",street_loose,high,accepted,look up license #732089 at the evidence URL; IssueDate 1997-02-03; status CLEAR; classes C36,https://www2.cslb.ca.gov/OnlineServices/CheckLicenseII/CheckLicense.aspx,Updated as of 10/4/2026 (latest LastUpdate in the file; the portal date was not provided)
m-00409,biz-162,DOL-5500SF-2025,20260715161126NAL0002412403001|330731769-001,name E,"WESTAR PLUMBING COMPANY, INC.",WESTAR PLUMBING COMPANY INC.,"17065 Palmdale Ln, HUNTINGTON BEACH 92647","17065 PALMDALE STREET, HUNTINGTON BEACH CA 92647",street,high,accepted,"plan 2025-01-01..2025-12-31, filed 2026-07-15, active participants 16, codes 2E2J2K2F2G3D",https://www.askebsa.dol.gov/FOIA%20Files/2025/Latest/F_5500_SF_2025_Latest.zip,
m-00410,biz-162,DOL-5500SF-2024,20250731162910NAL0008883984001|330731769-001,name E,"WESTAR PLUMBING COMPANY, INC.",WESTAR PLUMBING COMPANY INC.,"17065 Palmdale Ln, HUNTINGTON BEACH 92647","17065 PALMDALE STREET, HUNTINGTON BEACH CA 92647",street,high,accepted,"plan 2024-01-01..2024-12-31, filed 2025-07-31, active participants 10, codes 2E2J2K2F2G3D",https://www.askebsa.dol.gov/FOIA%20Files/2024/Latest/F_5500_SF_2024_Latest.zip,
m-00411,biz-162,DOL-5500SF-2023,20240716102524NAL0002394001001|330731769-001,name E,"WESTAR PLUMBING COMPANY, INC.",WESTAR PLUMBING COMPANY INC.,"17065 Palmdale Ln, HUNTINGTON BEACH 92647","17065 PALMDALE STREET, HUNTINGTON BEACH CA 92647",street,high,accepted,"plan 2023-01-01..2023-12-31, filed 2024-07-16, active participants 24, codes 2E2J2K2F2G3D",https://www.askebsa.dol.gov/FOIA%20Files/2023/Latest/F_5500_SF_2023_Latest.zip,
m-00412,biz-163,SBA-PPP-150K,7330657006,business group: single loan,WHITE MECHANICAL INC,WHITE MECHANICAL INC,,"27221 BURBANK, FOOTHILL RANCH 92610-2500",,high,grouped,1 loan(s) kept separately by loan number and draw,https://data.sba.gov/dataset/ppp-foia,2024-09-30
m-00413,biz-163,CSLB-MASTER,822474,name E on BusinessName,WHITE MECHANICAL INC,WHITE MECHANICAL INC,"27221 BURBANK, FOOTHILL RANCH 92610-2500","27221 BURBANK, FOOTHILL RANCH CA 92610",street,high,accepted,look up license #822474 at the evidence URL; IssueDate 2003-08-06; status CLEAR; classes C20 C38,https://www2.cslb.ca.gov/OnlineServices/CheckLicenseII/CheckLicense.aspx,Updated as of 10/4/2026 (latest LastUpdate in the file; the portal date was not provided)
m-00414,biz-163,DOL-5500SF-2025,20260521161651NAL0005381170001|134219191-001,name E,WHITE MECHANICAL INC,"WHITE MECHANICAL, INC.","27221 BURBANK, FOOTHILL RANCH 92610-2500","27221 BURBANK, FOOTHILL RANCH CA 92610",street,high,accepted,"plan 2025-01-01..2025-12-31, filed 2026-05-21, active participants 35, codes 2A2E2F2G2J2K2T3D",https://www.askebsa.dol.gov/FOIA%20Files/2025/Latest/F_5500_SF_2025_Latest.zip,
m-00415,biz-163,DOL-5500SF-2024,20250401140321NAL0010933216001|134219191-001,name E,WHITE MECHANICAL INC,"WHITE MECHANICAL, INC.","27221 BURBANK, FOOTHILL RANCH 92610-2500","27221 BURBANK, FOOTHILL RANCH CA 92610",street,high,accepted,"plan 2024-01-01..2024-12-31, filed 2025-04-01, active participants 39, codes 2A2E2F2G2J2K2T3D",https://www.askebsa.dol.gov/FOIA%20Files/2024/Latest/F_5500_SF_2024_Latest.zip,
m-00416,biz-163,DOL-5500SF-2023,20240521150344NAL0002888913001|134219191-001,name E,WHITE MECHANICAL INC,"WHITE MECHANICAL, INC.","27221 BURBANK, FOOTHILL RANCH 92610-2500","27221 BURBANK, FOOTHILL RANCH CA 92610",street,high,accepted,"plan 2023-01-01..2023-12-31, filed 2024-05-21, active participants 33, codes 2A2E2F2G2J2K2T3D",https://www.askebsa.dol.gov/FOIA%20Files/2023/Latest/F_5500_SF_2023_Latest.zip,
m-00417,biz-164,SBA-PPP-150K,7148818605,business group: single loan,XL FIRE PROTECTION CO-ESOP,XL FIRE PROTECTION CO-ESOP,,"3022 N Hesperian St 3022 N Hesperian Street, Santa Ana 92706-1151",,high,grouped,1 loan(s) kept separately by loan number and draw,https://data.sba.gov/dataset/ppp-foia,2024-09-30
m-00418,biz-165,SBA-PPP-150K,6407997705,business group: single loan,XTREME PLUMBERS INC,XTREME PLUMBERS INC,,"10611 CALLE LEE STE 119, LOS ALAMITOS 90720-6792",,high,grouped,1 loan(s) kept separately by loan number and draw,https://data.sba.gov/dataset/ppp-foia,2024-09-30
m-00419,biz-165,DOL-5500SF-2025,20260713180150NAL0000390307001|813370730-002,name C,XTREME PLUMBERS INC,XTREME PLUMBERS,"10611 CALLE LEE STE 119, LOS ALAMITOS 90720-6792","10611 CALLE LEE, SUITE #119, LOS ALAMITOS CA 90720",street,medium,review,"plan 2025-01-01..2025-12-31, filed 2026-07-13, active participants 11, codes 1A3D",https://www.askebsa.dol.gov/FOIA%20Files/2025/Latest/F_5500_SF_2025_Latest.zip,
m-00420,biz-165,DOL-5500SF-2025,20260713180047NAL0000389107001|813370730-001,name C,XTREME PLUMBERS INC,XTREME PLUMBERS,"10611 CALLE LEE STE 119, LOS ALAMITOS 90720-6792","10611 CALLE LEE, SUITE #119, LOS ALAMITOS CA 90720",street,medium,review,"plan 2025-01-01..2025-12-31, filed 2026-07-13, active participants 12, codes 2A2E2J2K2F2G3D2T",https://www.askebsa.dol.gov/FOIA%20Files/2025/Latest/F_5500_SF_2025_Latest.zip,
m-00421,biz-165,DOL-5500SF-2024,20250729120714NAL0007402754001|813370730-001,name C,XTREME PLUMBERS INC,XTREME PLUMBERS,"10611 CALLE LEE STE 119, LOS ALAMITOS 90720-6792","10611 CALLE LEE, SUITE #119, LOS ALAMITOS CA 90720",street,medium,review,"plan 2024-01-01..2024-12-31, filed 2025-07-29, active participants 12, codes 2A2E2J2K2F2G3D2T",https://www.askebsa.dol.gov/FOIA%20Files/2024/Latest/F_5500_SF_2024_Latest.zip,
m-00422,biz-165,DOL-5500SF-2024,20250630120520NAL0016335968001|813370730-002,name C,XTREME PLUMBERS INC,XTREME PLUMBERS,"10611 CALLE LEE STE 119, LOS ALAMITOS 90720-6792","10611 CALLE LEE, SUITE #119, LOS ALAMITOS CA 90720",street,medium,review,"plan 2024-01-01..2024-12-31, filed 2025-06-30, active participants 11, codes 1A3D",https://www.askebsa.dol.gov/FOIA%20Files/2024/Latest/F_5500_SF_2024_Latest.zip,
m-00423,biz-165,DOL-5500SF-2023,20240819111444NAL0000894627001|813370730-002,name C,XTREME PLUMBERS INC,XTREME PLUMBERS,"10611 CALLE LEE STE 119, LOS ALAMITOS 90720-6792","10611 CALLE LEE, SUITE #119, LOS ALAMITOS CA 90720",street,medium,review,"plan 2023-01-01..2023-12-31, filed 2024-08-19, active participants 11, codes 1A3D",https://www.askebsa.dol.gov/FOIA%20Files/2023/Latest/F_5500_SF_2023_Latest.zip,
m-00424,biz-165,DOL-5500SF-2023,20240627143151NAL0006382467001|813370730-001,name C,XTREME PLUMBERS INC,XTREME PLUMBERS,"10611 CALLE LEE STE 119, LOS ALAMITOS 90720-6792","10611 CALLE LEE, SUITE #119, LOS ALAMITOS CA 90720",street,medium,review,"plan 2023-01-01..2023-12-31, filed 2024-06-27, active participants 12, codes 2A2E2J2K2F2G3D2T",https://www.askebsa.dol.gov/FOIA%20Files/2023/Latest/F_5500_SF_2023_Latest.zip,
m-00425,biz-166,SBA-PPP-150K,3661327106,business group: single loan,"ZARETSKY ENGINEERING SOLUTIONS, INC.","ZARETSKY ENGINEERING SOLUTIONS, INC.",,"16520 HARBOR BLVD STE F, FOUNTAIN VALLEY 92708-1353",,high,grouped,1 loan(s) kept separately by loan number and draw,https://data.sba.gov/dataset/ppp-foia,2024-09-30
m-00426,biz-166,DOL-5500-2025,20260506143209NAL0001573267001|461936694-001,name E,"ZARETSKY ENGINEERING SOLUTIONS, INC.","ZARETSKY ENGINEERING SOLUTIONS, INC.","16520 HARBOR BLVD STE F, FOUNTAIN VALLEY 92708-1353","16520 HARBOR BLVD. SUITE F, FOUNTAIN VALLEY CA 92708",street,high,accepted,"plan 2025-01-01..2025-07-29, filed 2026-05-06, active participants 0, codes 2F2G2J2K2T2E3D",https://www.askebsa.dol.gov/FOIA%20Files/2025/Latest/F_5500_2025_Latest.zip,
m-00427,biz-166,DOL-5500-2024,20250605140322NAL0033382642001|461936694-001,name E,"ZARETSKY ENGINEERING SOLUTIONS, INC.","ZARETSKY ENGINEERING SOLUTIONS, INC.","16520 HARBOR BLVD STE F, FOUNTAIN VALLEY 92708-1353","16520 HARBOR BLVD. SUITE F, FOUNTAIN VALLEY CA 92708",street,high,accepted,"plan 2024-01-01..2024-12-31, filed 2025-06-05, active participants 23, codes 2F2G2J2K2T2E3D",https://www.askebsa.dol.gov/FOIA%20Files/2024/Latest/F_5500_2024_Latest.zip,
m-00428,biz-166,DOL-5500-2023,20241008185201NAL0018163713001|461936694-001,name E,"ZARETSKY ENGINEERING SOLUTIONS, INC.","ZARETSKY ENGINEERING SOLUTIONS, INC.","16520 HARBOR BLVD STE F, FOUNTAIN VALLEY 92708-1353","16520 HARBOR BLVD. SUITE F, FOUNTAIN VALLEY CA 92708",street,high,accepted,"plan 2023-01-01..2023-12-31, filed 2024-10-08, active participants 28, codes 2F2G2J2K2T3D2E",https://www.askebsa.dol.gov/FOIA%20Files/2023/Latest/F_5500_2023_Latest.zip,
