biz_id,legal_name,other_names,address,city,state,zip,county,loan_count,loan_numbers,draws,first_draw_loan_number,first_draw_date,first_draw_amount_usd,hist_jobs_reported_first_draw,hist_payroll_proxy_first_draw_usd,second_draw_loan_number,second_draw_date,second_draw_amount_usd,hist_jobs_reported_second_draw,hist_payroll_proxy_second_draw_usd,payroll_proxy_basis,reg_source,reg_record_id,reg_name_on_record,reg_date,reg_date_meaning,reg_age_years,age_30plus,age_as_of,reg_match_confidence,reg_match_evidence,reg_status,reg_class,reg_evidence_url,pension_status,pension_form,pension_plan_id,pension_plan_name,pension_plan_period_begin,pension_plan_period_end,pension_filing_date,pension_active_participants,pension_benefit_codes,pension_sponsor_ein,pension_ack_id,pension_match_confidence,pension_match_evidence,pension_plan_count,pension_other_plans,pension_source_id,pension_evidence_url,loan_evidence_url,eligibility_status,eligibility_reason,ein_known,ein_source,outreach_status,evidence_status,coverage_status,owner_identity,owner_identity_source_id,owner_identity_quote,owner_work,owner_work_source_id,owner_work_quote,successor,successor_source_id,successor_quote,retirement,retirement_source_id,retirement_quote,priority_score,priority_rank,address_check,letter_status,evidence_run_id,evidence_notes
biz-001,A PLUS GENERAL CONTRACTORS INC.,A PLUS HEATING & AIR CONDITIONING CO (CSLB #763154),11330 Knott St,Garden Grove,CA,92841-1400,Orange,1,9481018408,second,,,,,,9481018408,2021-02-17,337500.00,41,1620000.00,second_draw 9481018408: verified_standard_2.5x,CSLB License Master,763154,A PLUS HEATING & AIR CONDITIONING CO,1999-05-18,"Original CSLB license issue date (IssueDate); a license date, not an SOS charter or business start date",27.4,N,2026-10-06,high,"Name: exact match, on CSLB BUS-NAME-2 ""A PLUS GENERAL CONTRACTORS INC"". Address: same street address (SBA loan: 11330 Knott St, Garden Grove 92841-1400; CSLB mailing: 11330 KNOTT ST, GARDEN GROVE CA 92841). CSLB lists two names: ""A PLUS HEATING & AIR CONDITIONING CO"" and ""A PLUS GENERAL CONTRACTORS INC"". CSLB IssueDate 1999-05-18. CSLB master: Updated as of 10/4/2026 (latest LastUpdate in the file; the portal date was not provided).",CLEAR,B C10 C20 C36,https://www2.cslb.ca.gov/OnlineServices/CheckLicenseII/CheckLicense.aspx,unknown_no_filing_found,,,,,,,,,,,,"No retirement-plan filing found with name and address (or EIN) agreement in the 2025, 2024 or 2023 files. Unknown, not a negative.",,,DOL-5500 / DOL-5500SF,,https://data.sba.gov/dataset/ppp-foia,closed,"clear exclusion by the 30-year rule: verified CSLB license #763154 was issued 1999-05-18. The business could be older than this license (for example a successor entity), which this data cannot show.",,,ready,,,,,,,,,,,,,,,,,,,,
biz-002,"AA ATLAS, INC.",AA ATLAS PLUMBING HEATING & AIR CONDITIONING (CSLB #739971),17120 MARDA AVE,YORBA LINDA,CA,92886-1720,Orange,1,6968457304,first,6968457304,2020-04-30,171100.00,14,821280.00,,,,,,first_draw 6968457304: verified_standard_2.5x,CSLB License Master,739971,AA ATLAS PLUMBING HEATING & AIR CONDITIONING,1997-08-29,"Original CSLB license issue date (IssueDate); a license date, not an SOS charter or business start date",29.1,N,2026-10-06,high,"Name: exact match, on CSLB BUS-NAME-2 ""AA ATLAS INC"". Address: same street address (SBA loan: 17120 MARDA AVE, YORBA LINDA 92886-1720; CSLB mailing: 17120 MARDA AVE, YORBA LINDA CA 92886). CSLB lists two names: ""AA ATLAS PLUMBING HEATING & AIR CONDITIONING"" and ""AA ATLAS INC"". CSLB IssueDate 1997-08-29. CSLB master: Updated as of 10/4/2026 (latest LastUpdate in the file; the portal date was not provided).",CLEAR,C20 C36,https://www2.cslb.ca.gov/OnlineServices/CheckLicenseII/CheckLicense.aspx,unknown_no_filing_found,,,,,,,,,,,,"No retirement-plan filing found with name and address (or EIN) agreement in the 2025, 2024 or 2023 files. Unknown, not a negative.",,,DOL-5500 / DOL-5500SF,,https://data.sba.gov/dataset/ppp-foia,closed,"clear exclusion by the 30-year rule: verified CSLB license #739971 was issued 1997-08-29. The business could be older than this license (for example a successor entity), which this data cannot show.",,,ready,,,,,,,,,,,,,,,,,,,,
biz-003,ABSOLUTE AIRFLOW INC,,14081 Willow Lane,WESTMINSTER,CA,92683-3684,Orange,1,3549287107,first,3549287107,2020-04-11,318049.00,28,1526635.20,,,,,,first_draw 3549287107: verified_standard_2.5x,CSLB License Master,,,,unknown: no verified registration or license date,,unknown,2026-10-06,none,,,,,unknown_no_filing_found,,,,,,,,,,,,"No retirement-plan filing found with name and address (or EIN) agreement in the 2025, 2024 or 2023 files. Unknown, not a negative.",,,DOL-5500 / DOL-5500SF,,https://data.sba.gov/dataset/ppp-foia,review,no CSLB license found with name and address agreement,,,ready,,,,,,,,,,,,,,,,,,,,
biz-004,AC ALL STAR,,2294 N. Batavia St. Ste B,ORANGE,CA,92865-3106,Orange,1,3484528003,first,3484528003,2020-06-24,234892.00,24,1127481.60,,,,,,first_draw 3484528003: verified_standard_2.5x,CSLB License Master,,,,unknown: no verified registration or license date,,unknown,2026-10-06,none,,,,,unknown_no_filing_found,,,,,,,,,,,,"No retirement-plan filing found with name and address (or EIN) agreement in the 2025, 2024 or 2023 files. Unknown, not a negative.",,,DOL-5500 / DOL-5500SF,,https://data.sba.gov/dataset/ppp-foia,review,no CSLB license found with name and address agreement,,,ready,,,,,,,,,,,,,,,,,,,,
biz-005,ACCUTHERM REFRIGERATION INC,,11264 MONARCH STREET SUITE A,GARDEN GROVE,CA,92841,Orange,1,4230937703,first,4230937703,2020-05-01,667770.00,62,3205296.00,,,,,,first_draw 4230937703: verified_standard_2.5x,CSLB License Master,790424,ACCUTHERM REFRIGERATION INC,2001-01-25,"Original CSLB license issue date (IssueDate); a license date, not an SOS charter or business start date",25.7,N,2026-10-06,high,"Name: exact match, on CSLB BusinessName ""ACCUTHERM REFRIGERATION INC"". Address: same house number and street name (SBA loan: 11264 MONARCH STREET SUITE A, GARDEN GROVE 92841; CSLB mailing: 11264 MONARCH STREET A, GARDEN GROVE CA 92841). CSLB IssueDate 2001-01-25. CSLB master: Updated as of 10/4/2026 (latest LastUpdate in the file; the portal date was not provided).",CLEAR,C10 C20 C38,https://www2.cslb.ca.gov/OnlineServices/CheckLicenseII/CheckLicense.aspx,plan_found,5500-SF,330931475-001,"ACCUTHERM REFRIGERATION, INC.",2024-01-01,2024-12-31,2025-05-07,39,2A2E2G2J2T3D,330931475,20250507124139NAL0010596721001,high,"Sponsor ""ACCUTHERM REFRIGERATION, INC."" (11264 MONARCH STREET, GARDEN GROVE CA 92841); name E, address street. Active participants are the plan-year-end count on this filing, not company headcount.",1,,DOL-5500SF-2024,https://www.askebsa.dol.gov/FOIA%20Files/2024/Latest/F_5500_SF_2024_Latest.zip,https://data.sba.gov/dataset/ppp-foia,closed,"clear exclusion by the 30-year rule: verified CSLB license #790424 was issued 2001-01-25. The business could be older than this license (for example a successor entity), which this data cannot show.",,,ready,,,,,,,,,,,,,,,,,,,,
biz-006,ADAMS & ROBINSON ENTERPRISES,,16511 Burke Lane,huntington beach,CA,92647-4537,Orange,1,9060337906,first,9060337906,2020-06-19,235133.00,16,1128638.40,,,,,,first_draw 9060337906: verified_standard_2.5x,CSLB License Master,697983,ADAMS & ROBINSON ENTERPRISES,1994-10-27,"Original CSLB license issue date (IssueDate); a license date, not an SOS charter or business start date",31.9,Y,2026-10-06,high,"Name: exact match, on CSLB BusinessName ""ADAMS & ROBINSON ENTERPRISES"". Address: same street address (SBA loan: 16511 Burke Lane, huntington beach 92647-4537; CSLB mailing: 16511 BURKE LANE, HUNTINGTON BEACH CA 92647). CSLB IssueDate 1994-10-27. CSLB master: Updated as of 10/4/2026 (latest LastUpdate in the file; the portal date was not provided).",CLEAR,C20 C38,https://www2.cslb.ca.gov/OnlineServices/CheckLicenseII/CheckLicense.aspx,plan_found,5500-SF,330047686-001,ADAMS & ROBINSON ENTERPRISES 401(K) PROFIT SHARING PLAN & TRUST,2025-01-01,2025-12-31,2026-04-24,16,2E2F2G2J2K2S2T3D,330047686,20260424083119NAL0011880866001,high,"Sponsor ""ADAMS & ROBINSON ENTERPRISES"" (16511 BURKE LN, HUNTINGTON BEACH CA 926474537); name E, address street. Active participants are the plan-year-end count on this filing, not company headcount.",1,,DOL-5500SF-2025,https://www.askebsa.dol.gov/FOIA%20Files/2025/Latest/F_5500_SF_2025_Latest.zip,https://data.sba.gov/dataset/ppp-foia,ready,verified CSLB license #697983 issued 1994-10-27 (31.9 years before 2026-10-06),,,ready,,,,,,,,,,,,,,,,,,,,
biz-007,"ADELPHIA, INC.",CHANDLER'S AIR CONDITIONING & REFRIGERATION (CSLB #677263),1702 W 5TH ST,SANTA ANA,CA,92703-2899,Orange,2,1142727107;8445048306,second;first,1142727107,2020-04-09,450000.00,32,2160000.00,8445048306,2021-01-29,450000.00,32,2160000.00,first_draw 1142727107: verified_standard_2.5x | second_draw 8445048306: verified_standard_2.5x,CSLB License Master,677263,CHANDLER'S AIR CONDITIONING & REFRIGERATION,1993-09-16,"Original CSLB license issue date (IssueDate); a license date, not an SOS charter or business start date",33.1,Y,2026-10-06,high,"Name: exact match, on CSLB BUS-NAME-2 ""ADELPHIA INC"". Address: same street address (SBA loan: 1702 W 5TH ST, SANTA ANA 92703-2899; CSLB mailing: 1702 W 5TH STREET, SANTA ANA CA 92703). CSLB lists two names: ""CHANDLER'S AIR CONDITIONING & REFRIGERATION"" and ""ADELPHIA INC"". CSLB IssueDate 1993-09-16. CSLB master: Updated as of 10/4/2026 (latest LastUpdate in the file; the portal date was not provided).",Susp - No Qualifier,B C10 C20 C38,https://www2.cslb.ca.gov/OnlineServices/CheckLicenseII/CheckLicense.aspx,plan_found,5500-SF,330483251-001,CHANDLERS AIR CONDITIONING & REFRIGERATION RETIREMENT SAVINGS PLAN,2025-01-01,2025-12-31,2026-09-24,36,2F2G2J2K2T3D,330483251,20260924083714NAL0011250641001,high,"Sponsor ""ADELPHIA INC. DBA CHANDLERS AIR CONDITIONING & REFRIGERATION"" (1702 W 5TH STREET, SANTA ANA CA 927032906); name E, address street. Active participants are the plan-year-end count on this filing, not company headcount.",1,,DOL-5500SF-2025,https://www.askebsa.dol.gov/FOIA%20Files/2025/Latest/F_5500_SF_2025_Latest.zip,https://data.sba.gov/dataset/ppp-foia,review,"license status is ""Susp - No Qualifier"", not CLEAR",,,ready,,,,,,,,,,,,,,,,,,,,
biz-008,ADVANCE FIRE PROTECTION CO. INC.,,1451 W Lambert Rd,La Habra,CA,90631-6502,Orange,1,7792038706,first,7792038706,2021-04-06,1277065.00,51,6129912.00,,,,,,first_draw 7792038706: verified_standard_2.5x,CSLB License Master,259936,ADVANCE FIRE PROTECTION CO INC,1969-10-20,"Original CSLB license issue date (IssueDate); a license date, not an SOS charter or business start date",57.0,Y,2026-10-06,high,"Name: exact match, on CSLB BusinessName ""ADVANCE FIRE PROTECTION CO INC"". Address: same street address (SBA loan: 1451 W Lambert Rd, La Habra 90631-6502; CSLB mailing: 1451 W LAMBERT RD, LA HABRA CA 90631). CSLB IssueDate 1969-10-20. CSLB master: Updated as of 10/4/2026 (latest LastUpdate in the file; the portal date was not provided).",CLEAR,C16,https://www2.cslb.ca.gov/OnlineServices/CheckLicenseII/CheckLicense.aspx,plan_found,5500-SF,952590996-001,"ADVANCE FIRE PROTECTION CO., INC. 401K PROFIT SHARING PLAN",2024-06-01,2025-05-31,2025-12-16,20,2E2F2G2J2K2T3D,952590996,20251216091844NAL0001267811001,high,"Sponsor ""ADVANCE FIRE PROTECTION CO., INC."" (1451 WEST LAMBERT ROAD, LA HABRA CA 906316502); name E, address street. Active participants are the plan-year-end count on this filing, not company headcount.",1,,DOL-5500SF-2024,https://www.askebsa.dol.gov/FOIA%20Files/2024/Latest/F_5500_SF_2024_Latest.zip,https://data.sba.gov/dataset/ppp-foia,ready,verified CSLB license #259936 issued 1969-10-20 (57.0 years before 2026-10-06),,,ready,,,,,,,,,,,,,,,,,,,,
biz-009,"ADVANCED BACKFLOW ROOTING AND PLUMBING, INC.",,1401 N KRAEMER BLVD,ANAHEIM,CA,92806-1405,Orange,1,7072817209,first,7072817209,2020-04-28,247424.00,17,1187635.20,,,,,,first_draw 7072817209: verified_standard_2.5x,CSLB License Master,,,,unknown: no verified registration or license date,,unknown,2026-10-06,none,,,,,unknown_no_filing_found,,,,,,,,,,,,"No retirement-plan filing found with name and address (or EIN) agreement in the 2025, 2024 or 2023 files. Unknown, not a negative.",,,DOL-5500 / DOL-5500SF,,https://data.sba.gov/dataset/ppp-foia,review,no CSLB license found with name and address agreement,,,ready,,,,,,,,,,,,,,,,,,,,
biz-010,AIR FLOW MECHANICAL INCORPORATED,,5120 EAST LA PALMA AVE 203,ANAHEIM,CA,92807,Orange,2,4403627703;1615588600,second;first,4403627703,2020-05-01,373090.00,17,1790832.00,1615588600,2021-03-13,383025.00,21,1838520.00,first_draw 4403627703: verified_standard_2.5x | second_draw 1615588600: verified_standard_2.5x,CSLB License Master,341410,AIR FLOW MECHANICAL INC,1977-08-09,"Original CSLB license issue date (IssueDate); a license date, not an SOS charter or business start date",49.2,Y,2026-10-06,high,"Name: exact match, on CSLB BusinessName ""AIR FLOW MECHANICAL INC"". Address: same house number and street name (SBA loan: 5120 EAST LA PALMA AVE 203, ANAHEIM 92807; CSLB mailing: 5120 E LA PALMA #203, ANAHEIM CA 92807). CSLB IssueDate 1977-08-09. CSLB master: Updated as of 10/4/2026 (latest LastUpdate in the file; the portal date was not provided).",CLEAR,C20,https://www2.cslb.ca.gov/OnlineServices/CheckLicenseII/CheckLicense.aspx,unknown_no_filing_found,,,,,,,,,,,,"No retirement-plan filing found with name and address (or EIN) agreement in the 2025, 2024 or 2023 files. Unknown, not a negative. 3 same-name filing(s) with no address agreement were not counted (3 out of state); see scout/state/dol-name-only-hits.csv.",,,DOL-5500 / DOL-5500SF,,https://data.sba.gov/dataset/ppp-foia,ready,verified CSLB license #341410 issued 1977-08-09 (49.2 years before 2026-10-06),,,ready,,,,,,,,,,,,,,,,,,,,
biz-011,AIRE RITE A/C & REFRIGERATION,,15122 Bolsa Chica St,Huntington Beach,CA,92649-1025,Orange,1,2922668409,second,,,,,,2922668409,2021-02-04,2000000.00,134,unknown,second_draw 2922668409: unknown: at_program_loan_cap,CSLB License Master,,,,unknown: no verified registration or license date,,unknown,2026-10-06,none,,,,,unknown_no_filing_found,,,,,,,,,,,,"No retirement-plan filing found with name and address (or EIN) agreement in the 2025, 2024 or 2023 files. Unknown, not a negative.",,,DOL-5500 / DOL-5500SF,,https://data.sba.gov/dataset/ppp-foia,review,no CSLB license found with name and address agreement,,,ready,,,,,,,,,,,,,,,,,,,,
biz-012,AIRE-RITE AIR CONDITIONING,,15122 BOLSA CHICA ST,HUNTINGTON BEACH,CA,92649-1025,Orange,1,3449947107,first,3449947107,2020-04-11,2113100.00,151,10142880.00,,,,,,first_draw 3449947107: verified_standard_2.5x,CSLB License Master,,,,unknown: no verified registration or license date,,unknown,2026-10-06,none,,,,,unknown_no_filing_found,,,,,,,,,,,,"No retirement-plan filing found with name and address (or EIN) agreement in the 2025, 2024 or 2023 files. Unknown, not a negative.",,,DOL-5500 / DOL-5500SF,,https://data.sba.gov/dataset/ppp-foia,review,no CSLB license found with name and address agreement,,,ready,,,,,,,,,,,,,,,,,,,,
biz-013,"AIRTRONIX, INC.",,6 Foxglove Way,IRVINE,CA,92612-2712,Orange,2,4440157202;5486978502,second;first,4440157202,2020-04-27,223500.00,20,1072800.00,5486978502,2021-02-27,242384.00,17,1163443.20,first_draw 4440157202: verified_standard_2.5x | second_draw 5486978502: verified_standard_2.5x,CSLB License Master,,,,unknown: no verified registration or license date,,unknown,2026-10-06,none,,,,,unknown_no_filing_found,,,,,,,,,,,,"No retirement-plan filing found with name and address (or EIN) agreement in the 2025, 2024 or 2023 files. Unknown, not a negative.",,,DOL-5500 / DOL-5500SF,,https://data.sba.gov/dataset/ppp-foia,review,no CSLB license found with name and address agreement,,,ready,,,,,,,,,,,,,,,,,,,,
biz-014,ALDOC INC,,910 E. ORANGEFAIR LANE,ANAHEIM,CA,92801,Orange,1,3965467700,first,3965467700,2020-05-01,486328.00,37,2334374.40,,,,,,first_draw 3965467700: verified_standard_2.5x,CSLB License Master,,,,unknown: no verified registration or license date,,unknown,2026-10-06,none,,,,,plan_found,5500-SF,330744492-001,ALDOC INC. DBA AMERICAN LEAK DETECTION OF ORANGE 401(K) PLAN,2024-10-01,2025-09-30,2025-12-19,57,2F2G2J2K2R2T3D2E3H,330744492,20251219152911NAL0006507217001,high,"Sponsor ""ALDOC INC. DBA AMERICAN LEAK DETECTION OF ORANGE COUNTY"" (910 E. ORANGEFAIR LANE, ANAHEIM CA 92801); name E, address street. Active participants are the plan-year-end count on this filing, not company headcount.",1,,DOL-5500SF-2024,https://www.askebsa.dol.gov/FOIA%20Files/2024/Latest/F_5500_SF_2024_Latest.zip,https://data.sba.gov/dataset/ppp-foia,review,no CSLB license found with name and address agreement,,,ready,,,,,,,,,,,,,,,,,,,,
biz-015,ALICIA AIR CONDITIONING &AMP; HEATING INC,,26824 VISTA TER,LAKE FOREST,CA,92630-8116,Orange,1,5035257710,first,5035257710,2020-05-01,262702.00,17,1260969.60,,,,,,first_draw 5035257710: verified_standard_2.5x,CSLB License Master,,,,unknown: no verified registration or license date,,unknown,2026-10-06,none,,,,,unknown_no_filing_found,,,,,,,,,,,,"No retirement-plan filing found with name and address (or EIN) agreement in the 2025, 2024 or 2023 files. Unknown, not a negative.",,,DOL-5500 / DOL-5500SF,,https://data.sba.gov/dataset/ppp-foia,review,no CSLB license found with name and address agreement,,,ready,,,,,,,,,,,,,,,,,,,,
biz-016,"ALISO AIR, INC.",,29736 Avenida De Las Banderas,Rancho Sta Margarita CA,CA,92688-2615,Orange,1,3535747102,first,3535747102,2020-04-11,876680.00,59,4208064.00,,,,,,first_draw 3535747102: verified_standard_2.5x,CSLB License Master,526420,ALISO AIR INC,1988-03-14,"Original CSLB license issue date (IssueDate); a license date, not an SOS charter or business start date",38.6,Y,2026-10-06,high,"Name: exact match, on CSLB BusinessName ""ALISO AIR INC"". Address: same street address (SBA loan: 29736 Avenida De Las Banderas, Rancho Sta Margarita CA 92688-2615; CSLB mailing: 29736 AVENIDA DE LAS BANDERAS, RANCHO SANTA MARGARITA CA 92688). CSLB IssueDate 1988-03-14. CSLB master: Updated as of 10/4/2026 (latest LastUpdate in the file; the portal date was not provided).",CLEAR,B C20,https://www2.cslb.ca.gov/OnlineServices/CheckLicenseII/CheckLicense.aspx,plan_found,5500-SF,330265447-001,"ALISO AIR, INC. 401(K) PLAN",2025-01-01,2025-12-31,2026-09-09,88,2A2E2J2K2F2G3D,330265447,20260909160931NAL0004434595001,high,"Sponsor ""ALISO AIR, INC."" (29736 AVENIDA DE LAS BANDERAS, RANCHO SANTA MARGARITA CA 92688); name E, address street. Active participants are the plan-year-end count on this filing, not company headcount.",1,,DOL-5500SF-2025,https://www.askebsa.dol.gov/FOIA%20Files/2025/Latest/F_5500_SF_2025_Latest.zip,https://data.sba.gov/dataset/ppp-foia,ready,verified CSLB license #526420 issued 1988-03-14 (38.6 years before 2026-10-06),,,ready,,,,,,,,,,,,,,,,,,,,
biz-017,ALL PURPOSE FIRE EXTINGUISHER CORP,,25132 Tasman,LAGUNA HILLS,CA,92653,Orange,1,2828817207,first,2828817207,2020-04-16,187300.00,35,899040.00,,,,,,first_draw 2828817207: verified_standard_2.5x,CSLB License Master,,,,unknown: no verified registration or license date,,unknown,2026-10-06,none,,,,,unknown_no_filing_found,,,,,,,,,,,,"No retirement-plan filing found with name and address (or EIN) agreement in the 2025, 2024 or 2023 files. Unknown, not a negative.",,,DOL-5500 / DOL-5500SF,,https://data.sba.gov/dataset/ppp-foia,review,no CSLB license found with name and address agreement,,,ready,,,,,,,,,,,,,,,,,,,,
biz-018,ALLIANCE HEATING & AIR CONDITIONING INC.,,324 E Dyer Rd,Santa Ana,CA,92707-3757,Orange,1,8593258301,second,,,,,,8593258301,2021-01-29,399815.00,27,1919112.00,second_draw 8593258301: verified_standard_2.5x,CSLB License Master,,,,unknown: no verified registration or license date,,unknown,2026-10-06,low,Several CSLB licenses fit equally well: #840838 ALLIANCE HEATING AND AIR CONDITIONING INC issued 2004-06-14 (low). Needs a human to choose.,,,,unknown_no_filing_found,,,,,,,,,,,,"No retirement-plan filing found with name and address (or EIN) agreement in the 2025, 2024 or 2023 files. Unknown, not a negative.",,,DOL-5500 / DOL-5500SF,,https://data.sba.gov/dataset/ppp-foia,review,only weak CSLB candidates (name with city or ZIP only),,,ready,,,,,,,,,,,,,,,,,,,,
biz-019,ALLIANCE HEATING &AMP; AIR CONDITIONING INC.,,324 DYER RD E,SANTA ANA,CA,92707,Orange,1,8148837707,first,8148837707,2020-05-01,366760.00,30,1760448.00,,,,,,first_draw 8148837707: verified_standard_2.5x,CSLB License Master,,,,unknown: no verified registration or license date,,unknown,2026-10-06,none,,,,,unknown_no_filing_found,,,,,,,,,,,,"No retirement-plan filing found with name and address (or EIN) agreement in the 2025, 2024 or 2023 files. Unknown, not a negative.",,,DOL-5500 / DOL-5500SF,,https://data.sba.gov/dataset/ppp-foia,review,no CSLB license found with name and address agreement,,,ready,,,,,,,,,,,,,,,,,,,,
biz-020,"ALPS AIR CONDITIONING & HEATING, INC.",,1895 S Santa Cruz St,Anaheim,CA,92805,Orange,1,7175467105,first,7175467105,2020-04-14,277000.00,29,1329600.00,,,,,,first_draw 7175467105: verified_standard_2.5x,CSLB License Master,667953,ALPS AIR CONDITIONING & HEATING INC,1993-03-24,"Original CSLB license issue date (IssueDate); a license date, not an SOS charter or business start date; license was reissued 2009-04-01",33.5,Y,2026-10-06,high,"Name: exact match, on CSLB BusinessName ""ALPS AIR CONDITIONING & HEATING INC"". Address: same street address (SBA loan: 1895 S Santa Cruz St, Anaheim 92805; CSLB mailing: 1895 S SANTA CRUZ ST, ANAHEIM CA 92805). CSLB IssueDate 1993-03-24 (license reissued 2009-04-01). CSLB master: Updated as of 10/4/2026 (latest LastUpdate in the file; the portal date was not provided).",CLEAR,C20,https://www2.cslb.ca.gov/OnlineServices/CheckLicenseII/CheckLicense.aspx,unknown_no_filing_found,,,,,,,,,,,,"No retirement-plan filing found with name and address (or EIN) agreement in the 2025, 2024 or 2023 files. Unknown, not a negative.",,,DOL-5500 / DOL-5500SF,,https://data.sba.gov/dataset/ppp-foia,ready,verified CSLB license #667953 issued 1993-03-24 (33.5 years before 2026-10-06),,,ready,,,,,,,,,,,,,,,,,,,,
biz-021,ALTAIR SOLAR INC.,,15375 BARRANCA PKWY STE I104,IRVINE,CA,92618-2210,Orange,1,6238497706,first,6238497706,2020-05-01,150873.00,13,724190.40,,,,,,first_draw 6238497706: verified_standard_2.5x,CSLB License Master,,,,unknown: no verified registration or license date,,unknown,2026-10-06,none,,,,,plan_found,5500-SF,471954745-001,ALTAIR SOLAR INC. 401(K) PLAN,2025-01-01,2025-07-02,2025-07-17,0,2E2F2G2J2K2T3D,471954745,20250717125632NAL0000308433001,high,"Sponsor ""ALTAIR SOLAR INC."" (15375 BARRANCA PARKWAY, I-104, IRVINE CA 92618); name E, address street_loose. Active participants are the plan-year-end count on this filing, not company headcount.",1,,DOL-5500SF-2024,https://www.askebsa.dol.gov/FOIA%20Files/2024/Latest/F_5500_SF_2024_Latest.zip,https://data.sba.gov/dataset/ppp-foia,review,no CSLB license found with name and address agreement,,,ready,,,,,,,,,,,,,,,,,,,,
biz-022,AMBIANCE HEATING AND AIR,,3028 LA AVE E,ANAHEIM,CA,92806,Orange,1,3637518710,second,,,,,,3637518710,2021-03-31,452652.00,48,2172729.60,second_draw 3637518710: verified_standard_2.5x,CSLB License Master,,,,unknown: no verified registration or license date,,unknown,2026-10-06,none,,,,,unknown_no_filing_found,,,,,,,,,,,,"No retirement-plan filing found with name and address (or EIN) agreement in the 2025, 2024 or 2023 files. Unknown, not a negative.",,,DOL-5500 / DOL-5500SF,,https://data.sba.gov/dataset/ppp-foia,review,no CSLB license found with name and address agreement,,,ready,,,,,,,,,,,,,,,,,,,,
biz-023,"AMBIANCE HEATING &AMP; AIR, INC.",,3028 LA AVE E,ANAHEIM,CA,92806,Orange,1,7304827702,first,7304827702,2020-05-01,530712.00,40,2547417.60,,,,,,first_draw 7304827702: verified_standard_2.5x,CSLB License Master,,,,unknown: no verified registration or license date,,unknown,2026-10-06,none,,,,,unknown_no_filing_found,,,,,,,,,,,,"No retirement-plan filing found with name and address (or EIN) agreement in the 2025, 2024 or 2023 files. Unknown, not a negative.",,,DOL-5500 / DOL-5500SF,,https://data.sba.gov/dataset/ppp-foia,review,no CSLB license found with name and address agreement,,,ready,,,,,,,,,,,,,,,,,,,,
biz-024,AMERI-CAL REPIPE AND PLUMBING INC,,6900 KNOTT AVE SUITE J,BUENA PARK,CA,90621,Orange,2,3976217701;3380818808,second;first,3976217701,2020-05-01,262887.00,16,1261857.60,3380818808,2021-04-14,266742.00,32,1280361.60,first_draw 3976217701: verified_standard_2.5x | second_draw 3380818808: verified_standard_2.5x,CSLB License Master,928649,AMERI-CAL REPIPE AND PLUMBING INC,2009-02-10,"Original CSLB license issue date (IssueDate); a license date, not an SOS charter or business start date; license was reissued 2016-01-26",17.7,N,2026-10-06,high,"Name: exact match, on CSLB BusinessName ""AMERI - CAL REPIPE AND PLUMBING INC"". Address: same street address (SBA loan: 6900 KNOTT AVE SUITE J, BUENA PARK 90621; CSLB mailing: 6900 KNOTT AVE STE J, BUENA PARK CA 90621). CSLB IssueDate 2009-02-10 (license reissued 2016-01-26). CSLB master: Updated as of 10/4/2026 (latest LastUpdate in the file; the portal date was not provided).",CLEAR,C10 C36,https://www2.cslb.ca.gov/OnlineServices/CheckLicenseII/CheckLicense.aspx,plan_found,5500-SF,264007072-001,"AMERI-CAL REPIPE AND PLUMBING, INC. 401(K) PLAN",2024-01-01,2024-12-31,2025-10-01,8,2F2G2J2K2T3D,264007072,20251001183931NAL0006062131001,high,"Sponsor ""AMERI-CAL REPIPE AND PLUMBING, INC."" (6900 KNOTT AVE., BUENA PARK CA 90621); name E, address street. Active participants are the plan-year-end count on this filing, not company headcount.",1,,DOL-5500SF-2024,https://www.askebsa.dol.gov/FOIA%20Files/2024/Latest/F_5500_SF_2024_Latest.zip,https://data.sba.gov/dataset/ppp-foia,closed,"clear exclusion by the 30-year rule: verified CSLB license #928649 was issued 2009-02-10. The business could be older than this license (for example a successor entity), which this data cannot show.",,,ready,,,,,,,,,,,,,,,,,,,,
biz-025,"AMERICAN CONTRACTORS, INC.",,404 BLUERIDGE AVE,ORANGE,CA,92865-4204,Orange,1,9250607001,first,9250607001,2020-04-09,1800000.00,70,8640000.00,,,,,,first_draw 9250607001: verified_standard_2.5x,CSLB License Master,309863,AMERICAN CONTRACTORS INC,1975-09-11,"Original CSLB license issue date (IssueDate); a license date, not an SOS charter or business start date",51.1,Y,2026-10-06,high,"Name: exact match, on CSLB BusinessName ""AMERICAN CONTRACTORS INC"". Address: same house number and street name (SBA loan: 404 BLUERIDGE AVE, ORANGE 92865-4204; CSLB mailing: 404 W BLUERIDGE AVENUE, ORANGE CA 928654204). CSLB IssueDate 1975-09-11. CSLB master: Updated as of 10/4/2026 (latest LastUpdate in the file; the portal date was not provided).",CLEAR,C34 C36 C42,https://www2.cslb.ca.gov/OnlineServices/CheckLicenseII/CheckLicense.aspx,plan_found,5500-SF,952887478-001,"AMERICAN CONTRACTORS, INC. 401(K) SAVINGS PLAN",2025-01-01,2025-12-31,2026-07-17,13,2A2E2F2J2K2T3D,952887478,20260717121548NAL0008306034001,high,"Sponsor ""AMERICAN CONTRACTORS, INC."" (404 W BLUERIDGE AVE, ORANGE CA 92865); name E, address street. Active participants are the plan-year-end count on this filing, not company headcount.",3,952887478-003 2024-04-01..2025-03-31 active 10 (ack 20260105101441NAL0007242912001) | 952887478-002 2023-04-01..2024-03-31 active 7 (ack 20250114114128NAL0019778641001),DOL-5500SF-2025,https://www.askebsa.dol.gov/FOIA%20Files/2025/Latest/F_5500_SF_2025_Latest.zip,https://data.sba.gov/dataset/ppp-foia,ready,verified CSLB license #309863 issued 1975-09-11 (51.1 years before 2026-10-06),,,ready,,,,,,,,,,,,,,,,,,,,
biz-026,AMERICAN COOLING TOWER INC.,,3130 W Harvard St,Santa Ana,CA,92704-3937,Orange,1,9504359002,second,,,,,,9504359002,2021-05-29,204900.00,15,983520.00,second_draw 9504359002: verified_standard_2.5x,CSLB License Master,647390,AMERICAN COOLING TOWER INC,1992-06-11,"Original CSLB license issue date (IssueDate); a license date, not an SOS charter or business start date",34.3,Y,2026-10-06,high,"Name: exact match, on CSLB BusinessName ""AMERICAN COOLING TOWER INC"". Address: same street address (SBA loan: 3130 W Harvard St, Santa Ana 92704-3937; CSLB mailing: 3130 W HARVARD ST, SANTA ANA CA 92704). CSLB IssueDate 1992-06-11. CSLB master: Updated as of 10/4/2026 (latest LastUpdate in the file; the portal date was not provided).",CLEAR,A ASB B C20 D53,https://www2.cslb.ca.gov/OnlineServices/CheckLicenseII/CheckLicense.aspx,unknown_no_filing_found,,,,,,,,,,,,"No retirement-plan filing found with name and address (or EIN) agreement in the 2025, 2024 or 2023 files. Unknown, not a negative.",,,DOL-5500 / DOL-5500SF,,https://data.sba.gov/dataset/ppp-foia,ready,verified CSLB license #647390 issued 1992-06-11 (34.3 years before 2026-10-06),,,ready,,,,,,,,,,,,,,,,,,,,
biz-027,ANAHEIM REFRIGERATION INC,,3309 E Miraloma Ave Ste 101,Anaheim,CA,92806-1942,Orange,1,5528978305,second,,,,,,5528978305,2021-01-25,226707.00,17,1088193.60,second_draw 5528978305: verified_standard_2.5x,CSLB License Master,578942,ANAHEIM REFRIGERATION INC,1989-10-04,"Original CSLB license issue date (IssueDate); a license date, not an SOS charter or business start date; license was reissued 2011-09-02",37.0,Y,2026-10-06,high,"Name: exact match, on CSLB BusinessName ""ANAHEIM REFRIGERATION INC"". Address: same street address (SBA loan: 3309 E Miraloma Ave Ste 101, Anaheim 92806-1942; CSLB mailing: 3309 E MIRALOMA AVE #101, ANAHEIM CA 92806). CSLB IssueDate 1989-10-04 (license reissued 2011-09-02). CSLB master: Updated as of 10/4/2026 (latest LastUpdate in the file; the portal date was not provided).",CLEAR,C20 C38,https://www2.cslb.ca.gov/OnlineServices/CheckLicenseII/CheckLicense.aspx,plan_found,5500-SF,262434253-002,"ANAHEIM REFRIGERATION, INC. DEFINED BENEFIT PLAN",2025-01-01,2025-12-31,2026-07-16,17,1A1D3D,262434253,20260716164057NAL0004739745001,high,"Sponsor ""ANAHEIM REFRIGERATION, INC."" (3309 EAST MIRALOMA AVENUE, SUITE 10, ANAHEIM CA 92806); name E, address street. Active participants are the plan-year-end count on this filing, not company headcount.",2,262434253-001 2025-01-01..2025-12-31 active 17 (ack 20260716164449NAL0004692097001),DOL-5500SF-2025,https://www.askebsa.dol.gov/FOIA%20Files/2025/Latest/F_5500_SF_2025_Latest.zip,https://data.sba.gov/dataset/ppp-foia,ready,verified CSLB license #578942 issued 1989-10-04 (37.0 years before 2026-10-06),,,ready,,,,,,,,,,,,,,,,,,,,
biz-028,"APEX FIRE SYSTEMS, INC",,"2961 W MACARTHUR BLVD, SUITE 118",SANTA ANA,CA,92704,Orange,1,3014487210,first,3014487210,2020-04-16,518542.00,43,unknown,,,,,,first_draw 3014487210: unknown: amount_changed_after_approval,CSLB License Master,,,,unknown: no verified registration or license date,,unknown,2026-10-06,none,,,,,unknown_no_filing_found,,,,,,,,,,,,"No retirement-plan filing found with name and address (or EIN) agreement in the 2025, 2024 or 2023 files. Unknown, not a negative. 3 same-name filing(s) with no address agreement were not counted (0 out of state); see scout/state/dol-name-only-hits.csv.",,,DOL-5500 / DOL-5500SF,,https://data.sba.gov/dataset/ppp-foia,review,no CSLB license found with name and address agreement,,,ready,,,,,,,,,,,,,,,,,,,,
biz-029,APPLIED AIR CONDITIONING INC,,4250 ARTESIA AVE,FULLERTON,CA,92833,Orange,1,3980147402,first,3980147402,2020-05-08,233955.00,15,1122984.00,,,,,,first_draw 3980147402: verified_standard_2.5x,CSLB License Master,,,,unknown: no verified registration or license date,,unknown,2026-10-06,ambiguous,Several CSLB licenses fit equally well: #910358 APPLIED AIR CONDITIONING INC issued 2008-02-07 (high); #923904 APPLIED AIR issued 2008-10-21 (high). Needs a human to choose.,,,,plan_found,5500-SF,352319127-001,APPLIED AIR CONDITIONING INC 401(K) PROFIT SHARING PLAN & TRU,2025-01-01,2025-12-31,2026-06-16,22,2E2F2G2J2K2T3D,352319127,20260616123923NAL0001060609001,high,"Sponsor ""APPLIED AIR CONDITIONING INC."" (4250 ARTESIA BLVD, FULLERTON CA 92833); name E, address street_loose. Active participants are the plan-year-end count on this filing, not company headcount.",1,,DOL-5500SF-2025,https://www.askebsa.dol.gov/FOIA%20Files/2025/Latest/F_5500_SF_2025_Latest.zip,https://data.sba.gov/dataset/ppp-foia,review,more than one CSLB license fits; needs a human to choose,,,ready,,,,,,,,,,,,,,,,,,,,
biz-030,"AQUAKLEEN PRODUCTS,INC",,1590 Metro Dr Ste 116SR,Costa Mesa,CA,92626-1458,Orange,1,6414658310,second,,,,,,6414658310,2021-01-27,184555.00,10,unknown,second_draw 6414658310: unknown: self_employed_or_untyped_borrower,CSLB License Master,,,,unknown: no verified registration or license date,,unknown,2026-10-06,none,,,,,unknown_no_filing_found,,,,,,,,,,,,"No retirement-plan filing found with name and address (or EIN) agreement in the 2025, 2024 or 2023 files. Unknown, not a negative.",,,DOL-5500 / DOL-5500SF,,https://data.sba.gov/dataset/ppp-foia,review,no CSLB license found with name and address agreement,,,ready,,,,,,,,,,,,,,,,,,,,
biz-031,ASSOCIATED HEATING AND AIR INC.,,1320  N. Hancock St.,Anaheim,CA,92807,Orange,2,8533587308;7110868810,second;first,8533587308,2020-05-01,389837.00,31,1871217.60,7110868810,2021-04-21,389837.00,26,1871217.60,first_draw 8533587308: verified_standard_2.5x | second_draw 7110868810: verified_standard_2.5x,CSLB License Master,,,,unknown: no verified registration or license date,,unknown,2026-10-06,low,Several CSLB licenses fit equally well: #608210 ASSOCIATED HEATING & AIR INC issued 1990-12-19 (low). Needs a human to choose.,,,,unknown_no_filing_found,,,,,,,,,,,,"No retirement-plan filing found with name and address (or EIN) agreement in the 2025, 2024 or 2023 files. Unknown, not a negative.",,,DOL-5500 / DOL-5500SF,,https://data.sba.gov/dataset/ppp-foia,review,only weak CSLB candidates (name with city or ZIP only),,,ready,,,,,,,,,,,,,,,,,,,,
biz-032,AUTOMATIC FIRE SPRINKLERS INC,,7272 Mars Dr,Huntington Beach,CA,92647-4428,Orange,1,5533597100,first,5533597100,2020-04-13,2049959.00,150,9839803.20,,,,,,first_draw 5533597100: verified_standard_2.5x,CSLB License Master,,,,unknown: no verified registration or license date,,unknown,2026-10-06,none,,,,,plan_found,5500-SF,330229332-001,"AUTOMATIC FIRE SPRINKLERS, INC. 401(K) RETIREMENT PLAN",2023-01-01,2023-12-31,2024-04-16,0,2E2F2G2J2K2T,330229332,20240416165221NAL0001612112001,high,"Sponsor ""AUTOMATIC FIRE SPRINKLERS, INC."" (7272 MARS DRIVE, HUNTINGTON BEACH CA 92647); name E, address street. Active participants are the plan-year-end count on this filing, not company headcount.",1,,DOL-5500SF-2023,https://www.askebsa.dol.gov/FOIA%20Files/2023/Latest/F_5500_SF_2023_Latest.zip,https://data.sba.gov/dataset/ppp-foia,review,no CSLB license found with name and address agreement,,,ready,,,,,,,,,,,,,,,,,,,,
biz-033,BARKER AND SONS PLUMBING INC,,1827 N Case st,ORANGE,CA,92865-4234,Orange,1,5257397102,first,5257397102,2020-04-13,367200.00,30,1762560.00,,,,,,first_draw 5257397102: verified_standard_2.5x,CSLB License Master,501163,BARKER AND SONS PLUMBING INC,1986-11-10,"Original CSLB license issue date (IssueDate); a license date, not an SOS charter or business start date; license was reissued 2012-07-13",39.9,Y,2026-10-06,high,"Name: exact match, on CSLB BusinessName ""BARKER AND SONS PLUMBING INC"". Address: same street address (SBA loan: 1827 N Case st, ORANGE 92865-4234; CSLB mailing: 1827 N CASE ST, ORANGE CA 92865). CSLB IssueDate 1986-11-10 (license reissued 2012-07-13). CSLB master: Updated as of 10/4/2026 (latest LastUpdate in the file; the portal date was not provided).",CLEAR,C36,https://www2.cslb.ca.gov/OnlineServices/CheckLicenseII/CheckLicense.aspx,candidate_needs_review,,,,,,,,,,,medium,"3 unverified DOL candidate(s); best: sponsor ""BARKER & SONS PLUMBING & ROOTER"", EIN 371453647, name T, address street. Not counted as a match.",,,DOL-5500 / DOL-5500SF,,https://data.sba.gov/dataset/ppp-foia,ready,verified CSLB license #501163 issued 1986-11-10 (39.9 years before 2026-10-06),,,ready,,,,,,,,,,,,,,,,,,,,
biz-034,BARNES SOLAR INC,,29422 Ana Maria Ln,Laguna Niguel,CA,92677-1736,Orange,1,3888548506,second,,,,,,3888548506,2021-02-24,276225.00,17,1325880.00,second_draw 3888548506: verified_standard_2.5x,CSLB License Master,,,,unknown: no verified registration or license date,,unknown,2026-10-06,none,,,,,unknown_no_filing_found,,,,,,,,,,,,"No retirement-plan filing found with name and address (or EIN) agreement in the 2025, 2024 or 2023 files. Unknown, not a negative.",,,DOL-5500 / DOL-5500SF,,https://data.sba.gov/dataset/ppp-foia,review,no CSLB license found with name and address agreement; same legal name appears at another address (possible duplicate business),,,ready,,,,,,,,,,,,,,,,,,,,
biz-035,BARNES SOLAR INC,,23201 ORANGE AVE,LAKE FOREST,CA,92630,Orange,1,8597977110,first,8597977110,2020-04-15,311985.00,25,1497528.00,,,,,,first_draw 8597977110: verified_standard_2.5x,CSLB License Master,,,,unknown: no verified registration or license date,,unknown,2026-10-06,none,,,,,unknown_no_filing_found,,,,,,,,,,,,"No retirement-plan filing found with name and address (or EIN) agreement in the 2025, 2024 or 2023 files. Unknown, not a negative.",,,DOL-5500 / DOL-5500SF,,https://data.sba.gov/dataset/ppp-foia,review,no CSLB license found with name and address agreement; same legal name appears at another address (possible duplicate business),,,ready,,,,,,,,,,,,,,,,,,,,
biz-036,"BEC ELECTRIC, INC",,245,BREA,CA,92821,Orange,1,1740308302,second,,,,,,1740308302,2021-01-19,156215.00,10,749832.00,second_draw 1740308302: verified_standard_2.5x,CSLB License Master,,,,unknown: no verified registration or license date,,unknown,2026-10-06,none,,,,,unknown_no_filing_found,,,,,,,,,,,,"No retirement-plan filing found with name and address (or EIN) agreement in the 2025, 2024 or 2023 files. Unknown, not a negative.",,,DOL-5500 / DOL-5500SF,,https://data.sba.gov/dataset/ppp-foia,review,no CSLB license found with name and address agreement,,,ready,,,,,,,,,,,,,,,,,,,,
biz-037,"BEEBE ENTERPRISES, LLC",,"9891 Irvine Center Dr., Ste 200",IRVINE,CA,92618-4307,Orange,1,7153827007,first,7153827007,2020-04-07,202200.00,18,970560.00,,,,,,first_draw 7153827007: verified_standard_2.5x,CSLB License Master,,,,unknown: no verified registration or license date,,unknown,2026-10-06,none,,,,,unknown_no_filing_found,,,,,,,,,,,,"No retirement-plan filing found with name and address (or EIN) agreement in the 2025, 2024 or 2023 files. Unknown, not a negative. 3 same-name filing(s) with no address agreement were not counted (3 out of state); see scout/state/dol-name-only-hits.csv.",,,DOL-5500 / DOL-5500SF,,https://data.sba.gov/dataset/ppp-foia,review,no CSLB license found with name and address agreement,,,ready,,,,,,,,,,,,,,,,,,,,
biz-038,"BENNETT'S PLUMBING, INC.",,3030 South Fairview B,SANTA ANA,CA,92704,Orange,2,5304637106;4111048308,second;first,5304637106,2020-04-13,502400.00,35,2411520.00,4111048308,2021-01-22,502400.00,35,2411520.00,first_draw 5304637106: verified_standard_2.5x | second_draw 4111048308: verified_standard_2.5x,CSLB License Master,824124,BENNETT'S PLUMBING INC,2003-09-12,"Original CSLB license issue date (IssueDate); a license date, not an SOS charter or business start date",23.1,N,2026-10-06,high,"Name: exact match, on CSLB BusinessName ""BENNETT'S PLUMBING INC"". Address: same house number and street name (SBA loan: 3030 South Fairview B, SANTA ANA 92704; CSLB mailing: 3030 S FAIRVIEW STREET B, SANTA ANA CA 92704). CSLB IssueDate 2003-09-12. CSLB master: Updated as of 10/4/2026 (latest LastUpdate in the file; the portal date was not provided).",CLEAR,C36,https://www2.cslb.ca.gov/OnlineServices/CheckLicenseII/CheckLicense.aspx,plan_found,5500-SF,043748382-003,"BENNETTS PLUMBING, INC. CASH BALANCE PENSION PLAN & TRUST",2024-01-01,2024-12-31,2025-10-01,23,1A1B1C3D,043748382,20251001101755NAL0014076224001,high,"Sponsor ""BENNETTS PLUMBING, INC."" (3030 SOUTH FAIRVIEW ST UNIT B, SANTA ANA CA 92704); name E, address street. Active participants are the plan-year-end count on this filing, not company headcount.",3,043748382-002 2024-01-01..2024-12-31 active 25 (ack 20251001142321NAL0031830946001) | 043748382-001 2023-01-01..2023-12-31 active 0 (ack 20250723113938NAL0010188994001),DOL-5500SF-2024,https://www.askebsa.dol.gov/FOIA%20Files/2024/Latest/F_5500_SF_2024_Latest.zip,https://data.sba.gov/dataset/ppp-foia,closed,"clear exclusion by the 30-year rule: verified CSLB license #824124 was issued 2003-09-12. The business could be older than this license (for example a successor entity), which this data cannot show.",,,ready,,,,,,,,,,,,,,,,,,,,
biz-039,BENRICH SERVICE COMPANY INC.,,3190 AIRPORT LOOP DR SUITE G,COSTA MESA,CA,92626-3403,Orange,1,4457517003,first,4457517003,2020-04-03,985400.00,88,4729920.00,,,,,,first_draw 4457517003: verified_standard_2.5x,CSLB License Master,502927,BENRICH SERVICE COMPANY INC,1986-12-17,"Original CSLB license issue date (IssueDate); a license date, not an SOS charter or business start date",39.8,Y,2026-10-06,high,"Name: exact match, on CSLB BusinessName ""BENRICH SERVICE COMPANY INC"". Address: same street address (SBA loan: 3190 AIRPORT LOOP DR SUITE G, COSTA MESA 92626-3403; CSLB mailing: 3190 AIRPORT LOOP DRIVE STE G, COSTA MESA CA 92626). CSLB IssueDate 1986-12-17. CSLB master: Updated as of 10/4/2026 (latest LastUpdate in the file; the portal date was not provided).",CLEAR,C-4 C36 C55,https://www2.cslb.ca.gov/OnlineServices/CheckLicenseII/CheckLicense.aspx,candidate_needs_review,,,,,,,,,,,low,"1 unverified DOL candidate(s); best: sponsor ""BENRICH SERVICE COMPANY"", EIN 330047868, name C, address zip. Not counted as a match.",,,DOL-5500 / DOL-5500SF,,https://data.sba.gov/dataset/ppp-foia,ready,verified CSLB license #502927 issued 1986-12-17 (39.8 years before 2026-10-06),,,ready,,,,,,,,,,,,,,,,,,,,
biz-040,BIARD AND CROCKETT PLUMBING SERVICE INC,"BIARD & CROCKETT PLUMBING,HEATING AND AIR CONDITIONING INC (CSLB #1077112)",320 E KATELLA AVENUE UNIT P,ORANGE,CA,92867,Orange,1,1823837405,first,1823837405,2020-05-05,208651.00,14,1001524.80,,,,,,first_draw 1823837405: verified_standard_2.5x,CSLB License Master,1077112,"BIARD & CROCKETT PLUMBING,HEATING AND AIR CONDITIONING INC",2021-06-18,"Original CSLB license issue date (IssueDate); a license date, not an SOS charter or business start date",,unknown,2026-10-06,medium,"Name: same distinctive words only, on CSLB BusinessName ""BIARD & CROCKETT PLUMBING,HEATING AND AIR CONDITIONING INC"". Address: same street address (SBA loan: 320 E KATELLA AVENUE UNIT P, ORANGE 92867; CSLB mailing: 320 E KATELLA AVE #P, ORANGE CA 92867). CSLB IssueDate 2021-06-18. CSLB master: Updated as of 10/4/2026 (latest LastUpdate in the file; the portal date was not provided).",CLEAR,C20 C36,https://www2.cslb.ca.gov/OnlineServices/CheckLicenseII/CheckLicense.aspx,candidate_needs_review,,,,,,,,,,,medium,"3 unverified DOL candidate(s); best: sponsor ""BIARD & CROCKETT PLUMBING, HEATING AND AIR CONDITIONING"", EIN 862584988, name T, address street. Not counted as a match.",,,DOL-5500 / DOL-5500SF,,https://data.sba.gov/dataset/ppp-foia,review,probable CSLB license match is not corroborated enough to verify,,,ready,,,,,,,,,,,,,,,,,,,,
biz-041,BLAINE ENTERPRISES INC,B & B PLUMBING INC (CSLB #608025),1340 N HANCOCK ST,ANAHEIM,CA,92807-1903,Orange,1,5399617701,first,5399617701,2020-05-01,538930.00,49,2586864.00,,,,,,first_draw 5399617701: verified_standard_2.5x,CSLB License Master,608025,B & B PLUMBING INC,1990-12-14,"Original CSLB license issue date (IssueDate); a license date, not an SOS charter or business start date",35.8,Y,2026-10-06,high,"Name: exact match, on CSLB BUS-NAME-2 ""BLAINE ENTERPRISES INC"". Address: same street address (SBA loan: 1340 N HANCOCK ST, ANAHEIM 92807-1903; CSLB mailing: 1340 N HANCOCK STREET, ANAHEIM CA 92807). CSLB lists two names: ""B & B PLUMBING INC"" and ""BLAINE ENTERPRISES INC"". CSLB IssueDate 1990-12-14. CSLB master: Updated as of 10/4/2026 (latest LastUpdate in the file; the portal date was not provided).",CLEAR,C36,https://www2.cslb.ca.gov/OnlineServices/CheckLicenseII/CheckLicense.aspx,plan_found,5500-SF,330372391-001,"B&B PLUMBING, INC. 401(K) PLAN",2024-01-01,2024-12-31,2025-10-14,36,2A2E2F2G2J2K2T3D,330372391,20251014143311NAL0004241424001,high,"Sponsor ""BLAINE ENTERPRISES, INC. DBA B&B PLUMBING, INC."" (1340 N. HANCOCK, ANAHEIM CA 92807); name E, address street_loose. Active participants are the plan-year-end count on this filing, not company headcount.",1,,DOL-5500SF-2024,https://www.askebsa.dol.gov/FOIA%20Files/2024/Latest/F_5500_SF_2024_Latest.zip,https://data.sba.gov/dataset/ppp-foia,ready,verified CSLB license #608025 issued 1990-12-14 (35.8 years before 2026-10-06),,,ready,,,,,,,,,,,,,,,,,,,,
biz-042,"BLAKE AIR CONDITIONING & SERVICE CO., INC.",,1175 N. OSPREY CIR,ANAHEIM,CA,92807-1709,Orange,1,4990697303,first,4990697303,2020-04-30,538000.00,37,unknown,,,,,,first_draw 4990697303: unknown: amount_changed_after_approval,CSLB License Master,396109,BLAKE AIR CONDITIONING & SERVICE CO INC,1980-11-20,"Original CSLB license issue date (IssueDate); a license date, not an SOS charter or business start date",45.9,Y,2026-10-06,high,"Name: exact match, on CSLB BusinessName ""BLAKE AIR CONDITIONING & SERVICE CO INC"". Address: same street address (SBA loan: 1175 N. OSPREY CIR, ANAHEIM 92807-1709; CSLB mailing: 1175 NORTH OSPREY CIRCLE, ANAHEIM CA 92807). CSLB IssueDate 1980-11-20. CSLB master: Updated as of 10/4/2026 (latest LastUpdate in the file; the portal date was not provided).",CLEAR,C20,https://www2.cslb.ca.gov/OnlineServices/CheckLicenseII/CheckLicense.aspx,plan_found,5500-SF,952465851-001,"BLAKE AIR CONDITIONING & SERVICE COMPANY, INC. 401(K) PROFIT SHARING PLAN",2025-01-01,2025-12-31,2026-06-23,33,2E2F2G2J2K2T3D,952465851,20260623211205NAL0012339522001,high,"Sponsor ""BLAKE AIR CONDITIONING AND SERVICE COMPANY, INC."" (1175 N. OSPREY CIRCLE, ANAHEIM CA 92807); name E, address street. Active participants are the plan-year-end count on this filing, not company headcount.",1,,DOL-5500SF-2025,https://www.askebsa.dol.gov/FOIA%20Files/2025/Latest/F_5500_SF_2025_Latest.zip,https://data.sba.gov/dataset/ppp-foia,ready,verified CSLB license #396109 issued 1980-11-20 (45.9 years before 2026-10-06),,,ready,,,,,,,,,,,,,,,,,,,,
biz-043,BLUON INC,,18 BUNSEN ST,IRVINE,CA,92618,Orange,1,1588537310,first,1588537310,2020-04-28,424012.00,28,2035257.60,,,,,,first_draw 1588537310: verified_standard_2.5x,CSLB License Master,,,,unknown: no verified registration or license date,,unknown,2026-10-06,none,,,,,unknown_no_filing_found,,,,,,,,,,,,"No retirement-plan filing found with name and address (or EIN) agreement in the 2025, 2024 or 2023 files. Unknown, not a negative.",,,DOL-5500 / DOL-5500SF,,https://data.sba.gov/dataset/ppp-foia,review,no CSLB license found with name and address agreement,,,ready,,,,,,,,,,,,,,,,,,,,
biz-044,"BOTTOM LINE UTILITY SOLUTIONS, INC.",,23015 Del Lago Drive Suite D2,Laguna Hills,CA,92653-1303,Orange,2,9783847006;2103568301,second;first,9783847006,2020-04-09,685400.00,60,3289920.00,2103568301,2021-01-20,685400.00,50,3289920.00,first_draw 9783847006: verified_standard_2.5x | second_draw 2103568301: verified_standard_2.5x,CSLB License Master,,,,unknown: no verified registration or license date,,unknown,2026-10-06,none,,,,,plan_found,5500-SF,912059332-001,BOTTOM LINE UTILITY SOLUTIONS401K,2024-01-01,2024-12-31,2025-09-09,39,2E3D2G2J2K2F2T,912059332,20250909124119NAL0042762834001,high,"Sponsor ""BOTTOM LINE UTILITY SOLUTIONS, INC."" (23015 DEL LAGO DR STE D2, LAGUNA HILLS CA 92653); name E, address street. Active participants are the plan-year-end count on this filing, not company headcount.",1,,DOL-5500SF-2024,https://www.askebsa.dol.gov/FOIA%20Files/2024/Latest/F_5500_SF_2024_Latest.zip,https://data.sba.gov/dataset/ppp-foia,review,no CSLB license found with name and address agreement,,,ready,,,,,,,,,,,,,,,,,,,,
biz-045,"BRADLEY MECHANICAL, INC.",,10625 LAWSON RIVER AVE,FOUNTAIN VALLEY,CA,92708,Orange,1,9615107106,first,9615107106,2020-04-15,181240.00,13,869952.00,,,,,,first_draw 9615107106: verified_standard_2.5x,CSLB License Master,748290,BRADLEY MECHANICAL INC,1998-04-20,"Original CSLB license issue date (IssueDate); a license date, not an SOS charter or business start date; license was reissued 2014-12-11",28.5,N,2026-10-06,high,"Name: exact match, on CSLB BusinessName ""BRADLEY MECHANICAL INC"". Address: same street address (SBA loan: 10625 LAWSON RIVER AVE, FOUNTAIN VALLEY 92708; CSLB mailing: 10625 LAWSON RIVER AVE, FOUNTAIN VALLEY CA 92708). CSLB IssueDate 1998-04-20 (license reissued 2014-12-11). CSLB master: Updated as of 10/4/2026 (latest LastUpdate in the file; the portal date was not provided).",CLEAR,C20,https://www2.cslb.ca.gov/OnlineServices/CheckLicenseII/CheckLicense.aspx,unknown_no_filing_found,,,,,,,,,,,,"No retirement-plan filing found with name and address (or EIN) agreement in the 2025, 2024 or 2023 files. Unknown, not a negative.",,,DOL-5500 / DOL-5500SF,,https://data.sba.gov/dataset/ppp-foia,closed,"clear exclusion by the 30-year rule: verified CSLB license #748290 was issued 1998-04-20. The business could be older than this license (for example a successor entity), which this data cannot show.",,,ready,,,,,,,,,,,,,,,,,,,,
biz-046,"BREA/ORANGE COUNTY PLUMBING, HEATING & AIR CONDITIONING, INC",BREA PLUMBING (CSLB #765643),420 WEST LAMBERT ROAD,BREA,CA,92821,Orange,1,1166217308,first,1166217308,2020-04-28,209500.00,14,1005600.00,,,,,,first_draw 1166217308: verified_standard_2.5x,CSLB License Master,765643,BREA PLUMBING,1999-07-13,"Original CSLB license issue date (IssueDate); a license date, not an SOS charter or business start date; license was reissued 2009-01-20",,unknown,2026-10-06,medium,"Name: exact match, on CSLB BUS-NAME-2 ""BREA / ORANGE COUNTY PLUMBING HEATING & AIR CONDITIONING INC"". Address: same ZIP only (SBA loan: 420 WEST LAMBERT ROAD, BREA 92821; CSLB mailing: 340 N ORANGE AVE, BREA CA 92821). CSLB lists two names: ""BREA PLUMBING"" and ""BREA / ORANGE COUNTY PLUMBING HEATING & AIR CONDITIONING INC"". CSLB IssueDate 1999-07-13 (license reissued 2009-01-20). CSLB master: Updated as of 10/4/2026 (latest LastUpdate in the file; the portal date was not provided).",CLEAR,C20 C36,https://www2.cslb.ca.gov/OnlineServices/CheckLicenseII/CheckLicense.aspx,unknown_no_filing_found,,,,,,,,,,,,"No retirement-plan filing found with name and address (or EIN) agreement in the 2025, 2024 or 2023 files. Unknown, not a negative.",,,DOL-5500 / DOL-5500SF,,https://data.sba.gov/dataset/ppp-foia,review,probable CSLB license match is not corroborated enough to verify,,,ready,,,,,,,,,,,,,,,,,,,,
biz-047,"BRYMAX CONSTRUCTION SERVICES, INC.",BRYMAX MECHANICAL (CSLB #1030208),7436 LORGE CIR,HUNTINGTON BEACH,CA,92647-3619,Orange,1,4760257305,first,4760257305,2020-04-30,612100.00,25,2938080.00,,,,,,first_draw 4760257305: verified_standard_2.5x,CSLB License Master,1030208,BRYMAX MECHANICAL,2017-08-21,"Original CSLB license issue date (IssueDate); a license date, not an SOS charter or business start date",9.1,N,2026-10-06,high,"Name: exact match, on CSLB BUS-NAME-2 ""BRYMAX CONSTRUCTION SERVICES INC"". Address: same street address (SBA loan: 7436 LORGE CIR, HUNTINGTON BEACH 92647-3619; CSLB mailing: 7436 LORGE CIRCLE, HUNTINGTON BEACH CA 92647). CSLB lists two names: ""BRYMAX MECHANICAL"" and ""BRYMAX CONSTRUCTION SERVICES INC"". CSLB IssueDate 2017-08-21. CSLB master: Updated as of 10/4/2026 (latest LastUpdate in the file; the portal date was not provided).",CLEAR,C20 C36,https://www2.cslb.ca.gov/OnlineServices/CheckLicenseII/CheckLicense.aspx,plan_found,5500-SF,812654539-001,BRYMAX 401(K) PLAN,2025-01-01,2025-12-31,2026-05-14,25,2E2J2K2F2G3D,812654539,20260514141404NAL0006986883001,high,"Sponsor ""BRYMAX CONSTRUCTION SERVICES, INC."" (7436 LORGE CIRCLE, HUNTINGTON BEACH CA 92647); name E, address street. Active participants are the plan-year-end count on this filing, not company headcount.",1,,DOL-5500SF-2025,https://www.askebsa.dol.gov/FOIA%20Files/2025/Latest/F_5500_SF_2025_Latest.zip,https://data.sba.gov/dataset/ppp-foia,closed,"clear exclusion by the 30-year rule: verified CSLB license #1030208 was issued 2017-08-21. The business could be older than this license (for example a successor entity), which this data cannot show.",,,ready,,,,,,,,,,,,,,,,,,,,
biz-048,C &AMP; L REFRIGERATION CORPORATION,,4111 N. Palm Street,Fullerton,CA,92835,Orange,1,7950707706,first,7950707706,2020-05-01,2398400.00,154,11512320.00,,,,,,first_draw 7950707706: verified_standard_2.5x,CSLB License Master,,,,unknown: no verified registration or license date,,unknown,2026-10-06,none,,,,,unknown_no_filing_found,,,,,,,,,,,,"No retirement-plan filing found with name and address (or EIN) agreement in the 2025, 2024 or 2023 files. Unknown, not a negative.",,,DOL-5500 / DOL-5500SF,,https://data.sba.gov/dataset/ppp-foia,review,no CSLB license found with name and address agreement,,,ready,,,,,,,,,,,,,,,,,,,,
biz-049,"C & L REFRIGERATION NEVADA,  LLC",,4111 N. Palm Street,Fullerton,CA,92835-1025,Orange,1,7393987901,first,7393987901,2020-06-17,252400.00,14,1211520.00,,,,,,first_draw 7393987901: verified_standard_2.5x,CSLB License Master,,,,unknown: no verified registration or license date,,unknown,2026-10-06,none,,,,,unknown_no_filing_found,,,,,,,,,,,,"No retirement-plan filing found with name and address (or EIN) agreement in the 2025, 2024 or 2023 files. Unknown, not a negative.",,,DOL-5500 / DOL-5500SF,,https://data.sba.gov/dataset/ppp-foia,review,no CSLB license found with name and address agreement,,,ready,,,,,,,,,,,,,,,,,,,,
biz-050,"CALIFORNIA COAST PLUMBERS,INC.",,4075 LA AVE E,ANAHEIM,CA,92807,Orange,1,7389727705,first,7389727705,2020-05-01,192886.00,14,925852.80,,,,,,first_draw 7389727705: verified_standard_2.5x,CSLB License Master,736992,CALIFORNIA COAST PLUMBERS INC,1997-06-10,"Original CSLB license issue date (IssueDate); a license date, not an SOS charter or business start date",29.3,N,2026-10-06,high,"Name: exact match, on CSLB BusinessName ""CALIFORNIA COAST PLUMBERS INC"". Address: same house number and street name (SBA loan: 4075 LA AVE E, ANAHEIM 92807; CSLB mailing: 4075 EAST LA PALMA #H, ANAHEIM CA 92807). CSLB IssueDate 1997-06-10. CSLB master: Updated as of 10/4/2026 (latest LastUpdate in the file; the portal date was not provided).",CLEAR,C36,https://www2.cslb.ca.gov/OnlineServices/CheckLicenseII/CheckLicense.aspx,unknown_no_filing_found,,,,,,,,,,,,"No retirement-plan filing found with name and address (or EIN) agreement in the 2025, 2024 or 2023 files. Unknown, not a negative.",,,DOL-5500 / DOL-5500SF,,https://data.sba.gov/dataset/ppp-foia,closed,"clear exclusion by the 30-year rule: verified CSLB license #736992 was issued 1997-06-10. The business could be older than this license (for example a successor entity), which this data cannot show.",,,ready,,,,,,,,,,,,,,,,,,,,
biz-051,"CALIFORNIA ROOTER & PLUMBING, INC.",,1905 E. Deere Ave.,Santa Ana,CA,92705-5722,Orange,1,7923427100,first,7923427100,2020-04-14,283800.00,17,1362240.00,,,,,,first_draw 7923427100: verified_standard_2.5x,CSLB License Master,703820,CALIFORNIA ROOTER & PLUMBING INC,1995-03-14,"Original CSLB license issue date (IssueDate); a license date, not an SOS charter or business start date; license was reissued 2004-02-24",31.6,Y,2026-10-06,high,"Name: exact match, on CSLB BusinessName ""CALIFORNIA ROOTER & PLUMBING INC"". Address: same street address (SBA loan: 1905 E. Deere Ave., Santa Ana 92705-5722; CSLB mailing: 1905 E DEERE AVE, SANTA ANA CA 92705). CSLB IssueDate 1995-03-14 (license reissued 2004-02-24). CSLB master: Updated as of 10/4/2026 (latest LastUpdate in the file; the portal date was not provided).",CLEAR,C36,https://www2.cslb.ca.gov/OnlineServices/CheckLicenseII/CheckLicense.aspx,unknown_no_filing_found,,,,,,,,,,,,"No retirement-plan filing found with name and address (or EIN) agreement in the 2025, 2024 or 2023 files. Unknown, not a negative.",,,DOL-5500 / DOL-5500SF,,https://data.sba.gov/dataset/ppp-foia,ready,verified CSLB license #703820 issued 1995-03-14 (31.6 years before 2026-10-06),,,ready,,,,,,,,,,,,,,,,,,,,
biz-052,"COAST PLUMBING, HEATING & AIR, INC.",COAST HYDROJET & ROOTER (CSLB #771970),17390 MOUNT CLIFFWOOD CIR,FOUNTAIN VALLEY,CA,92708-4101,Orange,1,3882987109,first,3882987109,2020-04-12,267100.00,18,1282080.00,,,,,,first_draw 3882987109: verified_standard_2.5x,CSLB License Master,771970,COAST HYDROJET & ROOTER,1999-11-30,"Original CSLB license issue date (IssueDate); a license date, not an SOS charter or business start date",,unknown,2026-10-06,medium,"Name: exact match, on CSLB BUS-NAME-2 ""COAST PLUMBING HEATING & AIR INC"". Address: same ZIP only (SBA loan: 17390 MOUNT CLIFFWOOD CIR, FOUNTAIN VALLEY 92708-4101; CSLB mailing: 17390 MT CLIFFWOOD CIRCLE, FOUNTAIN VALLEY CA 92708). CSLB lists two names: ""COAST HYDROJET & ROOTER"" and ""COAST PLUMBING HEATING & AIR INC"". CSLB IssueDate 1999-11-30. CSLB master: Updated as of 10/4/2026 (latest LastUpdate in the file; the portal date was not provided).",CLEAR,C20 C36,https://www2.cslb.ca.gov/OnlineServices/CheckLicenseII/CheckLicense.aspx,unknown_no_filing_found,,,,,,,,,,,,"No retirement-plan filing found with name and address (or EIN) agreement in the 2025, 2024 or 2023 files. Unknown, not a negative.",,,DOL-5500 / DOL-5500SF,,https://data.sba.gov/dataset/ppp-foia,review,probable CSLB license match is not corroborated enough to verify,,,ready,,,,,,,,,,,,,,,,,,,,
biz-053,COMPETITIVE PIPELINE INC,COMPETITIVE PLUMBING (CSLB #784505),11 HAWTHORNE LANE,COTO DE CAZA,CA,92679,Orange,1,4536317708,first,4536317708,2020-05-01,153781.00,13,738148.80,,,,,,first_draw 4536317708: verified_standard_2.5x,CSLB License Master,784505,COMPETITIVE PLUMBING,2000-09-15,"Original CSLB license issue date (IssueDate); a license date, not an SOS charter or business start date",26.1,N,2026-10-06,high,"Name: exact match, on CSLB BUS-NAME-2 ""COMPETITIVE PIPELINE INC"". Address: same street address (SBA loan: 11 HAWTHORNE LANE, COTO DE CAZA 92679; CSLB mailing: 11 HAWTHORNE LANE, COTO DE CAZA CA 92679). CSLB lists two names: ""COMPETITIVE PLUMBING"" and ""COMPETITIVE PIPELINE INC"". CSLB IssueDate 2000-09-15. CSLB master: Updated as of 10/4/2026 (latest LastUpdate in the file; the portal date was not provided).",CLEAR,C34 C36,https://www2.cslb.ca.gov/OnlineServices/CheckLicenseII/CheckLicense.aspx,plan_found,5500-SF,330904472-003,"COMPETITIVE PIPELINE, INC. PROFIT SHARING PLAN",2025-01-01,2025-12-31,2026-09-16,14,2A2E3D,330904472,20260916074815NAL0007799698001,high,"Sponsor ""COMPETITIVE PIPELINE, INC."" (11 HAWTHORNE LANE, COTO DE CAZA CA 92679); name E, address street. Active participants are the plan-year-end count on this filing, not company headcount.",3,330904472-001 2025-01-01..2025-12-31 active 15 (ack 20260527114157NAL0007747587001) | 330904472-002 2024-01-01..2024-12-31 active 8 (ack 20251007174838NAL0004913473001),DOL-5500SF-2025,https://www.askebsa.dol.gov/FOIA%20Files/2025/Latest/F_5500_SF_2025_Latest.zip,https://data.sba.gov/dataset/ppp-foia,closed,"clear exclusion by the 30-year rule: verified CSLB license #784505 was issued 2000-09-15. The business could be older than this license (for example a successor entity), which this data cannot show.",,,ready,,,,,,,,,,,,,,,,,,,,
biz-054,COMPLETE THERMAL SERVICES,,11570 Seaboard Cir,Stanton,CA,90680-3407,Orange,1,5151058506,first,5151058506,2021-02-27,150000.00,12,720000.00,,,,,,first_draw 5151058506: verified_standard_2.5x,CSLB License Master,,,,unknown: no verified registration or license date,,unknown,2026-10-06,none,,,,,unknown_no_filing_found,,,,,,,,,,,,"No retirement-plan filing found with name and address (or EIN) agreement in the 2025, 2024 or 2023 files. Unknown, not a negative.",,,DOL-5500 / DOL-5500SF,,https://data.sba.gov/dataset/ppp-foia,review,no CSLB license found with name and address agreement,,,ready,,,,,,,,,,,,,,,,,,,,
biz-055,"CONTEMPORARY HEATING &AMP; AIR CONDITIONING, INC.",,1750 E MIRALOMA AVE,PLACENTIA,CA,92870-6789,Orange,1,4992207703,first,4992207703,2020-05-01,395835.00,28,1900008.00,,,,,,first_draw 4992207703: verified_standard_2.5x,CSLB License Master,,,,unknown: no verified registration or license date,,unknown,2026-10-06,none,,,,,unknown_no_filing_found,,,,,,,,,,,,"No retirement-plan filing found with name and address (or EIN) agreement in the 2025, 2024 or 2023 files. Unknown, not a negative.",,,DOL-5500 / DOL-5500SF,,https://data.sba.gov/dataset/ppp-foia,review,no CSLB license found with name and address agreement,,,ready,,,,,,,,,,,,,,,,,,,,
biz-056,"CONTROL KOMFORT SYSTEMS, INC.",,6840 Orangethorpe Ave. Suite H,Buena Park,CA,90620,Orange,2,7022297700;5902988505,second;first,7022297700,2020-05-01,171400.00,13,822720.00,5902988505,2021-03-02,171400.00,13,822720.00,first_draw 7022297700: verified_standard_2.5x | second_draw 5902988505: verified_standard_2.5x,CSLB License Master,,,,unknown: no verified registration or license date,,unknown,2026-10-06,none,,,,,unknown_no_filing_found,,,,,,,,,,,,"No retirement-plan filing found with name and address (or EIN) agreement in the 2025, 2024 or 2023 files. Unknown, not a negative.",,,DOL-5500 / DOL-5500SF,,https://data.sba.gov/dataset/ppp-foia,review,no CSLB license found with name and address agreement,,,ready,,,,,,,,,,,,,,,,,,,,
biz-057,COUNTY HEATING & AIR CONDITIONING INC,,1948 COLLINS AVE W,ORANGE,CA,92867,Orange,1,6832057107,first,6832057107,2020-04-14,585183.00,35,2808878.40,,,,,,first_draw 6832057107: verified_standard_2.5x,CSLB License Master,396569,COUNTY HEATING AND AIR CONDITIONING INCORPORATED,1980-12-18,"Original CSLB license issue date (IssueDate); a license date, not an SOS charter or business start date",45.8,Y,2026-10-06,high,"Name: exact match, on CSLB BusinessName ""COUNTY HEATING AND AIR CONDITIONING INCORPORATED"". Address: same house number and street name (SBA loan: 1948 COLLINS AVE W, ORANGE 92867; CSLB mailing: 1948 W COLLINS AVE, ORANGE CA 92867). CSLB IssueDate 1980-12-18. CSLB master: Updated as of 10/4/2026 (latest LastUpdate in the file; the portal date was not provided).",CLEAR,C20,https://www2.cslb.ca.gov/OnlineServices/CheckLicenseII/CheckLicense.aspx,plan_found,5500-SF,953513835-001,COUNTY HEATING AND AIR CONDITIONING 401(K) PLAN,2025-05-01,2026-04-30,2026-09-04,42,2F2G2J2T3D,953513835,20260904115721NAL0011896081001,high,"Sponsor ""COUNTY HEATING AND AIR CONDITIONING, INC"" (1948 W. COLLINS, ORANGE CA 92867); name E, address street_loose. Active participants are the plan-year-end count on this filing, not company headcount.",1,,DOL-5500SF-2025,https://www.askebsa.dol.gov/FOIA%20Files/2025/Latest/F_5500_SF_2025_Latest.zip,https://data.sba.gov/dataset/ppp-foia,ready,verified CSLB license #396569 issued 1980-12-18 (45.8 years before 2026-10-06),,,ready,,,,,,,,,,,,,,,,,,,,
biz-058,CRANDALL'S PLUMBING INC.,,18291 GOTHARD ST,HUNTINGTON BEACH,CA,92648-1202,Orange,2,9951847202;3158058303,second;first,9951847202,2020-04-28,385100.00,27,1848480.00,3158058303,2021-01-21,400000.00,30,1920000.00,first_draw 9951847202: verified_standard_2.5x | second_draw 3158058303: verified_standard_2.5x,CSLB License Master,927449,CRANDALL'S PLUMBING INC,2009-01-14,"Original CSLB license issue date (IssueDate); a license date, not an SOS charter or business start date; license was reissued 2014-07-01",17.7,N,2026-10-06,high,"Name: exact match, on CSLB BusinessName ""CRANDALL'S PLUMBING INC"". Address: same street address (SBA loan: 18291 GOTHARD ST, HUNTINGTON BEACH 92648-1202; CSLB mailing: 18291 GOTHARD STREET SUITE 102, HUNTINGTON BEACH CA 92648). CSLB IssueDate 2009-01-14 (license reissued 2014-07-01). CSLB master: Updated as of 10/4/2026 (latest LastUpdate in the file; the portal date was not provided).",CLEAR,C36,https://www2.cslb.ca.gov/OnlineServices/CheckLicenseII/CheckLicense.aspx,plan_found,5500-SF,454991554-001,CRANDALLS PLUMBING INC 401(K) PROFIT SHARING PLAN & TRUST,2025-01-01,2025-12-31,2026-05-05,24,2A2E2F2G2J2T3D,454991554,20260505140522NAL0001144337001,high,"Sponsor ""CRANDALLS PLUMBING INC"" (18291 GOTHARD ST STE 102, HUNTINGTON BEACH CA 926481202); name E, address street. Active participants are the plan-year-end count on this filing, not company headcount.",1,,DOL-5500SF-2025,https://www.askebsa.dol.gov/FOIA%20Files/2025/Latest/F_5500_SF_2025_Latest.zip,https://data.sba.gov/dataset/ppp-foia,closed,"clear exclusion by the 30-year rule: verified CSLB license #927449 was issued 2009-01-14. The business could be older than this license (for example a successor entity), which this data cannot show.",,,ready,,,,,,,,,,,,,,,,,,,,
biz-059,"CREATIVE DESIGN PLUMBING, INC.",,17271 ARGO CIR,HUNTINGTON BEACH,CA,92647,Orange,1,9417347107,first,9417347107,2020-04-15,330000.00,26,1584000.00,,,,,,first_draw 9417347107: verified_standard_2.5x,CSLB License Master,688233,CREATIVE DESIGN PLUMBING INC,1994-04-30,"Original CSLB license issue date (IssueDate); a license date, not an SOS charter or business start date; license was reissued 2004-01-12",32.4,Y,2026-10-06,high,"Name: exact match, on CSLB BusinessName ""CREATIVE DESIGN PLUMBING INC"". Address: same street address (SBA loan: 17271 ARGO CIR, HUNTINGTON BEACH 92647; CSLB mailing: 17271 ARGO CIRCLE, HUNTINGTON BEACH CA 92647). CSLB IssueDate 1994-04-30 (license reissued 2004-01-12). CSLB master: Updated as of 10/4/2026 (latest LastUpdate in the file; the portal date was not provided).",CLEAR,C36,https://www2.cslb.ca.gov/OnlineServices/CheckLicenseII/CheckLicense.aspx,unknown_no_filing_found,,,,,,,,,,,,"No retirement-plan filing found with name and address (or EIN) agreement in the 2025, 2024 or 2023 files. Unknown, not a negative.",,,DOL-5500 / DOL-5500SF,,https://data.sba.gov/dataset/ppp-foia,ready,verified CSLB license #688233 issued 1994-04-30 (32.4 years before 2026-10-06),,,ready,,,,,,,,,,,,,,,,,,,,
biz-060,"CRITCHFIELD MECHANICAL, INC. OF SOUTHERN CALIFORNIA",,15391 Springdale Street,HUNTINGTON BEACH,CA,92649,Orange,2,8506167109;3513958406,second;first,8506167109,2020-04-15,1604700.00,112,7702560.00,3513958406,2021-02-05,2000000.00,86,unknown,first_draw 8506167109: verified_standard_2.5x | second_draw 3513958406: unknown: at_program_loan_cap,CSLB License Master,842973,CRITCHFIELD MECHANICAL INC OF SOUTHERN CALIFORNIA,2004-07-19,"Original CSLB license issue date (IssueDate); a license date, not an SOS charter or business start date",22.2,N,2026-10-06,high,"Name: exact match, on CSLB BusinessName ""CRITCHFIELD MECHANICAL INC OF SOUTHERN CALIFORNIA"". Address: same street address (SBA loan: 15391 Springdale Street, HUNTINGTON BEACH 92649; CSLB mailing: 15391 SPRINGDALE ST, HUNTINGTON BEACH CA 92649). CSLB IssueDate 2004-07-19. CSLB master: Updated as of 10/4/2026 (latest LastUpdate in the file; the portal date was not provided).",CLEAR,C20,https://www2.cslb.ca.gov/OnlineServices/CheckLicenseII/CheckLicense.aspx,unknown_no_filing_found,,,,,,,,,,,,"No retirement-plan filing found with name and address (or EIN) agreement in the 2025, 2024 or 2023 files. Unknown, not a negative. 2 same-name filing(s) with no address agreement were not counted (0 out of state); see scout/state/dol-name-only-hits.csv.",,,DOL-5500 / DOL-5500SF,,https://data.sba.gov/dataset/ppp-foia,closed,"clear exclusion by the 30-year rule: verified CSLB license #842973 was issued 2004-07-19. The business could be older than this license (for example a successor entity), which this data cannot show.",,,ready,,,,,,,,,,,,,,,,,,,,
biz-061,DEPENDABLE GRAHAM AIR CONDITIONING INC,,2952 Century Pl,Costa Mesa,CA,92626-4324,Orange,1,4307998400,second,,,,,,4307998400,2021-02-06,368895.00,20,1770696.00,second_draw 4307998400: verified_standard_2.5x,CSLB License Master,,,,unknown: no verified registration or license date,,unknown,2026-10-06,none,,,,,unknown_no_filing_found,,,,,,,,,,,,"No retirement-plan filing found with name and address (or EIN) agreement in the 2025, 2024 or 2023 files. Unknown, not a negative.",,,DOL-5500 / DOL-5500SF,,https://data.sba.gov/dataset/ppp-foia,review,no CSLB license found with name and address agreement,,,ready,,,,,,,,,,,,,,,,,,,,
biz-062,DIMAR ENTERPRISES INC,,26021 Pala Ste 150,San Juan Capistrano,CA,92691-2718,Orange,1,9376128306,second,,,,,,9376128306,2021-01-30,696780.00,45,3344544.00,second_draw 9376128306: verified_standard_2.5x,CSLB License Master,,,,unknown: no verified registration or license date,,unknown,2026-10-06,none,,,,,unknown_no_filing_found,,,,,,,,,,,,"No retirement-plan filing found with name and address (or EIN) agreement in the 2025, 2024 or 2023 files. Unknown, not a negative.",,,DOL-5500 / DOL-5500SF,,https://data.sba.gov/dataset/ppp-foia,review,no CSLB license found with name and address agreement,,,ready,,,,,,,,,,,,,,,,,,,,
biz-063,"DOHENY PLUMBING, INC",,1210 Puerta Del Sol,San Clemente,CA,92673,Orange,2,6385727300;2451048501,second;first,6385727300,2020-04-30,251583.00,14,1207598.40,2451048501,2021-02-20,243875.00,14,1170600.00,first_draw 6385727300: verified_standard_2.5x | second_draw 2451048501: verified_standard_2.5x,CSLB License Master,736531,DOHENY PLUMBING INC,1997-05-29,"Original CSLB license issue date (IssueDate); a license date, not an SOS charter or business start date; license was reissued 2003-06-30",29.4,N,2026-10-06,high,"Name: exact match, on CSLB BusinessName ""DOHENY PLUMBING INC"". Address: same street address (SBA loan: 1210 Puerta Del Sol, San Clemente 92673; CSLB mailing: 1210 PUERTA DEL SOL, SAN CLEMENTE CA 92673). CSLB IssueDate 1997-05-29 (license reissued 2003-06-30). CSLB master: Updated as of 10/4/2026 (latest LastUpdate in the file; the portal date was not provided).",CLEAR,C34 C36,https://www2.cslb.ca.gov/OnlineServices/CheckLicenseII/CheckLicense.aspx,plan_found,5500-SF,753015780-001,"DOHENY PLUMBING, INC. 401(K) PLAN",2025-01-01,2025-12-31,2026-02-19,13,2E2F2G2J2T3D,753015780,20260219150336NAL0008312193001,high,"Sponsor ""DOHENY PLUMBING, INC."" (1210 PUERTA DEL SOL, SAN CLEMENTE CA 92673); name E, address street. Active participants are the plan-year-end count on this filing, not company headcount.",1,,DOL-5500SF-2025,https://www.askebsa.dol.gov/FOIA%20Files/2025/Latest/F_5500_SF_2025_Latest.zip,https://data.sba.gov/dataset/ppp-foia,closed,"clear exclusion by the 30-year rule: verified CSLB license #736531 was issued 1997-05-29. The business could be older than this license (for example a successor entity), which this data cannot show.",,,ready,,,,,,,,,,,,,,,,,,,,
biz-064,DONE-RITE PLUMBING AND ROOTER,,1140 N Kraemer Blvd Unit D,SANTA ANA,CA,92706-1919,Orange,1,3694757102,first,3694757102,2020-04-12,242410.00,8,1163568.00,,,,,,first_draw 3694757102: verified_standard_2.5x,CSLB License Master,,,,unknown: no verified registration or license date,,unknown,2026-10-06,none,,,,,unknown_no_filing_found,,,,,,,,,,,,"No retirement-plan filing found with name and address (or EIN) agreement in the 2025, 2024 or 2023 files. Unknown, not a negative. 3 same-name filing(s) with no address agreement were not counted (1 out of state); see scout/state/dol-name-only-hits.csv.",,,DOL-5500 / DOL-5500SF,,https://data.sba.gov/dataset/ppp-foia,review,no CSLB license found with name and address agreement,,,ready,,,,,,,,,,,,,,,,,,,,
biz-065,DYMEK'S FREEDOM PLUMBING INC.,,2921 E MIRALOMA AVE #17,ANAHEIM,CA,92806-1839,Orange,1,6774917204,first,6774917204,2020-04-28,216700.00,19,1040160.00,,,,,,first_draw 6774917204: verified_standard_2.5x,CSLB License Master,,,,unknown: no verified registration or license date,,unknown,2026-10-06,none,,,,,plan_found,5500-SF,330923127-001,"DYMEK'S FREEDOM PLUMBING, INC 401(K) PLAN",2025-01-01,2025-12-31,2026-07-01,19,2E2F2G2J2K2T3D,330923127,20260701131233NAL0017515312001,high,"Sponsor ""DYMEKS FREEDOM PLUMBING INC"" (2921 E MIRALOMA AVENUE, ANAHEIM CA 92806); name E, address street. Active participants are the plan-year-end count on this filing, not company headcount.",1,,DOL-5500SF-2025,https://www.askebsa.dol.gov/FOIA%20Files/2025/Latest/F_5500_SF_2025_Latest.zip,https://data.sba.gov/dataset/ppp-foia,review,no CSLB license found with name and address agreement,,,ready,,,,,,,,,,,,,,,,,,,,
biz-066,"DYNAMIC AIR SERVICES, INC.",,25652 Commercentre Dr,Lake Forest,CA,92630,Orange,1,7722347104,first,7722347104,2020-04-14,251300.00,20,1206240.00,,,,,,first_draw 7722347104: verified_standard_2.5x,CSLB License Master,,,,unknown: no verified registration or license date,,unknown,2026-10-06,none,,,,,unknown_no_filing_found,,,,,,,,,,,,"No retirement-plan filing found with name and address (or EIN) agreement in the 2025, 2024 or 2023 files. Unknown, not a negative.",,,DOL-5500 / DOL-5500SF,,https://data.sba.gov/dataset/ppp-foia,review,no CSLB license found with name and address agreement,,,ready,,,,,,,,,,,,,,,,,,,,
biz-067,E &AMP; M MECHANICAL INC,,"12 Hammond Ave., #200",Irvine,CA,92618,Orange,1,7923657709,first,7923657709,2020-05-01,192800.00,17,925440.00,,,,,,first_draw 7923657709: verified_standard_2.5x,CSLB License Master,,,,unknown: no verified registration or license date,,unknown,2026-10-06,none,,,,,unknown_no_filing_found,,,,,,,,,,,,"No retirement-plan filing found with name and address (or EIN) agreement in the 2025, 2024 or 2023 files. Unknown, not a negative.",,,DOL-5500 / DOL-5500SF,,https://data.sba.gov/dataset/ppp-foia,review,no CSLB license found with name and address agreement,,,ready,,,,,,,,,,,,,,,,,,,,
biz-068,E & M MECHANICAL INC,,12 Hammond Ste 200,Irvine,CA,92618-1641,Orange,1,5921688406,second,,,,,,5921688406,2021-02-09,193032.00,11,926553.60,second_draw 5921688406: verified_standard_2.5x,CSLB License Master,,,,unknown: no verified registration or license date,,unknown,2026-10-06,none,,,,,unknown_no_filing_found,,,,,,,,,,,,"No retirement-plan filing found with name and address (or EIN) agreement in the 2025, 2024 or 2023 files. Unknown, not a negative.",,,DOL-5500 / DOL-5500SF,,https://data.sba.gov/dataset/ppp-foia,review,no CSLB license found with name and address agreement,,,ready,,,,,,,,,,,,,,,,,,,,
biz-069,ELITE PLUMBING INC,,1329 EAST SAINT GERTRUDE PL,SANTA ANA,CA,92705,Orange,1,4774727708,first,4774727708,2020-05-01,174647.00,16,838305.60,,,,,,first_draw 4774727708: verified_standard_2.5x,CSLB License Master,702185,ELITE PLUMBING INC,1995-02-01,"Original CSLB license issue date (IssueDate); a license date, not an SOS charter or business start date",31.7,Y,2026-10-06,high,"Name: exact match, on CSLB BusinessName ""ELITE PLUMBING INC"". Address: same street address (SBA loan: 1329 EAST SAINT GERTRUDE PL, SANTA ANA 92705; CSLB mailing: 1329 EAST SAINT GERTRUDE PLACE, SANTA ANA CA 92705). CSLB IssueDate 1995-02-01. CSLB master: Updated as of 10/4/2026 (latest LastUpdate in the file; the portal date was not provided).",CLEAR,C36,https://www2.cslb.ca.gov/OnlineServices/CheckLicenseII/CheckLicense.aspx,candidate_needs_review,,,,,,,,,,,medium,"3 unverified DOL candidate(s); best: sponsor ""ELITE PLUMBING, INC"", EIN 330595835, name E, address zip. Not counted as a match.",,,DOL-5500 / DOL-5500SF,,https://data.sba.gov/dataset/ppp-foia,ready,verified CSLB license #702185 issued 1995-02-01 (31.7 years before 2026-10-06),,,ready,,,,,,,,,,,,,,,,,,,,
biz-070,ENVIRONMENT CONTROL PUENTE HILLS INC,,570 W LAMBERT RD STE A,BREA,CA,92821-3912,Orange,1,5495187703,first,5495187703,2020-05-01,695790.00,165,3339792.00,,,,,,first_draw 5495187703: verified_standard_2.5x,CSLB License Master,,,,unknown: no verified registration or license date,,unknown,2026-10-06,none,,,,,unknown_no_filing_found,,,,,,,,,,,,"No retirement-plan filing found with name and address (or EIN) agreement in the 2025, 2024 or 2023 files. Unknown, not a negative.",,,DOL-5500 / DOL-5500SF,,https://data.sba.gov/dataset/ppp-foia,review,no CSLB license found with name and address agreement,,,ready,,,,,,,,,,,,,,,,,,,,
biz-071,"FAMILY PLUMBER, INC., THE",,3613 BRIGGEMAN DR,LOS ALAMITOS,CA,90720-2475,Orange,1,5926067705,first,5926067705,2020-05-01,223981.00,13,1075108.80,,,,,,first_draw 5926067705: verified_standard_2.5x,CSLB License Master,,,,unknown: no verified registration or license date,,unknown,2026-10-06,none,,,,,candidate_needs_review,,,,,,,,,,,medium,"2 unverified DOL candidate(s); best: sponsor ""THE FAMILY PLUMBER"", EIN 330848428, name T, address street. Not counted as a match.",,,DOL-5500 / DOL-5500SF,,https://data.sba.gov/dataset/ppp-foia,review,no CSLB license found with name and address agreement,,,ready,,,,,,,,,,,,,,,,,,,,
biz-072,FIRE SERVICE CORP,,25132 Tasman Rd,LAGUNA HILLS,CA,92653-5035,Orange,2,2883177110;7247118504,second;first,2883177110,2020-04-11,621737.00,82,unknown,7247118504,2021-03-05,208891.00,32,1002676.80,first_draw 2883177110: unknown: amount_changed_after_approval | second_draw 7247118504: verified_standard_2.5x,CSLB License Master,,,,unknown: no verified registration or license date,,unknown,2026-10-06,none,,,,,unknown_no_filing_found,,,,,,,,,,,,"No retirement-plan filing found with name and address (or EIN) agreement in the 2025, 2024 or 2023 files. Unknown, not a negative.",,,DOL-5500 / DOL-5500SF,,https://data.sba.gov/dataset/ppp-foia,review,no CSLB license found with name and address agreement,,,ready,,,,,,,,,,,,,,,,,,,,
biz-073,FM THOMAS AIR CONDITIONING INC,,231 GEMINI AVE,BREA,CA,92821-3704,Orange,2,4007647108;2532038402,second;first,4007647108,2020-04-12,619037.00,26,2971377.60,2532038402,2021-02-03,541665.00,26,2599992.00,first_draw 4007647108: verified_standard_2.5x | second_draw 2532038402: verified_standard_2.5x,CSLB License Master,,,,unknown: no verified registration or license date,,unknown,2026-10-06,none,,,,,plan_found,5500-SF,952972859-002,FM THOMAS 401K PROFIT SHARING PLAN,2023-01-01,2023-12-31,2025-10-17,0,2E2F2G2J2K3B3D,952972859,20251017115247NAL0015265906001,high,"Sponsor ""FM THOMAS AIR CONDITIONING, INC."" (231 GEMINI AVE, BREA CA 928213704); name E, address street. Active participants are the plan-year-end count on this filing, not company headcount.",1,,DOL-5500SF-2023,https://www.askebsa.dol.gov/FOIA%20Files/2023/Latest/F_5500_SF_2023_Latest.zip,https://data.sba.gov/dataset/ppp-foia,review,no CSLB license found with name and address agreement,,,ready,,,,,,,,,,,,,,,,,,,,
biz-074,"FOUR SEASONS AIR, INC.",,8585 KATELLA AVE,STANTON,CA,90680-2725,Orange,1,6032017707,first,6032017707,2020-05-01,169830.00,29,815184.00,,,,,,first_draw 6032017707: verified_standard_2.5x,CSLB License Master,777059,FOUR SEASONS AIR INC,2000-04-05,"Original CSLB license issue date (IssueDate); a license date, not an SOS charter or business start date",26.5,N,2026-10-06,high,"Name: exact match, on CSLB BusinessName ""FOUR SEASONS AIR INC"". Address: same street address (SBA loan: 8585 KATELLA AVE, STANTON 90680-2725; CSLB mailing: 8585 KATELLA AVE, STANTON CA 90680). CSLB IssueDate 2000-04-05. CSLB master: Updated as of 10/4/2026 (latest LastUpdate in the file; the portal date was not provided).",CLEAR,C20 C38,https://www2.cslb.ca.gov/OnlineServices/CheckLicenseII/CheckLicense.aspx,plan_found,5500-SF,330857060-001,FOUR SEASONS AIR 401(K) PLAN,2025-01-01,2025-12-31,2026-05-01,15,2A2E2F2G2J2K2T3D,330857060,20260501103540NAL0001331216001,high,"Sponsor ""FOUR SEASONS AIR, INC."" (8585 KATELLA AVE, STANTON CA 90680); name E, address street. Active participants are the plan-year-end count on this filing, not company headcount.",1,,DOL-5500SF-2025,https://www.askebsa.dol.gov/FOIA%20Files/2025/Latest/F_5500_SF_2025_Latest.zip,https://data.sba.gov/dataset/ppp-foia,closed,"clear exclusion by the 30-year rule: verified CSLB license #777059 was issued 2000-04-05. The business could be older than this license (for example a successor entity), which this data cannot show.",,,ready,,,,,,,,,,,,,,,,,,,,
biz-075,GENERAL UNDERGROUND FIRE PROTE,,701 W. GROVE AVE,ORANGE,CA,92865-3213,Orange,1,4426107006,first,4426107006,2020-04-03,2425400.00,189,11641920.00,,,,,,first_draw 4426107006: verified_standard_2.5x,CSLB License Master,,,,unknown: no verified registration or license date,,unknown,2026-10-06,none,,,,,unknown_no_filing_found,,,,,,,,,,,,"No retirement-plan filing found with name and address (or EIN) agreement in the 2025, 2024 or 2023 files. Unknown, not a negative.",,,DOL-5500 / DOL-5500SF,,https://data.sba.gov/dataset/ppp-foia,review,no CSLB license found with name and address agreement,,,ready,,,,,,,,,,,,,,,,,,,,
biz-076,"GIGAWATT, INC.",,1630 S SUNKIST ST STE E,ANAHEIM,CA,92806,Orange,1,1872567708,first,1872567708,2020-05-01,224697.00,15,1078545.60,,,,,,first_draw 1872567708: verified_standard_2.5x,CSLB License Master,,,,unknown: no verified registration or license date,,unknown,2026-10-06,none,,,,,unknown_no_filing_found,,,,,,,,,,,,"No retirement-plan filing found with name and address (or EIN) agreement in the 2025, 2024 or 2023 files. Unknown, not a negative. 2 same-name filing(s) with no address agreement were not counted (0 out of state); see scout/state/dol-name-only-hits.csv.",,,DOL-5500 / DOL-5500SF,,https://data.sba.gov/dataset/ppp-foia,review,no CSLB license found with name and address agreement,,,ready,,,,,,,,,,,,,,,,,,,,
biz-077,GUARANTEED QUALITY RESTORATION INC,,15560 ROCKFIELD BLVD STE B100,IRVINE,CA,92618,Orange,1,7144657307,first,7144657307,2020-04-30,150980.00,4,unknown,,,,,,first_draw 7144657307: unknown: amount_changed_after_approval,CSLB License Master,,,,unknown: no verified registration or license date,,unknown,2026-10-06,none,,,,,unknown_no_filing_found,,,,,,,,,,,,"No retirement-plan filing found with name and address (or EIN) agreement in the 2025, 2024 or 2023 files. Unknown, not a negative.",,,DOL-5500 / DOL-5500SF,,https://data.sba.gov/dataset/ppp-foia,review,no CSLB license found with name and address agreement,,,ready,,,,,,,,,,,,,,,,,,,,
biz-078,"HARBOR POINTE AIR CONDITIONING & CONTROL SYSTEMS, INC.",,720 S. RICHFIELD RD.,PLACENTIA,CA,92870-6760,Orange,1,4984847402,first,4984847402,2020-05-11,208782.00,14,unknown,,,,,,first_draw 4984847402: unknown: amount_changed_after_approval,CSLB License Master,683516,HARBOR POINTE AIR CONDITIONING & CONTROL SYSTEMS INC,1993-12-31,"Original CSLB license issue date (IssueDate); a license date, not an SOS charter or business start date",32.8,Y,2026-10-06,high,"Name: exact match, on CSLB BusinessName ""HARBOR POINTE AIR CONDITIONING & CONTROL SYSTEMS INC"". Address: same street address (SBA loan: 720 S. RICHFIELD RD., PLACENTIA 92870-6760; CSLB mailing: 720 SOUTH RICHFIELD RD, PLACENTIA CA 92870). CSLB IssueDate 1993-12-31. CSLB master: Updated as of 10/4/2026 (latest LastUpdate in the file; the portal date was not provided).",CLEAR,C-4 C20 C38,https://www2.cslb.ca.gov/OnlineServices/CheckLicenseII/CheckLicense.aspx,candidate_needs_review,,,,,,,,,,,medium,"3 unverified DOL candidate(s); best: sponsor ""HARBOR POINTE A/C & CONTROL SYSTEMS, INC."", EIN 330580849, name T, address street_loose. Not counted as a match.",,,DOL-5500 / DOL-5500SF,,https://data.sba.gov/dataset/ppp-foia,ready,verified CSLB license #683516 issued 1993-12-31 (32.8 years before 2026-10-06),,,ready,,,,,,,,,,,,,,,,,,,,
biz-079,"HOOD PACIFIC CONTRACTORS, INC. DBA PLUMBING MECHANICAL CONTR",HOOD PACIFIC CONTRACTORS INC. | HOOD PACIFIC CONTRACTORS INC (CSLB #939862),3002 DOW AVE STE 304,TUSTIN,CA,92780,Orange,2,2601737202;7885868402,second;first,2601737202,2020-04-16,249992.00,34,1199961.60,7885868402,2021-02-12,354670.00,37,1702416.00,first_draw 2601737202: verified_standard_2.5x | second_draw 7885868402: verified_standard_2.5x,CSLB License Master,939862,HOOD PACIFIC CONTRACTORS INC,2009-11-04,"Original CSLB license issue date (IssueDate); a license date, not an SOS charter or business start date",16.9,N,2026-10-06,high,"Name: exact match, on CSLB BusinessName ""HOOD PACIFIC CONTRACTORS INC"". Address: same street address (SBA loan: 3002 DOW AVE STE 304, TUSTIN 92780; CSLB mailing: 3002 DOW AVE STE 304, TUSTIN CA 92780). CSLB IssueDate 2009-11-04. CSLB master: Updated as of 10/4/2026 (latest LastUpdate in the file; the portal date was not provided).",CLEAR,B C12 C16 C20 C34 C36 C42 C43,https://www2.cslb.ca.gov/OnlineServices/CheckLicenseII/CheckLicense.aspx,plan_found,5500-SF,271130494-001,"HOOD PACIFIC CONTRACTORS, INC. RETIREMENT SAVINGS PLAN",2025-01-01,2025-12-31,2026-06-10,39,2E2J2K3D2G2T,271130494,20260610114348NAL0013390914001,high,"Sponsor ""HOOD PACIFIC CONTRACTORS, INC."" (3002 DOW AVE. STE. 304, TUSTIN CA 92780); name E, address street. Active participants are the plan-year-end count on this filing, not company headcount.",1,,DOL-5500SF-2025,https://www.askebsa.dol.gov/FOIA%20Files/2025/Latest/F_5500_SF_2025_Latest.zip,https://data.sba.gov/dataset/ppp-foia,closed,"clear exclusion by the 30-year rule: verified CSLB license #939862 was issued 2009-11-04. The business could be older than this license (for example a successor entity), which this data cannot show.",,,ready,,,,,,,,,,,,,,,,,,,,
biz-080,"IRVINE VALLEY AIR CONDITIONING, INC.",,2961 E. CORONADO ST,ANAHEIM,CA,92806-2502,Orange,1,4761898100,first,4761898100,2020-07-17,399000.00,30,1915200.00,,,,,,first_draw 4761898100: verified_standard_2.5x,CSLB License Master,641001,IRVINE VALLEY AIR CONDITIONING INC,1992-03-27,"Original CSLB license issue date (IssueDate); a license date, not an SOS charter or business start date",34.5,Y,2026-10-06,high,"Name: exact match, on CSLB BusinessName ""IRVINE VALLEY AIR CONDITIONING INC"". Address: same street address (SBA loan: 2961 E. CORONADO ST, ANAHEIM 92806-2502; CSLB mailing: 2961 E CORONADO STREET, ANAHEIM CA 92806). CSLB IssueDate 1992-03-27. CSLB master: Updated as of 10/4/2026 (latest LastUpdate in the file; the portal date was not provided).",CLEAR,A C20 C36,https://www2.cslb.ca.gov/OnlineServices/CheckLicenseII/CheckLicense.aspx,unknown_no_filing_found,,,,,,,,,,,,"No retirement-plan filing found with name and address (or EIN) agreement in the 2025, 2024 or 2023 files. Unknown, not a negative.",,,DOL-5500 / DOL-5500SF,,https://data.sba.gov/dataset/ppp-foia,ready,verified CSLB license #641001 issued 1992-03-27 (34.5 years before 2026-10-06),,,ready,,,,,,,,,,,,,,,,,,,,
biz-081,"J MARTIN INDOOR AIR QUALITY, LLC",,22343 LA PALMA AVENUE SUITE 115,YORBA LINDA,CA,92887,Orange,1,3697887210,first,3697887210,2020-04-27,164500.00,9,789600.00,,,,,,first_draw 3697887210: verified_standard_2.5x,CSLB License Master,,,,unknown: no verified registration or license date,,unknown,2026-10-06,none,,,,,unknown_no_filing_found,,,,,,,,,,,,"No retirement-plan filing found with name and address (or EIN) agreement in the 2025, 2024 or 2023 files. Unknown, not a negative.",,,DOL-5500 / DOL-5500SF,,https://data.sba.gov/dataset/ppp-foia,review,no CSLB license found with name and address agreement,,,ready,,,,,,,,,,,,,,,,,,,,
biz-082,"JACOT PLUMBING, INC.",,11661 SALINAZ AVE,GARDEN GROVE,CA,92843-3704,Orange,1,5685007108,first,5685007108,2020-04-13,171820.00,13,824736.00,,,,,,first_draw 5685007108: verified_standard_2.5x,CSLB License Master,630518,JACOT PLUMBING INC,1991-10-10,"Original CSLB license issue date (IssueDate); a license date, not an SOS charter or business start date",35.0,Y,2026-10-06,high,"Name: exact match, on CSLB BusinessName ""JACOT PLUMBING INC"". Address: same street address (SBA loan: 11661 SALINAZ AVE, GARDEN GROVE 92843-3704; CSLB mailing: 11661 SALINAZ AVENUE, GARDEN GROVE CA 92843). CSLB IssueDate 1991-10-10. CSLB master: Updated as of 10/4/2026 (latest LastUpdate in the file; the portal date was not provided).",CLEAR,C36,https://www2.cslb.ca.gov/OnlineServices/CheckLicenseII/CheckLicense.aspx,plan_found,5500-SF,330197169-001,"JACOT PLUMBING, INC. 401(K) PLAN",2025-01-01,2025-12-31,2026-05-14,15,2A2E2F2G2J2K2T3D3H,330197169,20260514153910NAL0016823010001,high,"Sponsor ""JACOT PLUMBING, INC."" (11661 SALINAZ AVENUE, GARDEN GROVE CA 92843); name E, address street. Active participants are the plan-year-end count on this filing, not company headcount.",1,,DOL-5500SF-2025,https://www.askebsa.dol.gov/FOIA%20Files/2025/Latest/F_5500_SF_2025_Latest.zip,https://data.sba.gov/dataset/ppp-foia,ready,verified CSLB license #630518 issued 1991-10-10 (35.0 years before 2026-10-06),,,ready,,,,,,,,,,,,,,,,,,,,
biz-083,"JHL ENTERPRISES, INC.",,27176 Burbank,Foothill Ranch,CA,92610-2503,Orange,1,4142557206,first,4142557206,2020-04-27,202500.00,15,972000.00,,,,,,first_draw 4142557206: verified_standard_2.5x,CSLB License Master,,,,unknown: no verified registration or license date,,unknown,2026-10-06,none,,,,,unknown_no_filing_found,,,,,,,,,,,,"No retirement-plan filing found with name and address (or EIN) agreement in the 2025, 2024 or 2023 files. Unknown, not a negative.",,,DOL-5500 / DOL-5500SF,,https://data.sba.gov/dataset/ppp-foia,review,no CSLB license found with name and address agreement,,,ready,,,,,,,,,,,,,,,,,,,,
biz-084,JIMMY ROWELL,,216 N Randolph Ave,Brea,CA,92821-5036,Orange,1,1435658001,first,1435658001,2020-06-22,225000.00,13,unknown,,,,,,first_draw 1435658001: unknown: self_employed_or_untyped_borrower,CSLB License Master,,,,unknown: no verified registration or license date,,unknown,2026-10-06,none,,,,,unknown_no_filing_found,,,,,,,,,,,,"No retirement-plan filing found with name and address (or EIN) agreement in the 2025, 2024 or 2023 files. Unknown, not a negative.",,,DOL-5500 / DOL-5500SF,,https://data.sba.gov/dataset/ppp-foia,review,no CSLB license found with name and address agreement,,,ready,,,,,,,,,,,,,,,,,,,,
biz-085,"JOHN FLYNN ORANGE COAST PLUMBING, INC.",ORANGE COAST PLUMBING (CSLB #596002),1506 North Clinton,SANTA ANA,CA,92703-1409,Orange,1,6274037400,first,6274037400,2020-05-14,475767.00,41,2283681.60,,,,,,first_draw 6274037400: verified_standard_2.5x,CSLB License Master,596002,ORANGE COAST PLUMBING,1990-06-12,"Original CSLB license issue date (IssueDate); a license date, not an SOS charter or business start date",,unknown,2026-10-06,medium,"Name: exact match, on CSLB BUS-NAME-2 ""JOHN FLYNN ORANGE COAST PLUMBING INC"". Address: same ZIP only (SBA loan: 1506 North Clinton, SANTA ANA 92703-1409; CSLB mailing: P O BOX 3249, SANTA ANA CA 92703). CSLB lists two names: ""ORANGE COAST PLUMBING"" and ""JOHN FLYNN ORANGE COAST PLUMBING INC"". CSLB IssueDate 1990-06-12. CSLB master: Updated as of 10/4/2026 (latest LastUpdate in the file; the portal date was not provided).",CLEAR,B C20 C36,https://www2.cslb.ca.gov/OnlineServices/CheckLicenseII/CheckLicense.aspx,unknown_no_filing_found,,,,,,,,,,,,"No retirement-plan filing found with name and address (or EIN) agreement in the 2025, 2024 or 2023 files. Unknown, not a negative.",,,DOL-5500 / DOL-5500SF,,https://data.sba.gov/dataset/ppp-foia,review,probable CSLB license match is not corroborated enough to verify,,,ready,,,,,,,,,,,,,,,,,,,,
biz-086,"JOHNSON DIVERSIFIED, INC.",,29802 Avenida de las Banderas,Rancho Santa Margarita,CA,92688-2648,Orange,2,2499807104;2130218307,second;first,2499807104,2020-04-10,1643600.00,147,7889280.00,2130218307,2021-01-20,1651500.00,86,7927200.00,first_draw 2499807104: verified_standard_2.5x | second_draw 2130218307: verified_standard_2.5x,CSLB License Master,,,,unknown: no verified registration or license date,,unknown,2026-10-06,none,,,,,unknown_no_filing_found,,,,,,,,,,,,"No retirement-plan filing found with name and address (or EIN) agreement in the 2025, 2024 or 2023 files. Unknown, not a negative.",,,DOL-5500 / DOL-5500SF,,https://data.sba.gov/dataset/ppp-foia,review,no CSLB license found with name and address agreement,,,ready,,,,,,,,,,,,,,,,,,,,
biz-087,JUSTINTIME PLUMBING INC,,331 West Bay St,costa mesa,CA,92627-2019,Orange,1,2520317301,first,2520317301,2020-04-29,175000.00,15,840000.00,,,,,,first_draw 2520317301: verified_standard_2.5x,CSLB License Master,,,,unknown: no verified registration or license date,,unknown,2026-10-06,none,,,,,candidate_needs_review,,,,,,,,,,,medium,"3 unverified DOL candidate(s); best: sponsor ""JUSTINTIME PLUMBING INC"", EIN 463026699, name E, address zip. Not counted as a match.",,,DOL-5500 / DOL-5500SF,,https://data.sba.gov/dataset/ppp-foia,review,no CSLB license found with name and address agreement,,,ready,,,,,,,,,,,,,,,,,,,,
biz-088,"K. KALKA HEATING, PLUMBING & AIR, INC.",KALKA PLUMBING HEATING & AIR (CSLB #677889) | KALKA K HEATING PLUMBING & AIR INC (CSLB #677889),15550 Rockfield Blvd A-100,Irvine,CA,92618,Orange,1,9148397101,first,9148397101,2020-04-15,184800.00,14,887040.00,,,,,,first_draw 9148397101: verified_standard_2.5x,CSLB License Master,677889,K KALKA HEATING PLUMBING & AIR INC DBA KALKA PLUMBING HEATING  &,1993-09-27,"Original CSLB license issue date (IssueDate); a license date, not an SOS charter or business start date; license was reissued 2006-10-06",33.0,Y,2026-10-06,high,"Name: exact match, on CSLB FullBusinessName ""K KALKA HEATING PLUMBING & AIR INC DBA KALKA PLUMBING HEATING  &"". Address: same house number and street name (SBA loan: 15550 Rockfield Blvd A-100, Irvine 92618; CSLB mailing: 15550 ROCKFIELD BLVD B-100, IRVINE CA 92618). CSLB lists DBA: ""K KALKA HEATING PLUMBING & AIR INC DBA KALKA PLUMBING HEATING  &"". CSLB IssueDate 1993-09-27 (license reissued 2006-10-06). CSLB master: Updated as of 10/4/2026 (latest LastUpdate in the file; the portal date was not provided).",CLEAR,C20 C36,https://www2.cslb.ca.gov/OnlineServices/CheckLicenseII/CheckLicense.aspx,plan_found,5500-SF,200864628-001,KKHPA PENSION PLAN,2023-01-01,2023-12-31,2024-10-17,6,2A2E3B3D,200864628,20241017011856NAL0032566081001,high,"Sponsor ""K KALKA HEATING, PLUMBING, AND AIR, INC"" (15550 ROCKFIELD BOULEVARD, IRVINE CA 92618); name E, address street_loose. Active participants are the plan-year-end count on this filing, not company headcount.",1,,DOL-5500SF-2023,https://www.askebsa.dol.gov/FOIA%20Files/2023/Latest/F_5500_SF_2023_Latest.zip,https://data.sba.gov/dataset/ppp-foia,ready,verified CSLB license #677889 issued 1993-09-27 (33.0 years before 2026-10-06),,,ready,,,,,,,,,,,,,,,,,,,,
biz-089,KEN STARR INC.,,1120 N. Tustin Avenue,Anaheim,CA,92807-1712,Orange,2,4644137100;4640488600,second;first,4644137100,2020-04-13,972700.00,77,4668960.00,4640488600,2021-03-18,1272200.00,77,6106560.00,first_draw 4644137100: verified_standard_2.5x | second_draw 4640488600: verified_standard_2.5x,CSLB License Master,,,,unknown: no verified registration or license date,,unknown,2026-10-06,none,,,,,plan_found,5500-SF,953441196-001,KEN STARR INC 401K PLAN,2025-01-01,2025-12-31,2026-08-17,5,2E2F2G2J2K2T3D,953441196,20260817163345NAL0014189825001,high,"Sponsor ""KEN STARR INC"" (1120 N TUSTIN AVE, ANAHEIM CA 92807); name E, address street. Active participants are the plan-year-end count on this filing, not company headcount.",1,,DOL-5500SF-2025,https://www.askebsa.dol.gov/FOIA%20Files/2025/Latest/F_5500_SF_2025_Latest.zip,https://data.sba.gov/dataset/ppp-foia,review,no CSLB license found with name and address agreement,,,ready,,,,,,,,,,,,,,,,,,,,
biz-090,KIRK PLUMBING INC.,,5442 Mountainview Ave,YORBA LINDA,CA,92886,Orange,2,4912897309;6675358301,second;first,4912897309,2020-04-30,158870.00,15,762576.00,6675358301,2021-01-27,171605.00,14,823704.00,first_draw 4912897309: verified_standard_2.5x | second_draw 6675358301: verified_standard_2.5x,CSLB License Master,,,,unknown: no verified registration or license date,,unknown,2026-10-06,none,,,,,unknown_no_filing_found,,,,,,,,,,,,"No retirement-plan filing found with name and address (or EIN) agreement in the 2025, 2024 or 2023 files. Unknown, not a negative. 2 same-name filing(s) with no address agreement were not counted (0 out of state); see scout/state/dol-name-only-hits.csv.",,,DOL-5500 / DOL-5500SF,,https://data.sba.gov/dataset/ppp-foia,review,no CSLB license found with name and address agreement,,,ready,,,,,,,,,,,,,,,,,,,,
biz-091,KNIGHT MECHANICAL SERVICE INC,,22967 La Cadena Dr.,Laguna Hills,CA,92653,Orange,1,7859337102,first,7859337102,2020-04-14,208063.00,10,998702.40,,,,,,first_draw 7859337102: verified_standard_2.5x,CSLB License Master,,,,unknown: no verified registration or license date,,unknown,2026-10-06,low,Several CSLB licenses fit equally well: #714423 KNIGHT MECHANICAL SERVICES INC issued 1995-10-26 (low). Needs a human to choose.,,,,plan_found,5500-SF,273103395-002,KNIGHT MECHANICAL SERVICE INC 401(K) PROFIT SHARING PLAN & TRUST,2023-01-01,2023-12-31,2024-06-13,17,2E2F2G2J2T3D,273103395,20240613141226NAL0014613043001,high,"Sponsor ""KNIGHT MECHANICAL SERVICE INC"" (22967 LA CADENA DR, LAGUNA HILLS CA 926531314); name E, address street. Active participants are the plan-year-end count on this filing, not company headcount.",1,,DOL-5500SF-2023,https://www.askebsa.dol.gov/FOIA%20Files/2023/Latest/F_5500_SF_2023_Latest.zip,https://data.sba.gov/dataset/ppp-foia,review,only weak CSLB candidates (name with city or ZIP only),,,ready,,,,,,,,,,,,,,,,,,,,
biz-092,KRAUSE A.C.T. INC.,AIR CLEANING TECHNOLOGY (CSLB #761220) | KRAUSE A C T (CSLB #761220),411 Rowland Avenue,SANTA ANA,CA,92707-3445,Orange,1,7755797204,first,7755797204,2020-04-28,639860.00,45,3071328.00,,,,,,first_draw 7755797204: verified_standard_2.5x,CSLB License Master,761220,AIR CLEANING TECHNOLOGY,1999-04-07,"Original CSLB license issue date (IssueDate); a license date, not an SOS charter or business start date",,unknown,2026-10-06,medium,"Name: same once legal suffixes (Inc, LLC) are ignored, on CSLB BUS-NAME-2 ""KRAUSE A C T"". Address: same street address (SBA loan: 411 Rowland Avenue, SANTA ANA 92707-3445; CSLB mailing: 411 ROWLAND AVE, SANTA ANA CA 92707). CSLB lists two names: ""AIR CLEANING TECHNOLOGY"" and ""KRAUSE A C T"". CSLB IssueDate 1999-04-07. CSLB master: Updated as of 10/4/2026 (latest LastUpdate in the file; the portal date was not provided).",CLEAR,C20,https://www2.cslb.ca.gov/OnlineServices/CheckLicenseII/CheckLicense.aspx,plan_found,5500-SF,330652398-001,AIR CLEANING TECHNOLOGY PROFIT SHARING PLAN,2025-01-01,2025-12-31,2026-08-05,37,2E2J2G2A2F3D,330652398,20260805182248NAL0005434482001,high,"Sponsor ""KRAUSE A.C.T., INC."" (411 ROWLAND AVENUE, SANTA ANA CA 92707); name E, address street. Active participants are the plan-year-end count on this filing, not company headcount.",1,,DOL-5500SF-2025,https://www.askebsa.dol.gov/FOIA%20Files/2025/Latest/F_5500_SF_2025_Latest.zip,https://data.sba.gov/dataset/ppp-foia,review,probable CSLB license match is not corroborated enough to verify,,,ready,,,,,,,,,,,,,,,,,,,,
biz-093,LAS COLINAS,,600 S JEFFERSON ST,PLACENTIA,CA,92870-6634,Orange,2,6921987302;6372848407,second;first,6921987302,2020-04-30,353000.00,33,unknown,6372848407,2021-02-10,298090.00,22,1430832.00,first_draw 6921987302: unknown: amount_changed_after_approval | second_draw 6372848407: verified_standard_2.5x,CSLB License Master,841904,LAS COLINAS,2004-06-30,"Original CSLB license issue date (IssueDate); a license date, not an SOS charter or business start date",22.3,N,2026-10-06,high,"Name: exact match, on CSLB BusinessName ""LAS COLINAS"". Address: same house number and street name (SBA loan: 600 S JEFFERSON ST, PLACENTIA 92870-6634; CSLB mailing: 600 S JEFFERSON #M, PLACENTIA CA 92870). CSLB IssueDate 2004-06-30. CSLB master: Updated as of 10/4/2026 (latest LastUpdate in the file; the portal date was not provided).",CLEAR,C36,https://www2.cslb.ca.gov/OnlineServices/CheckLicenseII/CheckLicense.aspx,candidate_needs_review,,,,,,,,,,,medium,"3 unverified DOL candidate(s); best: sponsor ""LAS COLINAS COMPANY"", EIN 330930902, name C, address street. Not counted as a match.",,,DOL-5500 / DOL-5500SF,,https://data.sba.gov/dataset/ppp-foia,closed,"clear exclusion by the 30-year rule: verified CSLB license #841904 was issued 2004-06-30. The business could be older than this license (for example a successor entity), which this data cannot show.",,,ready,,,,,,,,,,,,,,,,,,,,
biz-094,LEGACY PLUMBING,,216 N RANDOLPH AVE,BREA,CA,92821-5036,Orange,2,7914558109;3710628400,second;first,7914558109,2020-07-24,187500.00,9,unknown,3710628400,2021-02-05,208541.67,9,unknown,first_draw 7914558109: unknown: self_employed_or_untyped_borrower | second_draw 3710628400: unknown: self_employed_or_untyped_borrower,CSLB License Master,,,,unknown: no verified registration or license date,,unknown,2026-10-06,none,,,,,unknown_no_filing_found,,,,,,,,,,,,"No retirement-plan filing found with name and address (or EIN) agreement in the 2025, 2024 or 2023 files. Unknown, not a negative. 10 same-name filing(s) with no address agreement were not counted (10 out of state); see scout/state/dol-name-only-hits.csv.",,,DOL-5500 / DOL-5500SF,,https://data.sba.gov/dataset/ppp-foia,review,no CSLB license found with name and address agreement,,,ready,,,,,,,,,,,,,,,,,,,,
biz-095,M3 HVAC,M3 MECHANICAL (CSLB #786760) | M3 HVAC INC (CSLB #786760),1019 E LACY AVE,ANAHEIM,CA,92805-5651,Orange,1,5384037102,first,5384037102,2020-04-13,392959.00,27,unknown,,,,,,first_draw 5384037102: unknown: amount_changed_after_approval,CSLB License Master,786760,M3 MECHANICAL,2000-10-31,"Original CSLB license issue date (IssueDate); a license date, not an SOS charter or business start date",,unknown,2026-10-06,medium,"Name: same once legal suffixes (Inc, LLC) are ignored, on CSLB BUS-NAME-2 ""M3 HVAC INC"". Address: same street address (SBA loan: 1019 E LACY AVE, ANAHEIM 92805-5651; CSLB mailing: 1019 E LACY AVE, ANAHEIM CA 92805). CSLB lists two names: ""M3 MECHANICAL"" and ""M3 HVAC INC"". CSLB IssueDate 2000-10-31. CSLB master: Updated as of 10/4/2026 (latest LastUpdate in the file; the portal date was not provided).",CLEAR,C20,https://www2.cslb.ca.gov/OnlineServices/CheckLicenseII/CheckLicense.aspx,plan_found,5500-SF,330922911-001,M3 HVAC 401(K) P/S PLAN,2024-01-01,2024-12-31,2025-10-15,19,2E3D2G2J2K2F2T,330922911,20251015183719NAL0007062704001,high,"Sponsor ""M3 HVAC"" (1019 E LACY AVE, ANAHEIM CA 92805); name E, address street. Active participants are the plan-year-end count on this filing, not company headcount.",1,,DOL-5500SF-2024,https://www.askebsa.dol.gov/FOIA%20Files/2024/Latest/F_5500_SF_2024_Latest.zip,https://data.sba.gov/dataset/ppp-foia,review,probable CSLB license match is not corroborated enough to verify,,,ready,,,,,,,,,,,,,,,,,,,,
biz-096,MCCLANAHAN INC DBA HARTMANAIRE,HARTMANAIRE (CSLB #1017713) | MCCLANAHAN INC (CSLB #1017713),12 Gardenia,LAKE FOREST,CA,92630-8367,Orange,2,4595847006;3449628406,second;first,4595847006,2020-04-04,228900.00,10,1098720.00,3449628406,2021-02-05,197317.00,8,947121.60,first_draw 4595847006: verified_standard_2.5x | second_draw 3449628406: verified_standard_2.5x,CSLB License Master,1017713,HARTMANAIRE,2016-08-29,"Original CSLB license issue date (IssueDate); a license date, not an SOS charter or business start date",10.1,N,2026-10-06,high,"Name: documented DBA: both the legal name and the DBA appear on the record, on CSLB BusinessName ""HARTMANAIRE"". Address: same ZIP only (SBA loan: 12 Gardenia, LAKE FOREST 92630-8367; CSLB mailing: 26501 RANCHO PKWY S, SUITE 201, LAKE FOREST CA 92630). CSLB lists two names: ""HARTMANAIRE"" and ""MCCLANAHAN INC"". CSLB IssueDate 2016-08-29. CSLB master: Updated as of 10/4/2026 (latest LastUpdate in the file; the portal date was not provided).",CLEAR,D62,https://www2.cslb.ca.gov/OnlineServices/CheckLicenseII/CheckLicense.aspx,unknown_no_filing_found,,,,,,,,,,,,"No retirement-plan filing found with name and address (or EIN) agreement in the 2025, 2024 or 2023 files. Unknown, not a negative.",,,DOL-5500 / DOL-5500SF,,https://data.sba.gov/dataset/ppp-foia,closed,"clear exclusion by the 30-year rule: verified CSLB license #1017713 was issued 2016-08-29. The business could be older than this license (for example a successor entity), which this data cannot show.",,,ready,,,,,,,,,,,,,,,,,,,,
biz-097,"MDDR, INC.",,555 VANGUARD WAY,BREA,CA,92821-3933,Orange,1,3971167101,first,3971167101,2020-04-12,552500.00,49,2652000.00,,,,,,first_draw 3971167101: verified_standard_2.5x,CSLB License Master,,,,unknown: no verified registration or license date,,unknown,2026-10-06,none,,,,,plan_found,5500-SF,954169050-002,"MDDR, INC. 401(K) PLAN",2024-01-01,2024-12-31,2025-10-15,46,2E2F2G2J2K2S2T3D,954169050,20251015114355NAL0005971952001,high,"Sponsor ""MDDR, INC. DBA ECONO AIR"" (555 VANGUARD WAY, BREA CA 92821); name E, address street. Active participants are the plan-year-end count on this filing, not company headcount.",1,,DOL-5500SF-2024,https://www.askebsa.dol.gov/FOIA%20Files/2024/Latest/F_5500_SF_2024_Latest.zip,https://data.sba.gov/dataset/ppp-foia,review,no CSLB license found with name and address agreement,,,ready,,,,,,,,,,,,,,,,,,,,
biz-098,"MECHANIC REFRIGERATION COMPANY, INC.",,5616 Corporate Ave.,CYPRESS,CA,90630,Orange,1,9211517104,first,9211517104,2020-04-15,434300.00,25,2084640.00,,,,,,first_draw 9211517104: verified_standard_2.5x,CSLB License Master,,,,unknown: no verified registration or license date,,unknown,2026-10-06,none,,,,,unknown_no_filing_found,,,,,,,,,,,,"No retirement-plan filing found with name and address (or EIN) agreement in the 2025, 2024 or 2023 files. Unknown, not a negative.",,,DOL-5500 / DOL-5500SF,,https://data.sba.gov/dataset/ppp-foia,review,no CSLB license found with name and address agreement,,,ready,,,,,,,,,,,,,,,,,,,,
biz-099,"MECHANICAL TECHNOLOGY SYSTEMS, INC.",,1407 N. BATAVIA ST #117,ORANGE,CA,92867-3525,Orange,1,6959327407,first,6959327407,2020-05-15,420000.00,27,unknown,,,,,,first_draw 6959327407: unknown: amount_changed_after_approval,CSLB License Master,828672,MECHANICAL TECHNOLOGY SYSTEMS INC,2003-12-17,"Original CSLB license issue date (IssueDate); a license date, not an SOS charter or business start date",22.8,N,2026-10-06,high,"Name: exact match, on CSLB BusinessName ""MECHANICAL TECHNOLOGY SYSTEMS INC"". Address: same house number and street name (SBA loan: 1407 N. BATAVIA ST #117, ORANGE 92867-3525; CSLB mailing: 1407 BATAVIA STREET#117, ORANGE CA 92867). CSLB IssueDate 2003-12-17. CSLB master: Updated as of 10/4/2026 (latest LastUpdate in the file; the portal date was not provided).",CLEAR,C20,https://www2.cslb.ca.gov/OnlineServices/CheckLicenseII/CheckLicense.aspx,unknown_no_filing_found,,,,,,,,,,,,"No retirement-plan filing found with name and address (or EIN) agreement in the 2025, 2024 or 2023 files. Unknown, not a negative.",,,DOL-5500 / DOL-5500SF,,https://data.sba.gov/dataset/ppp-foia,closed,"clear exclusion by the 30-year rule: verified CSLB license #828672 was issued 2003-12-17. The business could be older than this license (for example a successor entity), which this data cannot show.",,,ready,,,,,,,,,,,,,,,,,,,,
biz-100,"MERTZ ENTERPRISES, INC.",,11582 MARKON DR,GARDEN GROVE,CA,92841-1809,Orange,2,3966737101;1119238405,second;first,3966737101,2020-04-12,375413.00,23,unknown,1119238405,2021-02-01,387115.00,24,1858152.00,first_draw 3966737101: unknown: amount_changed_after_approval | second_draw 1119238405: verified_standard_2.5x,CSLB License Master,,,,unknown: no verified registration or license date,,unknown,2026-10-06,none,,,,,unknown_no_filing_found,,,,,,,,,,,,"No retirement-plan filing found with name and address (or EIN) agreement in the 2025, 2024 or 2023 files. Unknown, not a negative. 3 same-name filing(s) with no address agreement were not counted (0 out of state); see scout/state/dol-name-only-hits.csv.",,,DOL-5500 / DOL-5500SF,,https://data.sba.gov/dataset/ppp-foia,review,no CSLB license found with name and address agreement,,,ready,,,,,,,,,,,,,,,,,,,,
biz-101,"MIKE COTTLE PLUMBING CO, INC.",COLE SERVICES PLUMBING HEATING AND AIR (CSLB #718978),10652 TRASK AVE,GARDEN GROVE,CA,92843,Orange,2,7405917704;1621668705,second;first,7405917704,2020-05-01,329295.00,31,1580616.00,1621668705,2021-03-27,307487.00,32,1475937.60,first_draw 7405917704: verified_standard_2.5x | second_draw 1621668705: verified_standard_2.5x,CSLB License Master,718978,COLE SERVICES PLUMBING HEATING AND AIR,1996-02-20,"Original CSLB license issue date (IssueDate); a license date, not an SOS charter or business start date",30.6,Y,2026-10-06,high,"Name: exact match, on CSLB BUS-NAME-2 ""MIKE COTTLE PLUMBING CO INC"". Address: same street address (SBA loan: 10652 TRASK AVE, GARDEN GROVE 92843; CSLB mailing: 10652 TRASK AVENUE, GARDEN GROVE CA 92843). CSLB lists two names: ""COLE SERVICES PLUMBING HEATING AND AIR"" and ""MIKE COTTLE PLUMBING CO INC"". CSLB IssueDate 1996-02-20. CSLB master: Updated as of 10/4/2026 (latest LastUpdate in the file; the portal date was not provided).",CLEAR,C10 C20 C36,https://www2.cslb.ca.gov/OnlineServices/CheckLicenseII/CheckLicense.aspx,plan_found,5500-SF,330691496-001,COLE SERVICES 401(K) PLAN,2024-01-01,2024-12-31,2025-10-15,19,2A2E2F2G2J2K2S2T3D,330691496,20251015134239NAL0009527202001,high,"Sponsor ""MIKE COTTLE PLUMBING CO., INC"" (10652 TRASK AVE, GARDEN GROVE CA 928432407); name E, address street. Active participants are the plan-year-end count on this filing, not company headcount.",1,,DOL-5500SF-2024,https://www.askebsa.dol.gov/FOIA%20Files/2024/Latest/F_5500_SF_2024_Latest.zip,https://data.sba.gov/dataset/ppp-foia,ready,verified CSLB license #718978 issued 1996-02-20 (30.6 years before 2026-10-06),,,ready,,,,,,,,,,,,,,,,,,,,
biz-102,NEPTUNE FIRE PROTECTION INC,,26072 MERIT CIRCLE SUITE 113,LAGUNA HILLS,CA,92653,Orange,2,4632597700;2045108609,second;first,4632597700,2020-05-01,156095.00,27,749256.00,2045108609,2021-03-13,188025.00,25,902520.00,first_draw 4632597700: verified_standard_2.5x | second_draw 2045108609: verified_standard_2.5x,CSLB License Master,,,,unknown: no verified registration or license date,,unknown,2026-10-06,none,,,,,unknown_no_filing_found,,,,,,,,,,,,"No retirement-plan filing found with name and address (or EIN) agreement in the 2025, 2024 or 2023 files. Unknown, not a negative.",,,DOL-5500 / DOL-5500SF,,https://data.sba.gov/dataset/ppp-foia,review,no CSLB license found with name and address agreement,,,ready,,,,,,,,,,,,,,,,,,,,
biz-103,NETWORK ROOTER &AMP; PLUMBING INC,,17330 NEWHOPE ST SUITE G,FOUNTAIN VALLEY,CA,92708,Orange,1,3890257701,first,3890257701,2020-05-01,297804.00,8,1429459.20,,,,,,first_draw 3890257701: verified_standard_2.5x,CSLB License Master,,,,unknown: no verified registration or license date,,unknown,2026-10-06,none,,,,,unknown_no_filing_found,,,,,,,,,,,,"No retirement-plan filing found with name and address (or EIN) agreement in the 2025, 2024 or 2023 files. Unknown, not a negative.",,,DOL-5500 / DOL-5500SF,,https://data.sba.gov/dataset/ppp-foia,review,no CSLB license found with name and address agreement,,,ready,,,,,,,,,,,,,,,,,,,,
biz-104,"NEXGEN AIR CONDITIONING AND HEATING, INC",,700 N VALLEY ST STE K,ANAHEIM,CA,92801-3824,Orange,1,5146617703,first,5146617703,2020-05-01,976085.00,110,4685208.00,,,,,,first_draw 5146617703: verified_standard_2.5x,CSLB License Master,,,,unknown: no verified registration or license date,,unknown,2026-10-06,none,,,,,candidate_needs_review,,,,,,,,,,,low,"1 unverified DOL candidate(s); best: sponsor ""NEXGEN AIR CONDITIONING AND HEATING, INC."", EIN 474788787, name E, address city. Not counted as a match.",,,DOL-5500 / DOL-5500SF,,https://data.sba.gov/dataset/ppp-foia,review,no CSLB license found with name and address agreement,,,ready,,,,,,,,,,,,,,,,,,,,
biz-105,NEXUS ENERGY SYSTEMS INC,,2530 E CERRITOS AVE,ANAHEIM,CA,92806-5627,Orange,1,5224057708,first,5224057708,2020-05-01,811310.00,176,unknown,,,,,,first_draw 5224057708: unknown: amount_changed_after_approval,CSLB License Master,,,,unknown: no verified registration or license date,,unknown,2026-10-06,none,,,,,unknown_no_filing_found,,,,,,,,,,,,"No retirement-plan filing found with name and address (or EIN) agreement in the 2025, 2024 or 2023 files. Unknown, not a negative.",,,DOL-5500 / DOL-5500SF,,https://data.sba.gov/dataset/ppp-foia,review,no CSLB license found with name and address agreement,,,ready,,,,,,,,,,,,,,,,,,,,
biz-106,ORANGE COUNTY AIR CONDITIONING INC.,,2952 CENTURY PL,COSTA MESA,CA,92626-4324,Orange,1,1867067205,first,1867067205,2020-04-15,298832.00,14,1434393.60,,,,,,first_draw 1867067205: verified_standard_2.5x,CSLB License Master,,,,unknown: no verified registration or license date,,unknown,2026-10-06,none,,,,,plan_found,5500-SF,952943007-001,"ORANGE COUNTY AIR CONDITIONING, INC . 401K PLAN",2024-06-01,2025-05-31,2025-06-03,0,2E2J2F2G3D2K,952943007,20250603141546NAL0018468352001,high,"Sponsor ""ORANGE COUNTY AIR CONDITIONING, INC ."" (2952 CENTURY PLACE, COSTA MESA CA 926264324); name E, address street. Active participants are the plan-year-end count on this filing, not company headcount.",1,,DOL-5500SF-2024,https://www.askebsa.dol.gov/FOIA%20Files/2024/Latest/F_5500_SF_2024_Latest.zip,https://data.sba.gov/dataset/ppp-foia,review,no CSLB license found with name and address agreement,,,ready,,,,,,,,,,,,,,,,,,,,
biz-107,ORANGE COUNTY PUMPING INC.,,630 S Hathaway St,Santa Ana,CA,92705,Orange,1,2244557208,first,2244557208,2020-04-15,158600.00,15,761280.00,,,,,,first_draw 2244557208: verified_standard_2.5x,CSLB License Master,680703,ORANGE COUNTY PUMPING INC,1993-11-22,"Original CSLB license issue date (IssueDate); a license date, not an SOS charter or business start date; license was reissued 2005-01-20",32.9,Y,2026-10-06,high,"Name: exact match, on CSLB BusinessName ""ORANGE COUNTY PUMPING INC"". Address: same street address (SBA loan: 630 S Hathaway St, Santa Ana 92705; CSLB mailing: 630 S HATHAWAY ST, SANTA ANA CA 92711). CSLB IssueDate 1993-11-22 (license reissued 2005-01-20). CSLB master: Updated as of 10/4/2026 (latest LastUpdate in the file; the portal date was not provided).",CLEAR,A B C36 C42,https://www2.cslb.ca.gov/OnlineServices/CheckLicenseII/CheckLicense.aspx,unknown_no_filing_found,,,,,,,,,,,,"No retirement-plan filing found with name and address (or EIN) agreement in the 2025, 2024 or 2023 files. Unknown, not a negative.",,,DOL-5500 / DOL-5500SF,,https://data.sba.gov/dataset/ppp-foia,ready,verified CSLB license #680703 issued 1993-11-22 (32.9 years before 2026-10-06),,,ready,,,,,,,,,,,,,,,,,,,,
biz-108,PACIFIC PLUMBING COMPANY OF SANTA ANA,,615 E WASHINGTON AVE,SANTA ANA,CA,92702,Orange,2,4559117209;4128768308,second;first,4559117209,2020-04-27,1213112.00,51,5822937.60,4128768308,2021-01-22,1213112.00,44,5822937.60,first_draw 4559117209: verified_standard_2.5x | second_draw 4128768308: verified_standard_2.5x,CSLB License Master,266807,PACIFIC PLUMBING COMPANY OF SANTA ANA,1971-01-04,"Original CSLB license issue date (IssueDate); a license date, not an SOS charter or business start date",,unknown,2026-10-06,medium,"Name: exact match, on CSLB BusinessName ""PACIFIC PLUMBING COMPANY OF SANTA ANA"". Address: same ZIP only (SBA loan: 615 E WASHINGTON AVE, SANTA ANA 92702; CSLB mailing: P O BOX 1494, SANTA ANA CA 92702). CSLB IssueDate 1971-01-04. CSLB master: Updated as of 10/4/2026 (latest LastUpdate in the file; the portal date was not provided).",CLEAR,A B C-4 C16 C20 C36 C42 HAZ,https://www2.cslb.ca.gov/OnlineServices/CheckLicenseII/CheckLicense.aspx,unknown_no_filing_found,,,,,,,,,,,,"No retirement-plan filing found with name and address (or EIN) agreement in the 2025, 2024 or 2023 files. Unknown, not a negative.",,,DOL-5500 / DOL-5500SF,,https://data.sba.gov/dataset/ppp-foia,review,probable CSLB license match is not corroborated enough to verify,,,ready,,,,,,,,,,,,,,,,,,,,
biz-109,PACIFIC WEST INDUSTRIES INC,,4051 E La Palma Ave Ste A,Anaheim,CA,92807-1751,Orange,1,2459408409,second,,,,,,2459408409,2021-02-03,484287.00,30,2324577.60,second_draw 2459408409: verified_standard_2.5x,CSLB License Master,,,,unknown: no verified registration or license date,,unknown,2026-10-06,none,,,,,unknown_no_filing_found,,,,,,,,,,,,"No retirement-plan filing found with name and address (or EIN) agreement in the 2025, 2024 or 2023 files. Unknown, not a negative. 3 same-name filing(s) with no address agreement were not counted (0 out of state); see scout/state/dol-name-only-hits.csv.",,,DOL-5500 / DOL-5500SF,,https://data.sba.gov/dataset/ppp-foia,review,no CSLB license found with name and address agreement,,,ready,,,,,,,,,,,,,,,,,,,,
biz-110,PENNINE PLUMBING INC,,1139 S PLACENTIA AVE,FULLERTON,CA,92831,Orange,1,1735957700,first,1735957700,2020-05-01,162500.00,11,780000.00,,,,,,first_draw 1735957700: verified_standard_2.5x,CSLB License Master,,,,unknown: no verified registration or license date,,unknown,2026-10-06,none,,,,,unknown_no_filing_found,,,,,,,,,,,,"No retirement-plan filing found with name and address (or EIN) agreement in the 2025, 2024 or 2023 files. Unknown, not a negative.",,,DOL-5500 / DOL-5500SF,,https://data.sba.gov/dataset/ppp-foia,review,no CSLB license found with name and address agreement,,,ready,,,,,,,,,,,,,,,,,,,,
biz-111,PIPE RESTORATION INC.,,3122 W ALPINE STREET,Santa Ana,CA,92704,Orange,2,5441497206;4784468310,second;first,5441497206,2020-04-27,765046.04,41,3672220.99,4784468310,2021-01-23,765000.00,41,3672000.00,first_draw 5441497206: verified_standard_2.5x | second_draw 4784468310: verified_standard_2.5x,CSLB License Master,821595,PIPE RESTORATION INC,2003-07-09,"Original CSLB license issue date (IssueDate); a license date, not an SOS charter or business start date",,unknown,2026-10-06,medium,"Name: exact match, on CSLB BusinessName ""PIPE RESTORATION INC"". Address: same ZIP only (SBA loan: 3122 W ALPINE STREET, Santa Ana 92704; CSLB mailing: 2926 W PENDLETON AVE, SANTA ANA CA 92704). CSLB IssueDate 2003-07-09. CSLB master: Updated as of 10/4/2026 (latest LastUpdate in the file; the portal date was not provided).",CLEAR,C36,https://www2.cslb.ca.gov/OnlineServices/CheckLicenseII/CheckLicense.aspx,unknown_no_filing_found,,,,,,,,,,,,"No retirement-plan filing found with name and address (or EIN) agreement in the 2025, 2024 or 2023 files. Unknown, not a negative.",,,DOL-5500 / DOL-5500SF,,https://data.sba.gov/dataset/ppp-foia,review,probable CSLB license match is not corroborated enough to verify,,,ready,,,,,,,,,,,,,,,,,,,,
biz-112,PIPELINE RESTORATION PLUMBING INC,,2700 S Main St Ste E,Santa Ana,CA,92707-3431,Orange,1,4173118300,second,,,,,,4173118300,2021-01-23,166500.00,8,799200.00,second_draw 4173118300: verified_standard_2.5x,CSLB License Master,,,,unknown: no verified registration or license date,,unknown,2026-10-06,none,,,,,unknown_no_filing_found,,,,,,,,,,,,"No retirement-plan filing found with name and address (or EIN) agreement in the 2025, 2024 or 2023 files. Unknown, not a negative.",,,DOL-5500 / DOL-5500SF,,https://data.sba.gov/dataset/ppp-foia,review,no CSLB license found with name and address agreement,,,ready,,,,,,,,,,,,,,,,,,,,
biz-113,"PLUMBING, PIPING & CONSTRUCTION INC",,5950 Lakeshore Drive,CYPRESS,CA,90630-3371,Orange,1,2417027103,first,2417027103,2020-04-10,2167900.00,95,10405920.00,,,,,,first_draw 2417027103: verified_standard_2.5x,CSLB License Master,291740,PLUMBING PIPING & CONSTRUCTION INC,1974-03-04,"Original CSLB license issue date (IssueDate); a license date, not an SOS charter or business start date",52.6,Y,2026-10-06,high,"Name: exact match, on CSLB BusinessName ""PLUMBING PIPING & CONSTRUCTION INC"". Address: same street address (SBA loan: 5950 Lakeshore Drive, CYPRESS 90630-3371; CSLB mailing: 5950 LAKESHORE DRIVE, CYPRESS CA 90630). CSLB IssueDate 1974-03-04. CSLB master: Updated as of 10/4/2026 (latest LastUpdate in the file; the portal date was not provided).",CLEAR,A B C-4 C16 C20 C36,https://www2.cslb.ca.gov/OnlineServices/CheckLicenseII/CheckLicense.aspx,plan_found,5500,952836137-003,"PLUMBING, PIPING & CONSTRUCTION, INC. PROFIT SHARING PLAN",2025-01-01,2025-12-31,2026-06-25,25,2E2F2G3H3D2T,952836137,20260625171337NAL0008870129001,high,"Sponsor ""PLUMBING, PIPING & CONSTRUCTION, INC."" (5950 LAKESHORE DRIVE, CYPRESS CA 90630); name E, address street. Active participants are the plan-year-end count on this filing, not company headcount.",1,,DOL-5500-2025,https://www.askebsa.dol.gov/FOIA%20Files/2025/Latest/F_5500_2025_Latest.zip,https://data.sba.gov/dataset/ppp-foia,ready,verified CSLB license #291740 issued 1974-03-04 (52.6 years before 2026-10-06),,,ready,,,,,,,,,,,,,,,,,,,,
biz-114,"POWER EDGE SOLUTIONS, INC.",,1910 VIA  E,ANAHEIM,CA,92806,Orange,1,8730137301,first,8730137301,2020-05-01,240046.00,20,1152220.80,,,,,,first_draw 8730137301: verified_standard_2.5x,CSLB License Master,,,,unknown: no verified registration or license date,,unknown,2026-10-06,none,,,,,unknown_no_filing_found,,,,,,,,,,,,"No retirement-plan filing found with name and address (or EIN) agreement in the 2025, 2024 or 2023 files. Unknown, not a negative.",,,DOL-5500 / DOL-5500SF,,https://data.sba.gov/dataset/ppp-foia,review,no CSLB license found with name and address agreement,,,ready,,,,,,,,,,,,,,,,,,,,
biz-115,POWERHOUSE COMBUSTION & MECHANICAL CORPORATION,POWERHOUSE COMBUSTION & MECHANICAL (CSLB #786109),3410 W Maywood Ave,Santa Ana,CA,92704,Orange,1,2566287300,first,2566287300,2020-04-29,392800.00,18,1885440.00,,,,,,first_draw 2566287300: verified_standard_2.5x,CSLB License Master,786109,POWERHOUSE COMBUSTION & MECHANICAL,2000-10-19,"Original CSLB license issue date (IssueDate); a license date, not an SOS charter or business start date",,unknown,2026-10-06,medium,"Name: same once legal suffixes (Inc, LLC) are ignored, on CSLB BusinessName ""POWERHOUSE COMBUSTION & MECHANICAL"". Address: same house number and street name (SBA loan: 3410 W Maywood Ave, Santa Ana 92704; CSLB mailing: 3410 W MAYWOOD, SANTA ANA CA 92704). CSLB IssueDate 2000-10-19. CSLB master: Updated as of 10/4/2026 (latest LastUpdate in the file; the portal date was not provided).",CLEAR,B C-4,https://www2.cslb.ca.gov/OnlineServices/CheckLicenseII/CheckLicense.aspx,plan_found,5500-SF,452408035-001,POWERHOUSE COMBUSTION & MECHANICAL CORPORATION 401(K) PLAN,2024-01-01,2024-12-31,2025-10-13,18,2A2E2J2F2G3D2K,452408035,20251013173237NAL0001782113001,high,"Sponsor ""POWERHOUSE COMBUSTION & MECHANICAL CORPORATION"" (3410 WEST MAYWOOD AVENUE, SANTA ANA CA 92704); name E, address street. Active participants are the plan-year-end count on this filing, not company headcount.",1,,DOL-5500SF-2024,https://www.askebsa.dol.gov/FOIA%20Files/2024/Latest/F_5500_SF_2024_Latest.zip,https://data.sba.gov/dataset/ppp-foia,review,probable CSLB license match is not corroborated enough to verify,,,ready,,,,,,,,,,,,,,,,,,,,
biz-116,PPC AIR CONDITIONING INC.,,5950 Lakeshore Drive,CYPRESS,CA,90630-3371,Orange,1,2410287108,first,2410287108,2020-04-10,1658100.00,65,7958880.00,,,,,,first_draw 2410287108: verified_standard_2.5x,CSLB License Master,,,,unknown: no verified registration or license date,,unknown,2026-10-06,none,,,,,unknown_no_filing_found,,,,,,,,,,,,"No retirement-plan filing found with name and address (or EIN) agreement in the 2025, 2024 or 2023 files. Unknown, not a negative.",,,DOL-5500 / DOL-5500SF,,https://data.sba.gov/dataset/ppp-foia,review,no CSLB license found with name and address agreement,,,ready,,,,,,,,,,,,,,,,,,,,
biz-117,PPC SERVICE INC,,5950 Lakeshore Drive,CYPRESS,CA,90630-3371,Orange,1,2425307104,first,2425307104,2020-04-10,255000.00,8,1224000.00,,,,,,first_draw 2425307104: verified_standard_2.5x,CSLB License Master,1129774,PPC SERVICE INC,2024-12-02,"Original CSLB license issue date (IssueDate); a license date, not an SOS charter or business start date",1.8,N,2026-10-06,high,"Name: exact match, on CSLB BusinessName ""PPC SERVICE INC"". Address: same street address (SBA loan: 5950 Lakeshore Drive, CYPRESS 90630-3371; CSLB mailing: 5950 LAKESHORE DRIVE, CYPRESS CA 90630). CSLB IssueDate 2024-12-02. CSLB master: Updated as of 10/4/2026 (latest LastUpdate in the file; the portal date was not provided).",CLEAR,A B C-4 C16 C20 C36,https://www2.cslb.ca.gov/OnlineServices/CheckLicenseII/CheckLicense.aspx,unknown_no_filing_found,,,,,,,,,,,,"No retirement-plan filing found with name and address (or EIN) agreement in the 2025, 2024 or 2023 files. Unknown, not a negative.",,,DOL-5500 / DOL-5500SF,,https://data.sba.gov/dataset/ppp-foia,closed,"clear exclusion by the 30-year rule: verified CSLB license #1129774 was issued 2024-12-02. The business could be older than this license (for example a successor entity), which this data cannot show.",,,ready,,,,,,,,,,,,,,,,,,,,
biz-118,PRISTINE PLUMBING INC,,16 Technology Dr Ste 141,Irvine,CA,92618,Orange,2,8105497309;9085108409,second;first,8105497309,2020-05-01,243100.00,31,1166880.00,9085108409,2021-02-14,295110.00,25,1416528.00,first_draw 8105497309: verified_standard_2.5x | second_draw 9085108409: verified_standard_2.5x,CSLB License Master,,,,unknown: no verified registration or license date,,unknown,2026-10-06,none,,,,,unknown_no_filing_found,,,,,,,,,,,,"No retirement-plan filing found with name and address (or EIN) agreement in the 2025, 2024 or 2023 files. Unknown, not a negative.",,,DOL-5500 / DOL-5500SF,,https://data.sba.gov/dataset/ppp-foia,review,no CSLB license found with name and address agreement,,,ready,,,,,,,,,,,,,,,,,,,,
biz-119,PRO MECHANICAL CORP,,507 W BLUERIDGE AVE,ORANGE,CA,92865,Orange,1,4773777710,first,4773777710,2020-05-01,222919.00,8,1070011.20,,,,,,first_draw 4773777710: verified_standard_2.5x,CSLB License Master,,,,unknown: no verified registration or license date,,unknown,2026-10-06,none,,,,,unknown_no_filing_found,,,,,,,,,,,,"No retirement-plan filing found with name and address (or EIN) agreement in the 2025, 2024 or 2023 files. Unknown, not a negative. 1 same-name filing(s) with no address agreement were not counted (0 out of state); see scout/state/dol-name-only-hits.csv.",,,DOL-5500 / DOL-5500SF,,https://data.sba.gov/dataset/ppp-foia,review,no CSLB license found with name and address agreement,,,ready,,,,,,,,,,,,,,,,,,,,
biz-120,PROCESS CELLULAR INC.,,3020 W HARVARD ST,SANTA ANA,CA,92704-3914,Orange,1,5458847004,first,5458847004,2020-04-05,1641300.00,114,7878240.00,,,,,,first_draw 5458847004: verified_standard_2.5x,CSLB License Master,,,,unknown: no verified registration or license date,,unknown,2026-10-06,none,,,,,unknown_no_filing_found,,,,,,,,,,,,"No retirement-plan filing found with name and address (or EIN) agreement in the 2025, 2024 or 2023 files. Unknown, not a negative. 3 same-name filing(s) with no address agreement were not counted (0 out of state); see scout/state/dol-name-only-hits.csv.",,,DOL-5500 / DOL-5500SF,,https://data.sba.gov/dataset/ppp-foia,review,no CSLB license found with name and address agreement,,,ready,,,,,,,,,,,,,,,,,,,,
biz-121,PROFESSIONAL PLUMBING & DRAIN CLEANING INC.,,2292 N Batavia St Ste B,Orange,CA,92865-3100,Orange,1,3054518403,second,,,,,,3054518403,2021-02-04,187817.00,13,901521.60,second_draw 3054518403: verified_standard_2.5x,CSLB License Master,,,,unknown: no verified registration or license date,,unknown,2026-10-06,none,,,,,unknown_no_filing_found,,,,,,,,,,,,"No retirement-plan filing found with name and address (or EIN) agreement in the 2025, 2024 or 2023 files. Unknown, not a negative.",,,DOL-5500 / DOL-5500SF,,https://data.sba.gov/dataset/ppp-foia,review,no CSLB license found with name and address agreement,,,ready,,,,,,,,,,,,,,,,,,,,
biz-122,PROSPEC INC,,1164 E Valencia Dr,Fullerton,CA,92831-4627,Orange,1,8897238305,second,,,,,,8897238305,2021-01-30,196610.00,23,943728.00,second_draw 8897238305: verified_standard_2.5x,CSLB License Master,,,,unknown: no verified registration or license date,,unknown,2026-10-06,none,,,,,unknown_no_filing_found,,,,,,,,,,,,"No retirement-plan filing found with name and address (or EIN) agreement in the 2025, 2024 or 2023 files. Unknown, not a negative.",,,DOL-5500 / DOL-5500SF,,https://data.sba.gov/dataset/ppp-foia,review,no CSLB license found with name and address agreement,,,ready,,,,,,,,,,,,,,,,,,,,
biz-123,"R.T. SHELTON, INC.",ORTIZ FIRE PROTECTION (CSLB #869383),4065 E LA PALMA AVE #A,ANAHEIM,CA,92807-1740,Orange,2,6231587205;1499128506,second;first,6231587205,2020-04-27,240500.00,14,1154400.00,1499128506,2021-02-19,223759.00,14,1074043.20,first_draw 6231587205: verified_standard_2.5x | second_draw 1499128506: verified_standard_2.5x,CSLB License Master,869383,R T SHELTON INC DBA ORTIZ FIRE PROTECTION,2005-12-13,"Original CSLB license issue date (IssueDate); a license date, not an SOS charter or business start date",20.8,N,2026-10-06,high,"Name: exact match, on CSLB BUS-NAME-2 ""R T SHELTON INC"". Address: same street address (SBA loan: 4065 E LA PALMA AVE #A, ANAHEIM 92807-1740; CSLB mailing: 4065 E LA PALMA AVE STE A, ANAHEIM CA 92807). CSLB lists DBA: ""R T SHELTON INC DBA ORTIZ FIRE PROTECTION"". CSLB IssueDate 2005-12-13. CSLB master: Updated as of 10/4/2026 (latest LastUpdate in the file; the portal date was not provided).",CLEAR,C16,https://www2.cslb.ca.gov/OnlineServices/CheckLicenseII/CheckLicense.aspx,unknown_no_filing_found,,,,,,,,,,,,"No retirement-plan filing found with name and address (or EIN) agreement in the 2025, 2024 or 2023 files. Unknown, not a negative.",,,DOL-5500 / DOL-5500SF,,https://data.sba.gov/dataset/ppp-foia,closed,"clear exclusion by the 30-year rule: verified CSLB license #869383 was issued 2005-12-13. The business could be older than this license (for example a successor entity), which this data cannot show.",,,ready,,,,,,,,,,,,,,,,,,,,
biz-124,"RAM AIR ENGINEERING, INC.",,25172 ARCTIC OCEAN DR,LAKE FOREST,CA,92630-8850,Orange,1,4125627103,first,4125627103,2020-04-12,182413.00,12,875582.40,,,,,,first_draw 4125627103: verified_standard_2.5x,CSLB License Master,,,,unknown: no verified registration or license date,,unknown,2026-10-06,none,,,,,unknown_no_filing_found,,,,,,,,,,,,"No retirement-plan filing found with name and address (or EIN) agreement in the 2025, 2024 or 2023 files. Unknown, not a negative.",,,DOL-5500 / DOL-5500SF,,https://data.sba.gov/dataset/ppp-foia,review,no CSLB license found with name and address agreement; same legal name appears at another address (possible duplicate business),,,ready,,,,,,,,,,,,,,,,,,,,
biz-125,RAM AIR ENGINEERING INC.,,25775 Las Vegas Ave,Dana Point,CA,92624-1117,Orange,1,6893538305,second,,,,,,6893538305,2021-01-27,182412.50,9,875580.00,second_draw 6893538305: verified_standard_2.5x,CSLB License Master,470556,RAM AIR ENGINEERING INC,1985-03-06,"Original CSLB license issue date (IssueDate); a license date, not an SOS charter or business start date",41.6,Y,2026-10-06,high,"Name: exact match, on CSLB BusinessName ""RAM AIR ENGINEERING INC"". Address: same house number and street name (SBA loan: 25775 Las Vegas Ave, Dana Point 92624-1117; CSLB mailing: 25775 LAS VEGAS, DANA POINT CA 92624). CSLB IssueDate 1985-03-06. CSLB master: Updated as of 10/4/2026 (latest LastUpdate in the file; the portal date was not provided).",CLEAR,C20,https://www2.cslb.ca.gov/OnlineServices/CheckLicenseII/CheckLicense.aspx,unknown_no_filing_found,,,,,,,,,,,,"No retirement-plan filing found with name and address (or EIN) agreement in the 2025, 2024 or 2023 files. Unknown, not a negative.",,,DOL-5500 / DOL-5500SF,,https://data.sba.gov/dataset/ppp-foia,review,same legal name appears at another address (possible duplicate business),,,ready,,,,,,,,,,,,,,,,,,,,
biz-126,"RAMCO REFRIGERATION AND AIR CONDITIONING, INC.",RAMCO REFRIGERATION AND AIR CONDITIONING,3921 E MIRALOMA AVE,ANAHEIM,CA,92806-6201,Orange,2,4167477104;8115568306,second;first,4167477104,2020-04-13,489221.00,30,2348260.80,8115568306,2021-01-29,654007.50,23,3139236.00,first_draw 4167477104: verified_standard_2.5x | second_draw 8115568306: verified_standard_2.5x,CSLB License Master,,,,unknown: no verified registration or license date,,unknown,2026-10-06,none,,,,,candidate_needs_review,,,,,,,,,,,medium,"1 unverified DOL candidate(s); best: sponsor ""RAMCO REFRIGERATION AIR CONDITIONING, INC."", EIN 330443957, name T, address street. Not counted as a match.",,,DOL-5500 / DOL-5500SF,,https://data.sba.gov/dataset/ppp-foia,review,no CSLB license found with name and address agreement,,,ready,,,,,,,,,,,,,,,,,,,,
biz-127,"REFRIGERATION CONTROL COMPANY, INC.",,33548 Valle Rd,SAN JUAN CAPISTRANO,CA,92675,Orange,1,3928617110,first,3928617110,2020-04-12,394400.00,29,1893120.00,,,,,,first_draw 3928617110: verified_standard_2.5x,CSLB License Master,,,,unknown: no verified registration or license date,,unknown,2026-10-06,none,,,,,unknown_no_filing_found,,,,,,,,,,,,"No retirement-plan filing found with name and address (or EIN) agreement in the 2025, 2024 or 2023 files. Unknown, not a negative.",,,DOL-5500 / DOL-5500SF,,https://data.sba.gov/dataset/ppp-foia,review,no CSLB license found with name and address agreement,,,ready,,,,,,,,,,,,,,,,,,,,
biz-128,REGENCY PLUMBING & PIPING INC,,1039 W Barkley Ave,Orange,CA,92868,Orange,1,6286067308,first,6286067308,2020-04-30,288920.00,25,1386816.00,,,,,,first_draw 6286067308: verified_standard_2.5x,CSLB License Master,1013374,REGENCY PLUMBING & PIPING INC,2016-04-28,"Original CSLB license issue date (IssueDate); a license date, not an SOS charter or business start date",10.4,N,2026-10-06,high,"Name: exact match, on CSLB BusinessName ""REGENCY PLUMBING & PIPING INC"". Address: same street address (SBA loan: 1039 W Barkley Ave, Orange 92868; CSLB mailing: 1039 W BARKLEY AVE, ORANGE CA 92868). CSLB IssueDate 2016-04-28. CSLB master: Updated as of 10/4/2026 (latest LastUpdate in the file; the portal date was not provided).",CLEAR,C36,https://www2.cslb.ca.gov/OnlineServices/CheckLicenseII/CheckLicense.aspx,plan_found,5500-SF,811309443-001,REGENCY PLUMBING & PIPING 401(K) PLAN,2024-01-01,2024-12-31,2025-09-15,48,2E2F2G2J2K2S2T3D,811309443,20250915220106NAL0000948995001,high,"Sponsor ""REGENCY PLUMBING & PIPING, INC"" (1039 W BARKLEY AVE, ORANGE CA 92868); name E, address street. Active participants are the plan-year-end count on this filing, not company headcount.",1,,DOL-5500SF-2024,https://www.askebsa.dol.gov/FOIA%20Files/2024/Latest/F_5500_SF_2024_Latest.zip,https://data.sba.gov/dataset/ppp-foia,closed,"clear exclusion by the 30-year rule: verified CSLB license #1013374 was issued 2016-04-28. The business could be older than this license (for example a successor entity), which this data cannot show.",,,ready,,,,,,,,,,,,,,,,,,,,
biz-129,"RESIDENTIAL FIRE SYSTEMS, INC.",,8085 E CRYSTAL DR,ANAHEIM,CA,92807-2523,Orange,2,5718647109;3939648709,second;first,5718647109,2020-04-13,953500.00,95,4576800.00,3939648709,2021-03-31,1158570.00,73,5561136.00,first_draw 5718647109: verified_standard_2.5x | second_draw 3939648709: verified_standard_2.5x,CSLB License Master,786965,RESIDENTIAL FIRE SYSTEMS INC,2000-11-03,"Original CSLB license issue date (IssueDate); a license date, not an SOS charter or business start date",25.9,N,2026-10-06,high,"Name: exact match, on CSLB BusinessName ""RESIDENTIAL FIRE SYSTEMS INC"". Address: same street address (SBA loan: 8085 E CRYSTAL DR, ANAHEIM 92807-2523; CSLB mailing: 8085 E CRYSTAL DRIVE, ANAHEIM CA 92807). CSLB IssueDate 2000-11-03. CSLB master: Updated as of 10/4/2026 (latest LastUpdate in the file; the portal date was not provided).",CLEAR,C10 C16,https://www2.cslb.ca.gov/OnlineServices/CheckLicenseII/CheckLicense.aspx,plan_found,5500-SF,330922234-001,RESIDENTIAL FIRE SYSTEMS INC 401K PLAN,2025-01-01,2025-12-31,2026-05-25,78,2E2F2G2J2K2T3D,330922234,20260525134114NAL0005403745001,high,"Sponsor ""RESIDENTIAL FIRE SYSTEMS INC"" (8085 E CRYSTAL DRIVE, ANAHEIM CA 92807); name E, address street. Active participants are the plan-year-end count on this filing, not company headcount.",1,,DOL-5500SF-2025,https://www.askebsa.dol.gov/FOIA%20Files/2025/Latest/F_5500_SF_2025_Latest.zip,https://data.sba.gov/dataset/ppp-foia,closed,"clear exclusion by the 30-year rule: verified CSLB license #786965 was issued 2000-11-03. The business could be older than this license (for example a successor entity), which this data cannot show.",,,ready,,,,,,,,,,,,,,,,,,,,
biz-130,RGA ROOTER &AMP; PLUMBING INC,,18011 THEODORA DR,TUSTIN,CA,92780,Orange,1,2816347701,first,2816347701,2020-05-01,172500.00,11,828000.00,,,,,,first_draw 2816347701: verified_standard_2.5x,CSLB License Master,,,,unknown: no verified registration or license date,,unknown,2026-10-06,none,,,,,plan_found,5500-SF,270554721-001,RGA ROOTER & PLUMBING INC,2024-01-01,2024-12-31,2025-05-28,13,2E2F2G2J2K2T3D,270554721,20250528154705NAL0019040786001,high,"Sponsor ""RGA ROOTER &AMP PLUMBING INC"" (18011 THEODORA DR, TUSTIN CA 92780); name E, address street. Active participants are the plan-year-end count on this filing, not company headcount.",1,,DOL-5500SF-2024,https://www.askebsa.dol.gov/FOIA%20Files/2024/Latest/F_5500_SF_2024_Latest.zip,https://data.sba.gov/dataset/ppp-foia,review,no CSLB license found with name and address agreement,,,ready,,,,,,,,,,,,,,,,,,,,
biz-131,"RH ORANGE, INC.",,1328 South ALLEC ST,ANAHEIM,CA,92805-6303,Orange,2,9855267009;2717438705,second;first,9855267009,2020-04-09,424100.00,27,2035680.00,2717438705,2021-03-30,426226.85,30,2045888.88,first_draw 9855267009: verified_standard_2.5x | second_draw 2717438705: verified_standard_2.5x,CSLB License Master,,,,unknown: no verified registration or license date,,unknown,2026-10-06,none,,,,,unknown_no_filing_found,,,,,,,,,,,,"No retirement-plan filing found with name and address (or EIN) agreement in the 2025, 2024 or 2023 files. Unknown, not a negative.",,,DOL-5500 / DOL-5500SF,,https://data.sba.gov/dataset/ppp-foia,review,no CSLB license found with name and address agreement,,,ready,,,,,,,,,,,,,,,,,,,,
biz-132,"SADDLEBACK PLUMBING, INC.",,23901 REMME RDG,LAKE FOREST,CA,92630,Orange,1,1036067705,first,1036067705,2020-05-01,316587.00,170,1519617.60,,,,,,first_draw 1036067705: verified_standard_2.5x,CSLB License Master,414946,SADDLEBACK PLUMBING INC,1981-12-02,"Original CSLB license issue date (IssueDate); a license date, not an SOS charter or business start date; license was reissued 2000-01-13",44.8,Y,2026-10-06,high,"Name: exact match, on CSLB BusinessName ""SADDLEBACK PLUMBING INC"". Address: same house number and street name (SBA loan: 23901 REMME RDG, LAKE FOREST 92630; CSLB mailing: 23901 REMME RIDGE, LAKE FOREST CA 92630). CSLB IssueDate 1981-12-02 (license reissued 2000-01-13). CSLB master: Updated as of 10/4/2026 (latest LastUpdate in the file; the portal date was not provided).",CLEAR,C20 C36,https://www2.cslb.ca.gov/OnlineServices/CheckLicenseII/CheckLicense.aspx,unknown_no_filing_found,,,,,,,,,,,,"No retirement-plan filing found with name and address (or EIN) agreement in the 2025, 2024 or 2023 files. Unknown, not a negative.",,,DOL-5500 / DOL-5500SF,,https://data.sba.gov/dataset/ppp-foia,ready,verified CSLB license #414946 issued 1981-12-02 (44.8 years before 2026-10-06),,,ready,,,,,,,,,,,,,,,,,,,,
biz-133,SCOTT ENGLISH PLUMBING INC,,1230 N Jefferson St H,Anaheim,CA,92807-1631,Orange,1,8014268507,second,,,,,,8014268507,2021-03-08,599060.00,49,2875488.00,second_draw 8014268507: verified_standard_2.5x,CSLB License Master,,,,unknown: no verified registration or license date,,unknown,2026-10-06,none,,,,,plan_found,5500-SF,205029210-001,"SCOTT ENGLISH PLUMBING, INC. 401(K) PROFIT SHARING PLAN",2023-01-01,2023-12-31,2024-10-08,28,2A2E2F2G2J2T3D,205029210,20241008112341NAL0016521009001,high,"Sponsor ""SCOTT ENGLISH PLUMBING, INC."" (1230 N. JEFFERSON STREET, SUITE H, ANAHEIM CA 92807); name E, address street_loose. Active participants are the plan-year-end count on this filing, not company headcount.",1,,DOL-5500SF-2023,https://www.askebsa.dol.gov/FOIA%20Files/2023/Latest/F_5500_SF_2023_Latest.zip,https://data.sba.gov/dataset/ppp-foia,review,no CSLB license found with name and address agreement,,,ready,,,,,,,,,,,,,,,,,,,,
biz-134,SEASIDE AIR ENTERPRISES INC,SEASIDE AIR CONDITIONING AND HEATING (CSLB #736214),32959 CALLE PERFECTO UNIT C,SAN JUAN CAPISTRANO,CA,92675,Orange,1,3973397703,first,3973397703,2020-05-01,187946.00,19,902140.80,,,,,,first_draw 3973397703: verified_standard_2.5x,CSLB License Master,736214,SEASIDE AIR ENTERPRISES INC DBA SEASIDE AIR CONDITIONING AND HEAT,1997-05-16,"Original CSLB license issue date (IssueDate); a license date, not an SOS charter or business start date; license was reissued 2006-08-17",29.4,N,2026-10-06,high,"Name: exact match, on CSLB BUS-NAME-2 ""SEASIDE AIR ENTERPRISES INC"". Address: same street address (SBA loan: 32959 CALLE PERFECTO UNIT C, SAN JUAN CAPISTRANO 92675; CSLB mailing: 32959 CALLE PERFECTO UNIT C, SAN JUAN CAPISTRANO CA 92675). CSLB lists DBA: ""SEASIDE AIR ENTERPRISES INC DBA SEASIDE AIR CONDITIONING AND HEAT"". CSLB IssueDate 1997-05-16 (license reissued 2006-08-17). CSLB master: Updated as of 10/4/2026 (latest LastUpdate in the file; the portal date was not provided).",CLEAR,C20,https://www2.cslb.ca.gov/OnlineServices/CheckLicenseII/CheckLicense.aspx,plan_found,5500-SF,651268100-001,"SEASIDE AIR ENTERPRISES, INC. 401K PLAN",2024-01-01,2024-12-31,2025-10-10,15,2F2J2K2G,651268100,20251010191208NAL0004871891001,high,"Sponsor ""SEASIDE AIR ENTERPRISES, INC."" (32959 CALLE PERFECTO - SUITE C, SAN JUAN CAPISTRANO CA 92675); name E, address street. Active participants are the plan-year-end count on this filing, not company headcount.",1,,DOL-5500SF-2024,https://www.askebsa.dol.gov/FOIA%20Files/2024/Latest/F_5500_SF_2024_Latest.zip,https://data.sba.gov/dataset/ppp-foia,closed,"clear exclusion by the 30-year rule: verified CSLB license #736214 was issued 1997-05-16. The business could be older than this license (for example a successor entity), which this data cannot show.",,,ready,,,,,,,,,,,,,,,,,,,,
biz-135,"SHELTON FIRE PROTECTION CO., INC.",,22745 La Palma Avenue,Yorba Linda,CA,92887,Orange,1,7134917701,first,7134917701,2020-05-01,291700.00,12,1400160.00,,,,,,first_draw 7134917701: verified_standard_2.5x,CSLB License Master,677631,SHELTON FIRE PROTECTION CO INC,1993-09-22,"Original CSLB license issue date (IssueDate); a license date, not an SOS charter or business start date; license was reissued 2003-05-19",33.0,Y,2026-10-06,high,"Name: exact match, on CSLB BusinessName ""SHELTON FIRE PROTECTION CO INC"". Address: same street address (SBA loan: 22745 La Palma Avenue, Yorba Linda 92887; CSLB mailing: 22745 LA PALMA AVENUE, YORBA LINDA CA 92887). CSLB IssueDate 1993-09-22 (license reissued 2003-05-19). CSLB master: Updated as of 10/4/2026 (latest LastUpdate in the file; the portal date was not provided).",CLEAR,C16 C34,https://www2.cslb.ca.gov/OnlineServices/CheckLicenseII/CheckLicense.aspx,plan_found,5500-SF,010699291-003,"SHELTON FIRE PROTECTION CO., INC. CASH BALANCE PENSION PLAN",2025-01-01,2025-12-31,2026-08-10,5,1C3D,010699291,20260810125750NAL0010174819001,high,"Sponsor ""SHELTON FIRE PROTECTION CO., INC."" (22745 LA PALMA AVENUE, YORBA LINDA CA 92887); name E, address street. Active participants are the plan-year-end count on this filing, not company headcount.",2,010699291-002 2025-01-01..2025-12-31 active 5 (ack 20260810130308NAL0008198400002),DOL-5500SF-2025,https://www.askebsa.dol.gov/FOIA%20Files/2025/Latest/F_5500_SF_2025_Latest.zip,https://data.sba.gov/dataset/ppp-foia,ready,verified CSLB license #677631 issued 1993-09-22 (33.0 years before 2026-10-06),,,ready,,,,,,,,,,,,,,,,,,,,
biz-136,SMART CHOICE HEATING AND AIR,,2525 W Woodland Dr,Anaheim,CA,92801,Orange,2,2639817110;9026358403,second;first,2639817110,2020-04-11,223600.00,33,1073280.00,9026358403,2021-02-14,253373.00,33,1216190.40,first_draw 2639817110: verified_standard_2.5x | second_draw 9026358403: verified_standard_2.5x,CSLB License Master,,,,unknown: no verified registration or license date,,unknown,2026-10-06,none,,,,,unknown_no_filing_found,,,,,,,,,,,,"No retirement-plan filing found with name and address (or EIN) agreement in the 2025, 2024 or 2023 files. Unknown, not a negative.",,,DOL-5500 / DOL-5500SF,,https://data.sba.gov/dataset/ppp-foia,review,no CSLB license found with name and address agreement,,,ready,,,,,,,,,,,,,,,,,,,,
biz-137,SONSHINE PLUMBING INC,,10537 DALE AVE,STANTON,CA,90680-2641,Orange,1,7728197304,first,7728197304,2020-04-30,187800.00,12,901440.00,,,,,,first_draw 7728197304: verified_standard_2.5x,CSLB License Master,,,,unknown: no verified registration or license date,,unknown,2026-10-06,none,,,,,unknown_no_filing_found,,,,,,,,,,,,"No retirement-plan filing found with name and address (or EIN) agreement in the 2025, 2024 or 2023 files. Unknown, not a negative. 2 same-name filing(s) with no address agreement were not counted (0 out of state); see scout/state/dol-name-only-hits.csv.",,,DOL-5500 / DOL-5500SF,,https://data.sba.gov/dataset/ppp-foia,review,no CSLB license found with name and address agreement,,,ready,,,,,,,,,,,,,,,,,,,,
biz-138,SOUTH COAST MECHANICAL INC,SOUTH COAST FACILITY SERVICES (CSLB #857144) | SOUTH COAST MECHANICAL LLC (CSLB #857144),800 E. ORANGETHORPE AVE,ANAHEIM,CA,92801-1123,Orange,1,6056097006,first,6056097006,2020-04-06,2213000.00,90,10622400.00,,,,,,first_draw 6056097006: verified_standard_2.5x,CSLB License Master,857144,SOUTH COAST FACILITY SERVICES,2005-04-08,"Original CSLB license issue date (IssueDate); a license date, not an SOS charter or business start date; license was reissued 2022-05-10",,unknown,2026-10-06,medium,"Name: same once legal suffixes (Inc, LLC) are ignored, on CSLB BUS-NAME-2 ""SOUTH COAST MECHANICAL LLC"". Address: same street address (SBA loan: 800 E. ORANGETHORPE AVE, ANAHEIM 92801-1123; CSLB mailing: 800 E ORANGETHORPE AVE, ANAHEIM CA 92801). CSLB lists two names: ""SOUTH COAST FACILITY SERVICES"" and ""SOUTH COAST MECHANICAL LLC"". CSLB IssueDate 2005-04-08 (license reissued 2022-05-10). CSLB master: Updated as of 10/4/2026 (latest LastUpdate in the file; the portal date was not provided).",CLEAR,B C-4 C10 C20 C36,https://www2.cslb.ca.gov/OnlineServices/CheckLicenseII/CheckLicense.aspx,plan_found,5500-SF,050613326-001,SOUTH COAST 401(K) PLAN,2025-01-01,2025-12-31,2026-06-22,83,2A2E2F2G2J2K2T3D3H,050613326,20260622212615NAL0004949027001,high,"Sponsor ""SOUTH COAST MECHANICAL, INC."" (800 E. ORANGETHORPE AVE., ANAHEIM CA 92801); name E, address street. Active participants are the plan-year-end count on this filing, not company headcount.",1,,DOL-5500SF-2025,https://www.askebsa.dol.gov/FOIA%20Files/2025/Latest/F_5500_SF_2025_Latest.zip,https://data.sba.gov/dataset/ppp-foia,review,probable CSLB license match is not corroborated enough to verify,,,ready,,,,,,,,,,,,,,,,,,,,
biz-139,SPECTRUM MECHANICAL INC,,9760 RESEARCH DR Unit DD,IRVINE,CA,92618-4327,Orange,2,2370597210;4262068703,second;first,2370597210,2020-04-16,549599.00,30,2638075.20,4262068703,2021-04-01,567030.00,31,2721744.00,first_draw 2370597210: verified_standard_2.5x | second_draw 4262068703: verified_standard_2.5x,CSLB License Master,764636,SPECTRUM MECHANICAL INC,1999-06-18,"Original CSLB license issue date (IssueDate); a license date, not an SOS charter or business start date",27.3,N,2026-10-06,high,"Name: exact match, on CSLB BusinessName ""SPECTRUM MECHANICAL INC"". Address: same street address (SBA loan: 9760 RESEARCH DR Unit DD, IRVINE 92618-4327; CSLB mailing: 9760 RESEARCH DRIVE UNIT DD, IRVINE CA 92618). CSLB IssueDate 1999-06-18. CSLB master: Updated as of 10/4/2026 (latest LastUpdate in the file; the portal date was not provided).",CLEAR,C20,https://www2.cslb.ca.gov/OnlineServices/CheckLicenseII/CheckLicense.aspx,unknown_no_filing_found,,,,,,,,,,,,"No retirement-plan filing found with name and address (or EIN) agreement in the 2025, 2024 or 2023 files. Unknown, not a negative. 1 same-name filing(s) with no address agreement were not counted (1 out of state); see scout/state/dol-name-only-hits.csv.",,,DOL-5500 / DOL-5500SF,,https://data.sba.gov/dataset/ppp-foia,closed,"clear exclusion by the 30-year rule: verified CSLB license #764636 was issued 1999-06-18. The business could be older than this license (for example a successor entity), which this data cannot show.",,,ready,,,,,,,,,,,,,,,,,,,,
biz-140,STERLING PLUMBING INC.,,3111 W CENTRAL AVE,SANTA ANA,CA,92704-5302,Orange,1,3997027201,first,3997027201,2020-04-27,1162337.00,82,5579217.60,,,,,,first_draw 3997027201: verified_standard_2.5x,CSLB License Master,825163,STERLING PLUMBING INC,2003-09-29,"Original CSLB license issue date (IssueDate); a license date, not an SOS charter or business start date",23.0,N,2026-10-06,high,"Name: exact match, on CSLB BusinessName ""STERLING PLUMBING INC"". Address: same street address (SBA loan: 3111 W CENTRAL AVE, SANTA ANA 92704-5302; CSLB mailing: 3111 WEST CENTRAL AVENUE, SANTA ANA CA 92704). CSLB IssueDate 2003-09-29. CSLB master: Updated as of 10/4/2026 (latest LastUpdate in the file; the portal date was not provided).",CLEAR,C16 C36,https://www2.cslb.ca.gov/OnlineServices/CheckLicenseII/CheckLicense.aspx,plan_found,5500-SF,680545538-001,STERLING PLUMBING 401(K) PLAN,2025-01-01,2025-12-31,2026-09-08,74,2E2F2G2J2K2T3D,680545538,20260908195957NAL0003252961001,high,"Sponsor ""STERLING PLUMBING, INC."" (3111 W. CENTRAL AVE., SANTA ANA CA 92704); name E, address street. Active participants are the plan-year-end count on this filing, not company headcount.",2,680545538-002 2024-01-01..2024-12-31 active 104 (ack 20251121111508NAL0003630995001),DOL-5500SF-2025,https://www.askebsa.dol.gov/FOIA%20Files/2025/Latest/F_5500_SF_2025_Latest.zip,https://data.sba.gov/dataset/ppp-foia,closed,"clear exclusion by the 30-year rule: verified CSLB license #825163 was issued 2003-09-29. The business could be older than this license (for example a successor entity), which this data cannot show.",,,ready,,,,,,,,,,,,,,,,,,,,
biz-141,STEVEN D SHAFER,,1787 N GREENGROVE STREET,ORANGE,CA,92865,Orange,1,9309067207,first,9309067207,2020-04-28,191400.00,12,unknown,,,,,,first_draw 9309067207: unknown: self_employed_or_untyped_borrower,CSLB License Master,,,,unknown: no verified registration or license date,,unknown,2026-10-06,none,,,,,unknown_no_filing_found,,,,,,,,,,,,"No retirement-plan filing found with name and address (or EIN) agreement in the 2025, 2024 or 2023 files. Unknown, not a negative.",,,DOL-5500 / DOL-5500SF,,https://data.sba.gov/dataset/ppp-foia,review,no CSLB license found with name and address agreement,,,ready,,,,,,,,,,,,,,,,,,,,
biz-142,STEVEN SHAFER,,1307 W Trenton Ave,Orange,CA,92867-3539,Orange,1,3262728510,second,,,,,,3262728510,2021-02-23,186745.00,11,unknown,second_draw 3262728510: unknown: self_employed_or_untyped_borrower,CSLB License Master,,,,unknown: no verified registration or license date,,unknown,2026-10-06,none,,,,,unknown_no_filing_found,,,,,,,,,,,,"No retirement-plan filing found with name and address (or EIN) agreement in the 2025, 2024 or 2023 files. Unknown, not a negative.",,,DOL-5500 / DOL-5500SF,,https://data.sba.gov/dataset/ppp-foia,review,no CSLB license found with name and address agreement,,,ready,,,,,,,,,,,,,,,,,,,,
biz-143,"SUNPIN SOLAR DEVELOPMENT LLC DBA SUNPIN SOLAR, LLC",,2020 MAIN ST,IRVINE,CA,92614,Orange,1,2931747709,first,2931747709,2020-05-01,597385.00,21,2867448.00,,,,,,first_draw 2931747709: verified_standard_2.5x,CSLB License Master,,,,unknown: no verified registration or license date,,unknown,2026-10-06,none,,,,,unknown_no_filing_found,,,,,,,,,,,,"No retirement-plan filing found with name and address (or EIN) agreement in the 2025, 2024 or 2023 files. Unknown, not a negative.",,,DOL-5500 / DOL-5500SF,,https://data.sba.gov/dataset/ppp-foia,review,no CSLB license found with name and address agreement,,,ready,,,,,,,,,,,,,,,,,,,,
biz-144,SUNRISE PLUMBING &AMP; MECHANICAL INC,,7581 HAZARD AVE STE C,WESTMINSTER,CA,92683,Orange,1,2988267708,first,2988267708,2020-05-01,567157.00,62,2722353.60,,,,,,first_draw 2988267708: verified_standard_2.5x,CSLB License Master,,,,unknown: no verified registration or license date,,unknown,2026-10-06,none,,,,,unknown_no_filing_found,,,,,,,,,,,,"No retirement-plan filing found with name and address (or EIN) agreement in the 2025, 2024 or 2023 files. Unknown, not a negative.",,,DOL-5500 / DOL-5500SF,,https://data.sba.gov/dataset/ppp-foia,review,no CSLB license found with name and address agreement,,,ready,,,,,,,,,,,,,,,,,,,,
biz-145,SUNTREK INDUSTRIES INC,,5 Holland,Irvine,CA,92618,Orange,1,7387717306,first,7387717306,2020-04-30,277745.00,25,1333176.00,,,,,,first_draw 7387717306: verified_standard_2.5x,CSLB License Master,859460,SUNTREK INDUSTRIES INC,2005-05-25,"Original CSLB license issue date (IssueDate); a license date, not an SOS charter or business start date",21.4,N,2026-10-06,high,"Name: exact match, on CSLB BusinessName ""SUNTREK INDUSTRIES INC"". Address: same street address (SBA loan: 5 Holland, Irvine 92618; CSLB mailing: 5 HOLLAND BLDG 215, IRVINE CA 92618). CSLB IssueDate 2005-05-25. CSLB master: Updated as of 10/4/2026 (latest LastUpdate in the file; the portal date was not provided).",CLEAR,C10 C46,https://www2.cslb.ca.gov/OnlineServices/CheckLicenseII/CheckLicense.aspx,plan_found,5500-SF,202775723-001,"SUNTREK INDUSTRIES, INC. 401(K) PLAN",2025-01-01,2025-12-31,2026-08-13,19,2E2F2G2J2K2T3D,202775723,20260813142236NAL0013932531001,high,"Sponsor ""SUNTREK INDUSTRIES, INC."" (5 HOLLAND STE 215, IRVINE CA 926182577); name E, address street. Active participants are the plan-year-end count on this filing, not company headcount.",1,,DOL-5500SF-2025,https://www.askebsa.dol.gov/FOIA%20Files/2025/Latest/F_5500_SF_2025_Latest.zip,https://data.sba.gov/dataset/ppp-foia,closed,"clear exclusion by the 30-year rule: verified CSLB license #859460 was issued 2005-05-25. The business could be older than this license (for example a successor entity), which this data cannot show.",,,ready,,,,,,,,,,,,,,,,,,,,
biz-146,"SUNWEST AIR CONDITIONING, INC.",,1660 BABCOCK ST,COSTA MESA,CA,92627-4330,Orange,1,9801737002,first,9801737002,2020-04-09,192702.00,15,924969.60,,,,,,first_draw 9801737002: verified_standard_2.5x,CSLB License Master,431394,SUNWEST AIR CONDITIONING INC,1982-11-10,"Original CSLB license issue date (IssueDate); a license date, not an SOS charter or business start date; license was reissued 2017-09-20",43.9,Y,2026-10-06,high,"Name: exact match, on CSLB BusinessName ""SUNWEST AIR CONDITIONING INC"". Address: same street address (SBA loan: 1660 BABCOCK ST, COSTA MESA 92627-4330; CSLB mailing: 1660 BABCOCK ST, COSTA MESA CA 92627). CSLB IssueDate 1982-11-10 (license reissued 2017-09-20). CSLB master: Updated as of 10/4/2026 (latest LastUpdate in the file; the portal date was not provided).",CLEAR,C20,https://www2.cslb.ca.gov/OnlineServices/CheckLicenseII/CheckLicense.aspx,unknown_no_filing_found,,,,,,,,,,,,"No retirement-plan filing found with name and address (or EIN) agreement in the 2025, 2024 or 2023 files. Unknown, not a negative.",,,DOL-5500 / DOL-5500SF,,https://data.sba.gov/dataset/ppp-foia,ready,verified CSLB license #431394 issued 1982-11-10 (43.9 years before 2026-10-06),,,ready,,,,,,,,,,,,,,,,,,,,
biz-147,SUPERIOR PLUMBING CONTRACTORS INC,,24881 Alicia Pkwy # E-106,Laguna Hills,CA,92653-4617,Orange,1,4756398708,first,4756398708,2021-04-01,248775.00,24,1194120.00,,,,,,first_draw 4756398708: verified_standard_2.5x,CSLB License Master,,,,unknown: no verified registration or license date,,unknown,2026-10-06,none,,,,,unknown_no_filing_found,,,,,,,,,,,,"No retirement-plan filing found with name and address (or EIN) agreement in the 2025, 2024 or 2023 files. Unknown, not a negative.",,,DOL-5500 / DOL-5500SF,,https://data.sba.gov/dataset/ppp-foia,review,no CSLB license found with name and address agreement,,,ready,,,,,,,,,,,,,,,,,,,,
biz-148,"SYSTEMS X T, INC.",,1910 VIA  E,ANAHEIM,CA,92806,Orange,1,9648587302,first,9648587302,2020-05-02,202034.00,12,969763.20,,,,,,first_draw 9648587302: verified_standard_2.5x,CSLB License Master,841424,SYSTEMS X T INC,2004-06-23,"Original CSLB license issue date (IssueDate); a license date, not an SOS charter or business start date",22.3,N,2026-10-06,high,"Name: exact match, on CSLB BusinessName ""SYSTEMS X T INC"". Address: same house number and street name (SBA loan: 1910 VIA  E, ANAHEIM 92806; CSLB mailing: 1910 E VIA BURTON ST #A, ANAHEIM CA 92806). CSLB IssueDate 2004-06-23. CSLB master: Updated as of 10/4/2026 (latest LastUpdate in the file; the portal date was not provided).",CLEAR,B C10 C20 C38,https://www2.cslb.ca.gov/OnlineServices/CheckLicenseII/CheckLicense.aspx,unknown_no_filing_found,,,,,,,,,,,,"No retirement-plan filing found with name and address (or EIN) agreement in the 2025, 2024 or 2023 files. Unknown, not a negative.",,,DOL-5500 / DOL-5500SF,,https://data.sba.gov/dataset/ppp-foia,closed,"clear exclusion by the 30-year rule: verified CSLB license #841424 was issued 2004-06-23. The business could be older than this license (for example a successor entity), which this data cannot show.",,,ready,,,,,,,,,,,,,,,,,,,,
biz-149,"TACTICAL AIR, INC. DBA SOCAL AIRFLOW PRO",TACTICAL AIR INC.,29816 AVENIDA DE LAS BANDERAS,RANCHO SANTA MARGARI,CA,92688,Orange,2,5071457305;9657298503,second;first,5071457305,2020-04-30,299605.00,14,unknown,9657298503,2021-03-12,299605.00,19,1438104.00,first_draw 5071457305: unknown: amount_changed_after_approval | second_draw 9657298503: verified_standard_2.5x,CSLB License Master,,,,unknown: no verified registration or license date,,unknown,2026-10-06,none,,,,,plan_found,5500-SF,475093730-001,TACTICAL AIR INC. DBA SOCAL AIRFLOW PROS 401(K) PLAN,2024-01-01,2024-06-04,2024-06-17,0,2E2F2G2J2K2S2T3D,475093730,20240617144645NAL0003418066001,high,"Sponsor ""TACTICAL AIR INC. DBA SOCAL AIRFLOW PROS"" (29816 AVENIDA DE LAS BANDERAS, RANCHO SANTA MARGARITA CA 92688); name E, address street. Active participants are the plan-year-end count on this filing, not company headcount.",1,,DOL-5500SF-2023,https://www.askebsa.dol.gov/FOIA%20Files/2023/Latest/F_5500_SF_2023_Latest.zip,https://data.sba.gov/dataset/ppp-foia,review,no CSLB license found with name and address agreement,,,ready,,,,,,,,,,,,,,,,,,,,
biz-150,TALENT AIR,,10880 WALKER ST,CYPRESS,CA,90630-5011,Orange,2,2438547105;2404558302,second;first,2438547105,2020-04-10,857500.00,66,4116000.00,2404558302,2021-01-20,634960.00,53,3047808.00,first_draw 2438547105: verified_standard_2.5x | second_draw 2404558302: verified_standard_2.5x,CSLB License Master,702568,TALENT AIR,1995-02-10,"Original CSLB license issue date (IssueDate); a license date, not an SOS charter or business start date",31.7,Y,2026-10-06,high,"Name: exact match, on CSLB BusinessName ""TALENT AIR"". Address: same street address (SBA loan: 10880 WALKER ST, CYPRESS 90630-5011; CSLB mailing: 10880 WALKER STREET, CYPRESS CA 90630). CSLB IssueDate 1995-02-10. CSLB master: Updated as of 10/4/2026 (latest LastUpdate in the file; the portal date was not provided).",CLEAR,C10 C20,https://www2.cslb.ca.gov/OnlineServices/CheckLicenseII/CheckLicense.aspx,plan_found,5500-SF,330631667-001,TALENT AIR 401(K) PROFIT SHARING PLAN,2025-01-01,2025-12-31,2026-04-27,49,2A2E2F2G2J2K2T3D,330631667,20260427100700NAL0004779187001,high,"Sponsor ""TALENT AIR"" (10880 WALKER STREET, CYPRESS CA 90630); name E, address street. Active participants are the plan-year-end count on this filing, not company headcount.",1,,DOL-5500SF-2025,https://www.askebsa.dol.gov/FOIA%20Files/2025/Latest/F_5500_SF_2025_Latest.zip,https://data.sba.gov/dataset/ppp-foia,ready,verified CSLB license #702568 issued 1995-02-10 (31.7 years before 2026-10-06),,,ready,,,,,,,,,,,,,,,,,,,,
biz-151,"THERMALAIR, INC.",,1140 RED GUM ST,ANAHEIM,CA,92806-2516,Orange,1,8183587002,first,8183587002,2020-04-08,1357667.00,55,6516801.60,,,,,,first_draw 8183587002: verified_standard_2.5x,CSLB License Master,102216,THERMALAIR INC,1948-04-12,"Original CSLB license issue date (IssueDate); a license date, not an SOS charter or business start date",78.5,Y,2026-10-06,high,"Name: exact match, on CSLB BusinessName ""THERMALAIR INC"". Address: same house number and street name (SBA loan: 1140 RED GUM ST, ANAHEIM 92806-2516; CSLB mailing: 1140 N RED GUM STREET, ANAHEIM CA 92806). CSLB IssueDate 1948-04-12. CSLB master: Updated as of 10/4/2026 (latest LastUpdate in the file; the portal date was not provided).",CLEAR,C-4 C20 C38,https://www2.cslb.ca.gov/OnlineServices/CheckLicenseII/CheckLicense.aspx,plan_found,5500-SF,951551622-001,"THERMALAIR, INC. 401(K) PROFIT SHARING PLAN",2025-01-01,2025-12-31,2026-07-16,21,2E2F2G2J2K2T3D3H,951551622,20260716113659NAL0004285729001,high,"Sponsor ""THERMALAIR, INC."" (1140 N RED GUM ST, ANAHEIM CA 928062516); name E, address street. Active participants are the plan-year-end count on this filing, not company headcount.",1,,DOL-5500SF-2025,https://www.askebsa.dol.gov/FOIA%20Files/2025/Latest/F_5500_SF_2025_Latest.zip,https://data.sba.gov/dataset/ppp-foia,ready,verified CSLB license #102216 issued 1948-04-12 (78.5 years before 2026-10-06),,,review,partial_or_failed,partial,unknown,,,unknown,,,unknown,,,unknown,,,,,verified,,ev-20261006T031932Z,"reviews: reported 9, fetched 6, unique 6 (gap 3)"
biz-152,TOM BRENNAN PLUMBING INC,BRENNAN TOM PLUMBING INC (CSLB #465099),6771 WARNER AVE #3657,HUNTINGTON BEACH,CA,92647-9000,Orange,1,4047977804,first,4047977804,2020-05-27,150447.00,11,722145.60,,,,,,first_draw 4047977804: verified_standard_2.5x,CSLB License Master,465099,TOM BRENNAN PLUMBING INC,1984-11-01,"Original CSLB license issue date (IssueDate); a license date, not an SOS charter or business start date; license was reissued 2018-07-12",41.9,Y,2026-10-06,high,"Name: exact match, on CSLB FullBusinessName ""TOM BRENNAN PLUMBING INC"". Address: same street address (SBA loan: 6771 WARNER AVE #3657, HUNTINGTON BEACH 92647-9000; CSLB mailing: 6771 WARNER AVE #3657, HUNTINGTON BEACH CA 92647). CSLB IssueDate 1984-11-01 (license reissued 2018-07-12). CSLB master: Updated as of 10/4/2026 (latest LastUpdate in the file; the portal date was not provided).",CLEAR,C36,https://www2.cslb.ca.gov/OnlineServices/CheckLicenseII/CheckLicense.aspx,unknown_no_filing_found,,,,,,,,,,,,"No retirement-plan filing found with name and address (or EIN) agreement in the 2025, 2024 or 2023 files. Unknown, not a negative.",,,DOL-5500 / DOL-5500SF,,https://data.sba.gov/dataset/ppp-foia,ready,verified CSLB license #465099 issued 1984-11-01 (41.9 years before 2026-10-06),,,ready,,,,,,,,,,,,,,,,,,,,
biz-153,"TRILOGY PLUMBING, INC.",,1525 S. Sinclair Street,Anaheim,CA,92806,Orange,1,5806887307,first,5806887307,2020-04-30,858037.00,109,4118577.60,,,,,,first_draw 5806887307: verified_standard_2.5x,CSLB License Master,,,,unknown: no verified registration or license date,,unknown,2026-10-06,none,,,,,unknown_no_filing_found,,,,,,,,,,,,"No retirement-plan filing found with name and address (or EIN) agreement in the 2025, 2024 or 2023 files. Unknown, not a negative.",,,DOL-5500 / DOL-5500SF,,https://data.sba.gov/dataset/ppp-foia,review,no CSLB license found with name and address agreement,,,ready,,,,,,,,,,,,,,,,,,,,
biz-154,"TRITON AIR, INC.",,1221 PUERTA DEL SOL STE 300,SAN CLEMENTE,CA,92673-6318,Orange,1,9160597105,first,9160597105,2020-04-15,599170.00,36,2876016.00,,,,,,first_draw 9160597105: verified_standard_2.5x,CSLB License Master,774877,TRITON AIR INC,2000-02-11,"Original CSLB license issue date (IssueDate); a license date, not an SOS charter or business start date; license was reissued 2004-06-14",26.7,N,2026-10-06,high,"Name: exact match, on CSLB BusinessName ""TRITON AIR INC"". Address: same street address (SBA loan: 1221 PUERTA DEL SOL STE 300, SAN CLEMENTE 92673-6318; CSLB mailing: 1221 PUERTA DEL SOL STE 300, SAN CLEMENTE CA 92673). CSLB IssueDate 2000-02-11 (license reissued 2004-06-14). CSLB master: Updated as of 10/4/2026 (latest LastUpdate in the file; the portal date was not provided).",CLEAR,C20 C36,https://www2.cslb.ca.gov/OnlineServices/CheckLicenseII/CheckLicense.aspx,unknown_no_filing_found,,,,,,,,,,,,"No retirement-plan filing found with name and address (or EIN) agreement in the 2025, 2024 or 2023 files. Unknown, not a negative.",,,DOL-5500 / DOL-5500SF,,https://data.sba.gov/dataset/ppp-foia,closed,"clear exclusion by the 30-year rule: verified CSLB license #774877 was issued 2000-02-11. The business could be older than this license (for example a successor entity), which this data cannot show.",,,ready,,,,,,,,,,,,,,,,,,,,
biz-155,"TRUE AIR MECHANICAL, INC.",,4 FARADAY,IRVINE,CA,92618-2714,Orange,1,8458667002,first,8458667002,2020-04-08,2065690.00,200,9915312.00,,,,,,first_draw 8458667002: verified_standard_2.5x,CSLB License Master,,,,unknown: no verified registration or license date,,unknown,2026-10-06,none,,,,,plan_found,5500,273944870-001,TRUE AIR 401(K) PLAN,2023-01-01,2023-12-31,2024-10-02,258,2E2J2K2F2G3D2T,273944870,20241002083908NAL0008531153001,high,"Sponsor ""TRUE AIR MECHANICAL, INC."" (4 FARADAY, IRVINE CA 92618); name E, address street. Active participants are the plan-year-end count on this filing, not company headcount.",1,,DOL-5500-2023,https://www.askebsa.dol.gov/FOIA%20Files/2023/Latest/F_5500_2023_Latest.zip,https://data.sba.gov/dataset/ppp-foia,review,no CSLB license found with name and address agreement,,,ready,,,,,,,,,,,,,,,,,,,,
biz-156,UPPER V INC.,SUNDANCE PLUMBING CO (CSLB #777524),1830 E MIRALOMA AVE STE A,PLACENTIA,CA,92870-6744,Orange,2,7133007207;5776218506,second;first,7133007207,2020-04-28,259185.00,26,1244088.00,5776218506,2021-03-01,266940.00,26,1281312.00,first_draw 7133007207: verified_standard_2.5x | second_draw 5776218506: verified_standard_2.5x,CSLB License Master,777524,SUNDANCE PLUMBING CO,2000-04-17,"Original CSLB license issue date (IssueDate); a license date, not an SOS charter or business start date",26.5,N,2026-10-06,high,"Name: exact match, on CSLB BUS-NAME-2 ""UPPER V INC"". Address: same street address (SBA loan: 1830 E MIRALOMA AVE STE A, PLACENTIA 92870-6744; CSLB mailing: 1830 E MIRALOMA AVENUE STE A, PLACENTIA CA 92870). CSLB lists two names: ""SUNDANCE PLUMBING CO"" and ""UPPER V INC"". CSLB IssueDate 2000-04-17. CSLB master: Updated as of 10/4/2026 (latest LastUpdate in the file; the portal date was not provided).",CLEAR,C36,https://www2.cslb.ca.gov/OnlineServices/CheckLicenseII/CheckLicense.aspx,plan_found,5500-SF,330859168-001,"UPPER V, INC. 401K PROFIT SHARING PLAN AND TRUST",2025-01-01,2025-12-31,2026-09-08,7,2E2F2G2J2K2T3D,330859168,20260908152056NAL0005154722001,high,"Sponsor ""UPPER V, INC."" (1830 E MIRALOMA AVE, PLACENTIA CA 92870); name E, address street. Active participants are the plan-year-end count on this filing, not company headcount.",1,,DOL-5500SF-2025,https://www.askebsa.dol.gov/FOIA%20Files/2025/Latest/F_5500_SF_2025_Latest.zip,https://data.sba.gov/dataset/ppp-foia,closed,"clear exclusion by the 30-year rule: verified CSLB license #777524 was issued 2000-04-17. The business could be older than this license (for example a successor entity), which this data cannot show.",,,ready,,,,,,,,,,,,,,,,,,,,
biz-157,"VERNE'S PLUMBING, INC.",,8561 Whitaker Street,BUENA PARK,CA,90621,Orange,1,2676537206,first,2676537206,2020-04-16,1024700.00,43,4918560.00,,,,,,first_draw 2676537206: verified_standard_2.5x,CSLB License Master,674077,VERNE'S PLUMBING INC,1993-07-08,"Original CSLB license issue date (IssueDate); a license date, not an SOS charter or business start date",33.2,Y,2026-10-06,high,"Name: exact match, on CSLB BusinessName ""VERNE'S PLUMBING INC"". Address: same street address (SBA loan: 8561 Whitaker Street, BUENA PARK 90621; CSLB mailing: 8561 WHITAKER STREET, BUENA PARK CA 90621). CSLB IssueDate 1993-07-08. CSLB master: Updated as of 10/4/2026 (latest LastUpdate in the file; the portal date was not provided).",CLEAR,B C34 C36,https://www2.cslb.ca.gov/OnlineServices/CheckLicenseII/CheckLicense.aspx,unknown_no_filing_found,,,,,,,,,,,,"No retirement-plan filing found with name and address (or EIN) agreement in the 2025, 2024 or 2023 files. Unknown, not a negative.",,,DOL-5500 / DOL-5500SF,,https://data.sba.gov/dataset/ppp-foia,ready,verified CSLB license #674077 issued 1993-07-08 (33.2 years before 2026-10-06),,,ready,,,,,,,,,,,,,,,,,,,,
biz-158,WALLACE P. JOHNSON PLUMBING & HEATING INC,,1230 N. Jefferson Unit G.,ANAHEIM,CA,92807-1631,Orange,1,9014107209,first,9014107209,2020-04-28,781500.00,63,3751200.00,,,,,,first_draw 9014107209: verified_standard_2.5x,CSLB License Master,,,,unknown: no verified registration or license date,,unknown,2026-10-06,none,,,,,candidate_needs_review,,,,,,,,,,,low,"2 unverified DOL candidate(s); best: sponsor ""WALLACE P. JOHNSON PLUMBING"", EIN 952394043, name T, address zip. Not counted as a match.",,,DOL-5500 / DOL-5500SF,,https://data.sba.gov/dataset/ppp-foia,review,no CSLB license found with name and address agreement,,,ready,,,,,,,,,,,,,,,,,,,,
biz-159,WATER HEATER MAN INC.,,1361 N Hundley St,Anaheim,CA,92806-1301,Orange,1,7281168305,second,,,,,,7281168305,2021-01-28,294847.00,25,1415265.60,second_draw 7281168305: verified_standard_2.5x,CSLB License Master,,,,unknown: no verified registration or license date,,unknown,2026-10-06,none,,,,,plan_found,5500-SF,953306646-001,"WATER HEATER MAN, INC.",2024-01-01,2024-12-31,2025-10-10,27,2E2F2G2J2K3D2A,953306646,20251010090548NAL0004086979001,high,"Sponsor ""WATER HEATER MAN, INC."" (1361 N. HUNDLEY ST., ANAHEIM CA 92806); name E, address street. Active participants are the plan-year-end count on this filing, not company headcount.",1,,DOL-5500SF-2024,https://www.askebsa.dol.gov/FOIA%20Files/2024/Latest/F_5500_SF_2024_Latest.zip,https://data.sba.gov/dataset/ppp-foia,review,no CSLB license found with name and address agreement; same legal name appears at another address (possible duplicate business),,,ready,,,,,,,,,,,,,,,,,,,,
biz-160,"WATER HEATER MAN, INC.",,570 W Freedom Avenue,Orange,CA,92865,Orange,1,9165047005,first,9165047005,2020-04-09,282700.00,25,1356960.00,,,,,,first_draw 9165047005: verified_standard_2.5x,CSLB License Master,,,,unknown: no verified registration or license date,,unknown,2026-10-06,none,,,,,unknown_no_filing_found,,,,,,,,,,,,"No retirement-plan filing found with name and address (or EIN) agreement in the 2025, 2024 or 2023 files. Unknown, not a negative. 2 same-name filing(s) with no address agreement were not counted (0 out of state); see scout/state/dol-name-only-hits.csv.",,,DOL-5500 / DOL-5500SF,,https://data.sba.gov/dataset/ppp-foia,review,no CSLB license found with name and address agreement; same legal name appears at another address (possible duplicate business),,,ready,,,,,,,,,,,,,,,,,,,,
biz-161,WATER TECHNIQUES,,2915 DAIMLER ST,SANTA ANA,CA,92705-5810,Orange,1,5533927005,first,5533927005,2020-04-05,332500.00,23,1596000.00,,,,,,first_draw 5533927005: verified_standard_2.5x,CSLB License Master,777759,WATER TECHNIQUES,2000-04-21,"Original CSLB license issue date (IssueDate); a license date, not an SOS charter or business start date",26.5,N,2026-10-06,high,"Name: exact match, on CSLB BusinessName ""WATER TECHNIQUES"". Address: same street address (SBA loan: 2915 DAIMLER ST, SANTA ANA 92705-5810; CSLB mailing: 2915 DAIMLER ST, SANTA ANA CA 92705). CSLB IssueDate 2000-04-21. CSLB master: Updated as of 10/4/2026 (latest LastUpdate in the file; the portal date was not provided).",CLEAR,C55,https://www2.cslb.ca.gov/OnlineServices/CheckLicenseII/CheckLicense.aspx,plan_found,5500-SF,954787285-001,WATER TECHNIQUES 401K PROFIT,2023-01-01,2023-10-31,2025-10-03,0,2E2F2G2J2S2T3D,954787285,20251003085208NAL0001173553001,high,"Sponsor ""WATER TECHNIQUES"" (2915 DAIMLER STREET, SANTA ANA CA 92705); name E, address street. Active participants are the plan-year-end count on this filing, not company headcount.",1,,DOL-5500SF-2023,https://www.askebsa.dol.gov/FOIA%20Files/2023/Latest/F_5500_SF_2023_Latest.zip,https://data.sba.gov/dataset/ppp-foia,closed,"clear exclusion by the 30-year rule: verified CSLB license #777759 was issued 2000-04-21. The business could be older than this license (for example a successor entity), which this data cannot show.",,,ready,,,,,,,,,,,,,,,,,,,,
biz-162,"WESTAR PLUMBING COMPANY, INC.",,17065 Palmdale Ln,HUNTINGTON BEACH,CA,92647,Orange,1,6798507106,first,6798507106,2020-04-14,458700.00,30,2201760.00,,,,,,first_draw 6798507106: verified_standard_2.5x,CSLB License Master,732089,WESTAR PLUMBING COMPANY INC,1997-02-03,"Original CSLB license issue date (IssueDate); a license date, not an SOS charter or business start date",29.7,N,2026-10-06,high,"Name: exact match, on CSLB BusinessName ""WESTAR PLUMBING COMPANY INC"". Address: same house number and street name (SBA loan: 17065 Palmdale Ln, HUNTINGTON BEACH 92647; CSLB mailing: 17065 PALMDALE ST, HUNTINGTON BEACH CA 92649). CSLB IssueDate 1997-02-03. CSLB master: Updated as of 10/4/2026 (latest LastUpdate in the file; the portal date was not provided).",CLEAR,C36,https://www2.cslb.ca.gov/OnlineServices/CheckLicenseII/CheckLicense.aspx,plan_found,5500-SF,330731769-001,WESTAR PLUMBING 401(K) PROFIT SHARING PLAN,2025-01-01,2025-12-31,2026-07-15,16,2E2J2K2F2G3D,330731769,20260715161126NAL0002412403001,high,"Sponsor ""WESTAR PLUMBING COMPANY INC."" (17065 PALMDALE STREET, HUNTINGTON BEACH CA 92647); name E, address street. Active participants are the plan-year-end count on this filing, not company headcount.",1,,DOL-5500SF-2025,https://www.askebsa.dol.gov/FOIA%20Files/2025/Latest/F_5500_SF_2025_Latest.zip,https://data.sba.gov/dataset/ppp-foia,closed,"clear exclusion by the 30-year rule: verified CSLB license #732089 was issued 1997-02-03. The business could be older than this license (for example a successor entity), which this data cannot show.",,,ready,,,,,,,,,,,,,,,,,,,,
biz-163,WHITE MECHANICAL INC,,27221 BURBANK,FOOTHILL RANCH,CA,92610-2500,Orange,1,7330657006,first,7330657006,2020-04-07,902400.00,64,4331520.00,,,,,,first_draw 7330657006: verified_standard_2.5x,CSLB License Master,822474,WHITE MECHANICAL INC,2003-08-06,"Original CSLB license issue date (IssueDate); a license date, not an SOS charter or business start date",23.2,N,2026-10-06,high,"Name: exact match, on CSLB BusinessName ""WHITE MECHANICAL INC"". Address: same street address (SBA loan: 27221 BURBANK, FOOTHILL RANCH 92610-2500; CSLB mailing: 27221 BURBANK, FOOTHILL RANCH CA 92610). CSLB IssueDate 2003-08-06. CSLB master: Updated as of 10/4/2026 (latest LastUpdate in the file; the portal date was not provided).",CLEAR,C20 C38,https://www2.cslb.ca.gov/OnlineServices/CheckLicenseII/CheckLicense.aspx,plan_found,5500-SF,134219191-001,WHITE MECHANICAL 401(K) PROFIT SHARING PLAN,2025-01-01,2025-12-31,2026-05-21,35,2A2E2F2G2J2K2T3D,134219191,20260521161651NAL0005381170001,high,"Sponsor ""WHITE MECHANICAL, INC."" (27221 BURBANK, FOOTHILL RANCH CA 92610); name E, address street. Active participants are the plan-year-end count on this filing, not company headcount.",1,,DOL-5500SF-2025,https://www.askebsa.dol.gov/FOIA%20Files/2025/Latest/F_5500_SF_2025_Latest.zip,https://data.sba.gov/dataset/ppp-foia,closed,"clear exclusion by the 30-year rule: verified CSLB license #822474 was issued 2003-08-06. The business could be older than this license (for example a successor entity), which this data cannot show.",,,ready,,,,,,,,,,,,,,,,,,,,
biz-164,XL FIRE PROTECTION CO-ESOP,,3022 N Hesperian St 3022 N Hesperian Street,Santa Ana,CA,92706-1151,Orange,1,7148818605,second,,,,,,7148818605,2021-03-23,242500.00,42,1164000.00,second_draw 7148818605: verified_standard_2.5x,CSLB License Master,,,,unknown: no verified registration or license date,,unknown,2026-10-06,none,,,,,unknown_no_filing_found,,,,,,,,,,,,"No retirement-plan filing found with name and address (or EIN) agreement in the 2025, 2024 or 2023 files. Unknown, not a negative.",,,DOL-5500 / DOL-5500SF,,https://data.sba.gov/dataset/ppp-foia,review,no CSLB license found with name and address agreement,,,ready,,,,,,,,,,,,,,,,,,,,
biz-165,XTREME PLUMBERS INC,,10611 CALLE LEE STE 119,LOS ALAMITOS,CA,90720-6792,Orange,1,6407997705,first,6407997705,2020-05-01,202458.00,14,unknown,,,,,,first_draw 6407997705: unknown: amount_changed_after_approval,CSLB License Master,,,,unknown: no verified registration or license date,,unknown,2026-10-06,none,,,,,candidate_needs_review,,,,,,,,,,,medium,"6 unverified DOL candidate(s); best: sponsor ""XTREME PLUMBERS"", EIN 813370730, name C, address street. Not counted as a match.",,,DOL-5500 / DOL-5500SF,,https://data.sba.gov/dataset/ppp-foia,review,no CSLB license found with name and address agreement,,,ready,,,,,,,,,,,,,,,,,,,,
biz-166,"ZARETSKY ENGINEERING SOLUTIONS, INC.",,16520 HARBOR BLVD STE F,FOUNTAIN VALLEY,CA,92708-1353,Orange,1,3661327106,first,3661327106,2020-04-11,470000.00,28,2256000.00,,,,,,first_draw 3661327106: verified_standard_2.5x,CSLB License Master,,,,unknown: no verified registration or license date,,unknown,2026-10-06,none,,,,,plan_found,5500,461936694-001,"ZARETSKY ENGINEERING SOLUTIONS, INC. 401(K) PLAN",2025-01-01,2025-07-29,2026-05-06,0,2F2G2J2K2T2E3D,461936694,20260506143209NAL0001573267001,high,"Sponsor ""ZARETSKY ENGINEERING SOLUTIONS, INC."" (16520 HARBOR BLVD. SUITE F, FOUNTAIN VALLEY CA 92708); name E, address street. Active participants are the plan-year-end count on this filing, not company headcount.",1,,DOL-5500-2025,https://www.askebsa.dol.gov/FOIA%20Files/2025/Latest/F_5500_2025_Latest.zip,https://data.sba.gov/dataset/ppp-foia,review,no CSLB license found with name and address agreement,,,ready,,,,,,,,,,,,,,,,,,,,
